Student_ID,First_Name,Last_Name,Email,Gender,Age
S1000,Omar,Williams,student0@university.com,Female,22
S1001,Maria,Brown,student1@university.com,Male,18
S1002,Ahmed,Jones,student2@university.com,Male,24
S1003,Omar,Williams,student3@university.com,Female,24
S1004,John,Smith,student4@university.com,Female,23
S1005,Liam,Brown,student5@university.com,Male,21
S1006,Ahmed,Jones,student6@university.com,Male,24
S1007,Ahmed,Smith,student7@university.com,Male,19
S1008,Omar,Smith,student8@university.com,Female,21
S1009,Sara,Smith,student9@university.com,Female,22
S1010,John,Smith,student10@university.com,Female,23
S1011,Omar,Williams,student11@university.com,Female,20
S1012,John,Davis,student12@university.com,Male,21
S1013,John,Williams,student13@university.com,Male,18
S1014,Liam,Williams,student14@university.com,Male,19
S1015,Ahmed,Jones,student15@university.com,Male,18
S1016,Maria,Jones,student16@university.com,Female,21
S1017,Liam,Davis,student17@university.com,Female,23
S1018,Liam,Jones,student18@university.com,Male,20
S1019,John,Johnson,student19@university.com,Male,20
S1020,Emma,Davis,student20@university.com,Male,18
S1021,Ahmed,Jones,student21@university.com,Male,22
S1022,Sara,Davis,student22@university.com,Male,22
S1023,Liam,Williams,student23@university.com,Female,23
S1024,Maria,Williams,student24@university.com,Female,20
S1025,Emma,Davis,student25@university.com,Male,18
S1026,Emma,Johnson,student26@university.com,Male,18
S1027,Sara,Johnson,student27@university.com,Male,18
S1028,Liam,Davis,student28@university.com,Female,21
S1029,Maria,Jones,student29@university.com,Female,23
S1030,Ahmed,Brown,student30@university.com,Female,22
S1031,Ali,Johnson,student31@university.com,Male,22
S1032,Maria,Smith,student32@university.com,Female,21
S1033,Sara,Williams,student33@university.com,Male,19
S1034,Emma,Davis,student34@university.com,Female,21
S1035,Ahmed,Smith,student35@university.com,Female,23
S1036,Maria,Davis,student36@university.com,Female,18
S1037,Ali,Williams,student37@university.com,Male,21
S1038,Ali,Williams,student38@university.com,Male,18
S1039,John,Johnson,student39@university.com,Female,23
S1040,John,Johnson,student40@university.com,Male,24
S1041,Omar,Smith,student41@university.com,Male,23
S1042,Sara,Davis,student42@university.com,Male,20
S1043,Liam,Williams,student43@university.com,Male,18
S1044,Maria,Smith,student44@university.com,Male,22
S1045,Maria,Brown,student45@university.com,Male,21
S1046,Liam,Smith,student46@university.com,Male,24
S1047,Omar,Jones,student47@university.com,Female,23
S1048,Emma,Smith,student48@university.com,Male,18
S1049,Emma,Jones,student49@university.com,Male,24
S1050,Omar,Jones,student50@university.com,Female,19
S1051,Emma,Jones,student51@university.com,Female,20
S1052,John,Brown,student52@university.com,Female,19
S1053,Maria,Smith,student53@university.com,Female,23
S1054,Omar,Smith,student54@university.com,Male,19
S1055,Maria,Brown,student55@university.com,Female,19
S1056,Liam,Williams,student56@university.com,Female,20
S1057,Ali,Johnson,student57@university.com,Male,20
S1058,John,Smith,student58@university.com,Male,20
S1059,Ahmed,Johnson,student59@university.com,Male,24
S1060,John,Davis,student60@university.com,Female,20
S1061,Omar,Davis,student61@university.com,Male,19
S1062,Ahmed,Brown,student62@university.com,Female,22
S1063,Ali,Davis,student63@university.com,Male,22
S1064,Omar,Davis,student64@university.com,Male,20
S1065,Sara,Williams,student65@university.com,Female,24
S1066,Maria,Williams,student66@university.com,Male,21
S1067,Ali,Williams,student67@university.com,Male,18
S1068,Maria,Davis,student68@university.com,Male,23
S1069,Emma,Brown,student69@university.com,Male,24
S1070,Sara,Jones,student70@university.com,Male,21
S1071,Sara,Jones,student71@university.com,Female,23
S1072,Ali,Johnson,student72@university.com,Female,21
S1073,Sara,Jones,student73@university.com,Male,21
S1074,Ahmed,Jones,student74@university.com,Female,22
S1075,Sara,Williams,student75@university.com,Female,18
S1076,Maria,Williams,student76@university.com,Female,21
S1077,Maria,Davis,student77@university.com,Male,20
S1078,Omar,Johnson,student78@university.com,Male,23
S1079,Maria,Smith,student79@university.com,Male,24
S1080,Omar,Johnson,student80@university.com,Female,22
S1081,Maria,Johnson,student81@university.com,Female,23
S1082,Ahmed,Brown,student82@university.com,Male,20
S1083,Liam,Davis,student83@university.com,Male,20
S1084,Omar,Brown,student84@university.com,Female,21
S1085,John,Johnson,student85@university.com,Female,20
S1086,Emma,Johnson,student86@university.com,Male,18
S1087,Ali,Johnson,student87@university.com,Female,20
S1088,Maria,Jones,student88@university.com,Female,21
S1089,Sara,Brown,student89@university.com,Female,23
S1090,Liam,Johnson,student90@university.com,Female,20
S1091,Maria,Williams,student91@university.com,Female,22
S1092,Sara,Davis,student92@university.com,Female,24
S1093,Emma,Davis,student93@university.com,Female,22
S1094,Emma,Williams,student94@university.com,Male,22
S1095,Emma,Davis,student95@university.com,Male,23
S1096,Sara,Jones,student96@university.com,Female,19
S1097,Maria,Jones,student97@university.com,Female,24
S1098,Emma,Smith,student98@university.com,Female,22
S1099,Ahmed,Smith,student99@university.com,Male,22
S1100,Omar,Smith,student100@university.com,Male,19
S1101,Sara,Davis,student101@university.com,Female,23
S1102,Sara,Jones,student102@university.com,Male,24
S1103,Maria,Jones,student103@university.com,Female,22
S1104,Sara,Jones,student104@university.com,Female,21
S1105,Sara,Williams,student105@university.com,Female,23
S1106,Emma,Jones,student106@university.com,Female,24
S1107,Maria,Williams,student107@university.com,Female,22
S1108,Emma,Smith,student108@university.com,Female,22
S1109,Omar,Smith,student109@university.com,Female,19
S1110,Liam,Davis,student110@university.com,Male,24
S1111,Omar,Smith,student111@university.com,Female,21
S1112,Liam,Davis,student112@university.com,Male,23
S1113,Emma,Johnson,student113@university.com,Female,20
S1114,Omar,Johnson,student114@university.com,Female,18
S1115,Maria,Brown,student115@university.com,Male,21
S1116,Ali,Davis,student116@university.com,Male,20
S1117,Emma,Brown,student117@university.com,Female,21
S1118,Liam,Brown,student118@university.com,Male,24
S1119,Ahmed,Johnson,student119@university.com,Female,20
S1120,Liam,Davis,student120@university.com,Female,24
S1121,Ahmed,Johnson,student121@university.com,Male,20
S1122,Sara,Brown,student122@university.com,Male,21
S1123,Omar,Davis,student123@university.com,Male,19
S1124,Ahmed,Brown,student124@university.com,Male,21
S1125,Liam,Jones,student125@university.com,Female,24
S1126,Sara,Davis,student126@university.com,Male,21
S1127,Ali,Davis,student127@university.com,Male,20
S1128,Maria,Brown,student128@university.com,Male,18
S1129,Maria,Jones,student129@university.com,Male,20
S1130,Maria,Williams,student130@university.com,Male,22
S1131,Ahmed,Johnson,student131@university.com,Female,21
S1132,Ali,Brown,student132@university.com,Female,23
S1133,Ahmed,Davis,student133@university.com,Male,21
S1134,Omar,Johnson,student134@university.com,Male,19
S1135,Ahmed,Johnson,student135@university.com,Female,24
S1136,Ali,Johnson,student136@university.com,Male,23
S1137,Ali,Williams,student137@university.com,Female,20
S1138,Omar,Smith,student138@university.com,Female,19
S1139,Ali,Brown,student139@university.com,Male,21
S1140,Liam,Smith,student140@university.com,Female,20
S1141,Ali,Smith,student141@university.com,Male,20
S1142,Maria,Smith,student142@university.com,Male,22
S1143,Liam,Johnson,student143@university.com,Female,22
S1144,Liam,Jones,student144@university.com,Female,18
S1145,Omar,Johnson,student145@university.com,Male,22
S1146,John,Johnson,student146@university.com,Female,24
S1147,John,Davis,student147@university.com,Male,23
S1148,Ali,Davis,student148@university.com,Female,20
S1149,Liam,Smith,student149@university.com,Female,22
S1150,John,Johnson,student150@university.com,Male,18
S1151,John,Smith,student151@university.com,Male,21
S1152,Ali,Davis,student152@university.com,Male,23
S1153,John,Jones,student153@university.com,Female,22
S1154,Ahmed,Brown,student154@university.com,Male,20
S1155,Sara,Smith,student155@university.com,Male,21
S1156,Omar,Jones,student156@university.com,Female,24
S1157,Sara,Brown,student157@university.com,Female,20
S1158,Ali,Williams,student158@university.com,Male,21
S1159,Maria,Smith,student159@university.com,Male,24
S1160,Omar,Smith,student160@university.com,Male,24
S1161,Ali,Williams,student161@university.com,Male,23
S1162,Liam,Williams,student162@university.com,Female,20
S1163,Maria,Smith,student163@university.com,Female,22
S1164,Sara,Williams,student164@university.com,Male,22
S1165,Ali,Johnson,student165@university.com,Male,18
S1166,Liam,Brown,student166@university.com,Male,21
S1167,Omar,Brown,student167@university.com,Female,18
S1168,Omar,Brown,student168@university.com,Male,19
S1169,Emma,Johnson,student169@university.com,Male,22
S1170,Liam,Williams,student170@university.com,Female,21
S1171,Ahmed,Jones,student171@university.com,Female,23
S1172,John,Williams,student172@university.com,Male,18
S1173,Maria,Smith,student173@university.com,Male,23
S1174,Liam,Davis,student174@university.com,Female,23
S1175,Emma,Brown,student175@university.com,Male,23
S1176,John,Williams,student176@university.com,Male,18
S1177,John,Jones,student177@university.com,Female,19
S1178,Ali,Smith,student178@university.com,Female,24
S1179,John,Johnson,student179@university.com,Female,24
S1180,Ahmed,Johnson,student180@university.com,Male,18
S1181,Omar,Jones,student181@university.com,Female,24
S1182,Emma,Smith,student182@university.com,Female,20
S1183,John,Brown,student183@university.com,Male,24
S1184,Ali,Williams,student184@university.com,Male,22
S1185,Ahmed,Smith,student185@university.com,Female,18
S1186,Sara,Johnson,student186@university.com,Female,24
S1187,Omar,Jones,student187@university.com,Male,18
S1188,Omar,Jones,student188@university.com,Male,19
S1189,Emma,Williams,student189@university.com,Female,20
S1190,Omar,Jones,student190@university.com,Female,18
S1191,John,Jones,student191@university.com,Male,22
S1192,Ali,Smith,student192@university.com,Female,24
S1193,Omar,Brown,student193@university.com,Male,22
S1194,Omar,Williams,student194@university.com,Female,24
S1195,Sara,Smith,student195@university.com,Male,18
S1196,Sara,Brown,student196@university.com,Male,23
S1197,Maria,Smith,student197@university.com,Female,24
S1198,Ahmed,Davis,student198@university.com,Female,23
S1199,John,Smith,student199@university.com,Male,20
S1200,Omar,Jones,student200@university.com,Female,22
S1201,Liam,Brown,student201@university.com,Female,23
S1202,Omar,Williams,student202@university.com,Female,22
S1203,Ali,Williams,student203@university.com,Male,24
S1204,Maria,Brown,student204@university.com,Female,24
S1205,Ahmed,Jones,student205@university.com,Female,20
S1206,Liam,Johnson,student206@university.com,Male,24
S1207,Maria,Smith,student207@university.com,Female,20
S1208,Emma,Jones,student208@university.com,Female,23
S1209,Ahmed,Davis,student209@university.com,Male,24
S1210,Omar,Brown,student210@university.com,Male,18
S1211,Omar,Smith,student211@university.com,Female,21
S1212,Ahmed,Williams,student212@university.com,Female,19
S1213,Omar,Johnson,student213@university.com,Male,21
S1214,John,Davis,student214@university.com,Male,21
S1215,Ahmed,Williams,student215@university.com,Female,22
S1216,Maria,Brown,student216@university.com,Female,20
S1217,Ahmed,Smith,student217@university.com,Female,22
S1218,Liam,Brown,student218@university.com,Male,23
S1219,Omar,Smith,student219@university.com,Female,19
S1220,John,Jones,student220@university.com,Male,23
S1221,John,Johnson,student221@university.com,Male,18
S1222,Emma,Jones,student222@university.com,Male,19
S1223,Maria,Jones,student223@university.com,Female,22
S1224,Sara,Brown,student224@university.com,Female,24
S1225,Sara,Johnson,student225@university.com,Female,24
S1226,Ahmed,Smith,student226@university.com,Male,22
S1227,Emma,Smith,student227@university.com,Female,23
S1228,Ali,Davis,student228@university.com,Male,22
S1229,Ahmed,Williams,student229@university.com,Male,22
S1230,Emma,Davis,student230@university.com,Male,21
S1231,Maria,Davis,student231@university.com,Male,18
S1232,Maria,Smith,student232@university.com,Male,24
S1233,Maria,Brown,student233@university.com,Male,21
S1234,Maria,Jones,student234@university.com,Female,22
S1235,Maria,Jones,student235@university.com,Male,20
S1236,Emma,Jones,student236@university.com,Female,21
S1237,Emma,Johnson,student237@university.com,Male,22
S1238,John,Smith,student238@university.com,Female,24
S1239,Liam,Brown,student239@university.com,Female,22
S1240,Sara,Johnson,student240@university.com,Female,18
S1241,Omar,Williams,student241@university.com,Female,23
S1242,Maria,Brown,student242@university.com,Male,19
S1243,Ali,Davis,student243@university.com,Male,21
S1244,Omar,Brown,student244@university.com,Male,21
S1245,Emma,Brown,student245@university.com,Male,21
S1246,Ali,Jones,student246@university.com,Female,22
S1247,Ali,Brown,student247@university.com,Female,18
S1248,Ali,Davis,student248@university.com,Female,22
S1249,John,Davis,student249@university.com,Male,22
S1250,Emma,Smith,student250@university.com,Female,23
S1251,Ali,Brown,student251@university.com,Male,20
S1252,Maria,Jones,student252@university.com,Female,18
S1253,Ahmed,Brown,student253@university.com,Female,21
S1254,Ali,Williams,student254@university.com,Female,19
S1255,John,Williams,student255@university.com,Female,21
S1256,Omar,Jones,student256@university.com,Female,22
S1257,Emma,Smith,student257@university.com,Male,18
S1258,Liam,Smith,student258@university.com,Female,24
S1259,John,Davis,student259@university.com,Male,18
S1260,Ali,Davis,student260@university.com,Male,18
S1261,Emma,Johnson,student261@university.com,Male,20
S1262,Ahmed,Jones,student262@university.com,Male,21
S1263,Ali,Brown,student263@university.com,Male,20
S1264,John,Jones,student264@university.com,Male,24
S1265,Sara,Johnson,student265@university.com,Male,24
S1266,Maria,Davis,student266@university.com,Male,23
S1267,Liam,Jones,student267@university.com,Female,19
S1268,Omar,Jones,student268@university.com,Female,23
S1269,John,Davis,student269@university.com,Male,22
S1270,Emma,Johnson,student270@university.com,Male,20
S1271,Liam,Davis,student271@university.com,Male,20
S1272,Liam,Smith,student272@university.com,Female,23
S1273,Liam,Brown,student273@university.com,Female,22
S1274,Ali,Davis,student274@university.com,Male,18
S1275,Maria,Johnson,student275@university.com,Male,22
S1276,Ali,Williams,student276@university.com,Female,21
S1277,Emma,Smith,student277@university.com,Female,23
S1278,Ali,Williams,student278@university.com,Male,22
S1279,Sara,Davis,student279@university.com,Male,18
S1280,Maria,Smith,student280@university.com,Male,22
S1281,Maria,Brown,student281@university.com,Male,20
S1282,Emma,Davis,student282@university.com,Female,19
S1283,Omar,Brown,student283@university.com,Female,20
S1284,Sara,Jones,student284@university.com,Male,24
S1285,John,Williams,student285@university.com,Male,19
S1286,Ali,Smith,student286@university.com,Male,24
S1287,Ahmed,Brown,student287@university.com,Female,22
S1288,Ali,Johnson,student288@university.com,Male,21
S1289,Liam,Brown,student289@university.com,Male,22
S1290,Ali,Johnson,student290@university.com,Male,18
S1291,John,Davis,student291@university.com,Female,22
S1292,Ali,Smith,student292@university.com,Male,19
S1293,Sara,Brown,student293@university.com,Female,20
S1294,Sara,Brown,student294@university.com,Male,21
S1295,Maria,Smith,student295@university.com,Male,24
S1296,Emma,Brown,student296@university.com,Male,22
S1297,Omar,Johnson,student297@university.com,Female,22
S1298,Ahmed,Brown,student298@university.com,Male,20
S1299,Liam,Williams,student299@university.com,Male,21
S1300,Ali,Davis,student300@university.com,Female,23
S1301,Ali,Jones,student301@university.com,Female,24
S1302,John,Johnson,student302@university.com,Female,22
S1303,Emma,Williams,student303@university.com,Male,22
S1304,Sara,Davis,student304@university.com,Female,23
S1305,Ahmed,Smith,student305@university.com,Male,24
S1306,Maria,Johnson,student306@university.com,Female,19
S1307,Sara,Jones,student307@university.com,Female,19
S1308,Liam,Davis,student308@university.com,Female,18
S1309,Emma,Jones,student309@university.com,Male,20
S1310,Liam,Smith,student310@university.com,Male,21
S1311,Omar,Smith,student311@university.com,Male,22
S1312,Maria,Johnson,student312@university.com,Male,24
S1313,Omar,Brown,student313@university.com,Male,22
S1314,John,Smith,student314@university.com,Male,18
S1315,Liam,Davis,student315@university.com,Male,24
S1316,John,Brown,student316@university.com,Male,24
S1317,Ali,Williams,student317@university.com,Male,22
S1318,Omar,Jones,student318@university.com,Female,20
S1319,Emma,Brown,student319@university.com,Female,18
S1320,Liam,Jones,student320@university.com,Male,20
S1321,Ahmed,Brown,student321@university.com,Male,18
S1322,Maria,Williams,student322@university.com,Male,22
S1323,Sara,Smith,student323@university.com,Male,18
S1324,Emma,Williams,student324@university.com,Female,19
S1325,Emma,Smith,student325@university.com,Female,24
S1326,John,Smith,student326@university.com,Male,21
S1327,Omar,Jones,student327@university.com,Female,22
S1328,Liam,Davis,student328@university.com,Female,23
S1329,Liam,Williams,student329@university.com,Male,21
S1330,Ali,Brown,student330@university.com,Male,22
S1331,Ali,Williams,student331@university.com,Male,21
S1332,Maria,Jones,student332@university.com,Male,19
S1333,John,Smith,student333@university.com,Female,21
S1334,Emma,Jones,student334@university.com,Male,18
S1335,Liam,Johnson,student335@university.com,Female,21
S1336,Ahmed,Johnson,student336@university.com,Male,22
S1337,John,Brown,student337@university.com,Female,23
S1338,Maria,Jones,student338@university.com,Male,23
S1339,Maria,Brown,student339@university.com,Male,20
S1340,John,Brown,student340@university.com,Female,24
S1341,Maria,Johnson,student341@university.com,Female,21
S1342,John,Brown,student342@university.com,Female,23
S1343,Sara,Johnson,student343@university.com,Male,21
S1344,John,Smith,student344@university.com,Female,24
S1345,Omar,Jones,student345@university.com,Female,23
S1346,John,Brown,student346@university.com,Female,24
S1347,Maria,Johnson,student347@university.com,Female,21
S1348,Liam,Williams,student348@university.com,Female,22
S1349,Omar,Brown,student349@university.com,Female,21
S1350,Maria,Davis,student350@university.com,Female,24
S1351,Ali,Smith,student351@university.com,Female,22
S1352,Ali,Smith,student352@university.com,Female,22
S1353,Liam,Williams,student353@university.com,Male,20
S1354,Liam,Johnson,student354@university.com,Male,23
S1355,Omar,Brown,student355@university.com,Female,18
S1356,Sara,Johnson,student356@university.com,Male,22
S1357,Liam,Smith,student357@university.com,Male,24
S1358,Ali,Johnson,student358@university.com,Female,23
S1359,John,Smith,student359@university.com,Female,19
S1360,Maria,Johnson,student360@university.com,Female,21
S1361,Ali,Williams,student361@university.com,Female,24
S1362,Ali,Jones,student362@university.com,Female,19
S1363,Sara,Williams,student363@university.com,Female,24
S1364,Omar,Williams,student364@university.com,Male,21
S1365,Omar,Jones,student365@university.com,Female,20
S1366,Emma,Jones,student366@university.com,Male,24
S1367,Sara,Brown,student367@university.com,Female,22
S1368,John,Brown,student368@university.com,Female,18
S1369,Omar,Williams,student369@university.com,Male,22
S1370,Maria,Williams,student370@university.com,Female,21
S1371,Liam,Smith,student371@university.com,Female,24
S1372,Sara,Smith,student372@university.com,Male,18
S1373,Liam,Brown,student373@university.com,Female,22
S1374,Ali,Davis,student374@university.com,Male,18
S1375,Maria,Davis,student375@university.com,Female,21
S1376,Maria,Brown,student376@university.com,Female,20
S1377,Ali,Smith,student377@university.com,Male,20
S1378,Sara,Smith,student378@university.com,Female,24
S1379,Ali,Davis,student379@university.com,Male,22
S1380,Liam,Johnson,student380@university.com,Male,19
S1381,Emma,Johnson,student381@university.com,Male,21
S1382,Maria,Smith,student382@university.com,Female,22
S1383,Ahmed,Johnson,student383@university.com,Female,22
S1384,Ahmed,Jones,student384@university.com,Male,20
S1385,Liam,Brown,student385@university.com,Female,24
S1386,John,Brown,student386@university.com,Female,18
S1387,Omar,Smith,student387@university.com,Female,21
S1388,Ali,Williams,student388@university.com,Male,18
S1389,Ali,Davis,student389@university.com,Female,23
S1390,John,Smith,student390@university.com,Male,23
S1391,John,Johnson,student391@university.com,Female,21
S1392,Liam,Davis,student392@university.com,Female,24
S1393,Liam,Williams,student393@university.com,Male,19
S1394,John,Johnson,student394@university.com,Female,23
S1395,Maria,Jones,student395@university.com,Male,20
S1396,Liam,Johnson,student396@university.com,Female,19
S1397,Emma,Jones,student397@university.com,Male,22
S1398,Liam,Davis,student398@university.com,Female,23
S1399,Ali,Jones,student399@university.com,Female,20
S1400,Liam,Davis,student400@university.com,Female,22
S1401,Maria,Davis,student401@university.com,Male,19
S1402,John,Davis,student402@university.com,Male,21
S1403,Ali,Davis,student403@university.com,Male,22
S1404,Liam,Davis,student404@university.com,Female,18
S1405,Maria,Johnson,student405@university.com,Male,21
S1406,Emma,Davis,student406@university.com,Male,21
S1407,Liam,Johnson,student407@university.com,Male,19
S1408,Maria,Davis,student408@university.com,Male,19
S1409,Emma,Jones,student409@university.com,Male,20
S1410,John,Davis,student410@university.com,Male,20
S1411,Liam,Williams,student411@university.com,Male,18
S1412,Emma,Davis,student412@university.com,Male,21
S1413,Ali,Davis,student413@university.com,Male,24
S1414,John,Jones,student414@university.com,Male,18
S1415,Ali,Brown,student415@university.com,Female,18
S1416,Ahmed,Jones,student416@university.com,Female,24
S1417,Sara,Williams,student417@university.com,Male,24
S1418,Liam,Brown,student418@university.com,Female,24
S1419,Emma,Smith,student419@university.com,Female,19
S1420,Sara,Smith,student420@university.com,Male,18
S1421,Sara,Williams,student421@university.com,Male,18
S1422,Emma,Jones,student422@university.com,Male,22
S1423,John,Johnson,student423@university.com,Female,24
S1424,Liam,Williams,student424@university.com,Male,24
S1425,Ahmed,Brown,student425@university.com,Female,20
S1426,Ali,Brown,student426@university.com,Male,20
S1427,Maria,Davis,student427@university.com,Female,21
S1428,Ali,Smith,student428@university.com,Female,20
S1429,Maria,Brown,student429@university.com,Male,23
S1430,Ali,Williams,student430@university.com,Male,21
S1431,Emma,Brown,student431@university.com,Female,24
S1432,Ahmed,Williams,student432@university.com,Female,22
S1433,Liam,Johnson,student433@university.com,Male,20
S1434,Maria,Davis,student434@university.com,Male,22
S1435,Liam,Smith,student435@university.com,Female,20
S1436,Liam,Brown,student436@university.com,Male,20
S1437,Liam,Williams,student437@university.com,Female,22
S1438,Omar,Jones,student438@university.com,Male,18
S1439,John,Smith,student439@university.com,Male,18
S1440,Ali,Johnson,student440@university.com,Male,18
S1441,Liam,Williams,student441@university.com,Female,23
S1442,Ali,Davis,student442@university.com,Male,18
S1443,Liam,Davis,student443@university.com,Female,20
S1444,Maria,Johnson,student444@university.com,Male,24
S1445,John,Johnson,student445@university.com,Female,19
S1446,John,Davis,student446@university.com,Female,22
S1447,Emma,Brown,student447@university.com,Male,24
S1448,Omar,Brown,student448@university.com,Female,19
S1449,Emma,Williams,student449@university.com,Female,24
S1450,Emma,Jones,student450@university.com,Female,23
S1451,Emma,Williams,student451@university.com,Female,19
S1452,Emma,Jones,student452@university.com,Male,21
S1453,Emma,Johnson,student453@university.com,Male,18
S1454,Ahmed,Smith,student454@university.com,Male,23
S1455,John,Williams,student455@university.com,Female,24
S1456,Emma,Williams,student456@university.com,Female,20
S1457,Liam,Jones,student457@university.com,Male,18
S1458,John,Johnson,student458@university.com,Male,18
S1459,John,Johnson,student459@university.com,Female,19
S1460,Sara,Jones,student460@university.com,Male,21
S1461,Ahmed,Johnson,student461@university.com,Male,18
S1462,Emma,Davis,student462@university.com,Female,24
S1463,Ali,Brown,student463@university.com,Male,24
S1464,Maria,Davis,student464@university.com,Female,22
S1465,Omar,Smith,student465@university.com,Male,22
S1466,Liam,Williams,student466@university.com,Female,18
S1467,Ali,Smith,student467@university.com,Female,19
S1468,Ahmed,Williams,student468@university.com,Female,19
S1469,Maria,Brown,student469@university.com,Female,20
S1470,Ahmed,Johnson,student470@university.com,Female,23
S1471,Liam,Davis,student471@university.com,Male,23
S1472,John,Jones,student472@university.com,Male,23
S1473,Maria,Davis,student473@university.com,Male,21
S1474,John,Brown,student474@university.com,Female,19
S1475,Liam,Smith,student475@university.com,Male,20
S1476,Ali,Jones,student476@university.com,Female,22
S1477,Liam,Johnson,student477@university.com,Female,24
S1478,Ali,Brown,student478@university.com,Male,23
S1479,Maria,Jones,student479@university.com,Female,22
S1480,Maria,Brown,student480@university.com,Male,22
S1481,Emma,Brown,student481@university.com,Female,18
S1482,Ahmed,Johnson,student482@university.com,Female,21
S1483,Emma,Williams,student483@university.com,Male,20
S1484,Ahmed,Jones,student484@university.com,Female,21
S1485,Emma,Johnson,student485@university.com,Male,18
S1486,John,Brown,student486@university.com,Female,20
S1487,Maria,Johnson,student487@university.com,Male,20
S1488,Ali,Williams,student488@university.com,Female,19
S1489,Ahmed,Davis,student489@university.com,Male,21
S1490,Liam,Jones,student490@university.com,Male,21
S1491,Ahmed,Williams,student491@university.com,Female,19
S1492,Ali,Smith,student492@university.com,Male,22
S1493,Emma,Jones,student493@university.com,Female,18
S1494,Ahmed,Williams,student494@university.com,Female,21
S1495,Omar,Brown,student495@university.com,Male,19
S1496,John,Jones,student496@university.com,Male,24
S1497,Maria,Jones,student497@university.com,Male,20
S1498,Ali,Johnson,student498@university.com,Male,23
S1499,Maria,Brown,student499@university.com,Male,24
S1500,Omar,Smith,student500@university.com,Female,19
S1501,Ahmed,Davis,student501@university.com,Male,23
S1502,Ahmed,Williams,student502@university.com,Female,22
S1503,Liam,Johnson,student503@university.com,Male,18
S1504,Omar,Williams,student504@university.com,Male,23
S1505,Ali,Smith,student505@university.com,Male,22
S1506,Liam,Smith,student506@university.com,Female,23
S1507,John,Jones,student507@university.com,Male,20
S1508,Liam,Smith,student508@university.com,Female,20
S1509,Sara,Williams,student509@university.com,Female,20
S1510,Ali,Brown,student510@university.com,Female,20
S1511,Sara,Brown,student511@university.com,Male,19
S1512,Omar,Jones,student512@university.com,Female,20
S1513,Emma,Davis,student513@university.com,Male,24
S1514,Sara,Williams,student514@university.com,Female,20
S1515,John,Williams,student515@university.com,Male,24
S1516,Liam,Smith,student516@university.com,Female,19
S1517,Emma,Williams,student517@university.com,Male,20
S1518,Liam,Johnson,student518@university.com,Male,22
S1519,Sara,Davis,student519@university.com,Male,22
S1520,Liam,Smith,student520@university.com,Female,21
S1521,Omar,Johnson,student521@university.com,Female,22
S1522,Emma,Jones,student522@university.com,Male,18
S1523,Omar,Brown,student523@university.com,Female,18
S1524,Sara,Jones,student524@university.com,Female,18
S1525,Omar,Brown,student525@university.com,Female,19
S1526,John,Jones,student526@university.com,Female,22
S1527,Sara,Williams,student527@university.com,Female,24
S1528,Sara,Johnson,student528@university.com,Female,18
S1529,Sara,Brown,student529@university.com,Female,21
S1530,Ali,Smith,student530@university.com,Male,19
S1531,Liam,Johnson,student531@university.com,Male,21
S1532,Ali,Smith,student532@university.com,Female,22
S1533,Ali,Johnson,student533@university.com,Male,20
S1534,John,Johnson,student534@university.com,Male,21
S1535,Emma,Jones,student535@university.com,Male,20
S1536,Liam,Brown,student536@university.com,Female,19
S1537,Omar,Brown,student537@university.com,Female,21
S1538,Ahmed,Johnson,student538@university.com,Female,21
S1539,Sara,Williams,student539@university.com,Female,23
S1540,Omar,Williams,student540@university.com,Female,19
S1541,Sara,Smith,student541@university.com,Male,19
S1542,John,Smith,student542@university.com,Female,18
S1543,Sara,Jones,student543@university.com,Male,22
S1544,Ali,Johnson,student544@university.com,Female,21
S1545,Liam,Smith,student545@university.com,Male,21
S1546,Ahmed,Smith,student546@university.com,Female,24
S1547,Maria,Davis,student547@university.com,Female,19
S1548,Sara,Johnson,student548@university.com,Female,19
S1549,Omar,Jones,student549@university.com,Female,22
S1550,Ali,Smith,student550@university.com,Female,19
S1551,Maria,Jones,student551@university.com,Female,20
S1552,Ahmed,Brown,student552@university.com,Male,20
S1553,Maria,Jones,student553@university.com,Female,23
S1554,Ali,Williams,student554@university.com,Male,20
S1555,Liam,Williams,student555@university.com,Female,20
S1556,Liam,Jones,student556@university.com,Male,22
S1557,Emma,Williams,student557@university.com,Male,21
S1558,Liam,Brown,student558@university.com,Male,20
S1559,Emma,Johnson,student559@university.com,Male,23
S1560,Maria,Williams,student560@university.com,Male,19
S1561,John,Williams,student561@university.com,Male,20
S1562,Omar,Jones,student562@university.com,Female,23
S1563,Omar,Brown,student563@university.com,Male,22
S1564,Maria,Johnson,student564@university.com,Female,24
S1565,Sara,Jones,student565@university.com,Female,24
S1566,Sara,Jones,student566@university.com,Male,24
S1567,Liam,Davis,student567@university.com,Male,19
S1568,Omar,Brown,student568@university.com,Female,23
S1569,Omar,Johnson,student569@university.com,Male,20
S1570,Emma,Brown,student570@university.com,Male,21
S1571,John,Johnson,student571@university.com,Male,19
S1572,Ali,Brown,student572@university.com,Male,19
S1573,Sara,Jones,student573@university.com,Male,24
S1574,Omar,Jones,student574@university.com,Male,21
S1575,Emma,Smith,student575@university.com,Male,24
S1576,Ahmed,Williams,student576@university.com,Female,19
S1577,Emma,Davis,student577@university.com,Male,20
S1578,Sara,Brown,student578@university.com,Female,24
S1579,Sara,Davis,student579@university.com,Female,24
S1580,Emma,Smith,student580@university.com,Female,24
S1581,Ali,Williams,student581@university.com,Female,19
S1582,Maria,Brown,student582@university.com,Male,20
S1583,Sara,Johnson,student583@university.com,Female,21
S1584,Emma,Williams,student584@university.com,Female,18
S1585,Omar,Jones,student585@university.com,Female,21
S1586,Emma,Smith,student586@university.com,Female,20
S1587,John,Williams,student587@university.com,Female,22
S1588,Maria,Williams,student588@university.com,Male,24
S1589,Ahmed,Jones,student589@university.com,Male,21
S1590,Ali,Brown,student590@university.com,Female,22
S1591,Liam,Johnson,student591@university.com,Male,22
S1592,Ahmed,Jones,student592@university.com,Male,20
S1593,Maria,Johnson,student593@university.com,Female,20
S1594,Maria,Brown,student594@university.com,Female,24
S1595,Maria,Williams,student595@university.com,Female,18
S1596,Ahmed,Johnson,student596@university.com,Male,23
S1597,Omar,Smith,student597@university.com,Female,19
S1598,Maria,Smith,student598@university.com,Male,21
S1599,Emma,Jones,student599@university.com,Male,20
S1600,Ahmed,Brown,student600@university.com,Male,21
S1601,Liam,Jones,student601@university.com,Female,23
S1602,Maria,Jones,student602@university.com,Male,23
S1603,Emma,Davis,student603@university.com,Female,24
S1604,Omar,Jones,student604@university.com,Female,22
S1605,John,Davis,student605@university.com,Female,24
S1606,Omar,Smith,student606@university.com,Female,19
S1607,Liam,Smith,student607@university.com,Female,18
S1608,Maria,Jones,student608@university.com,Male,21
S1609,Liam,Smith,student609@university.com,Male,19
S1610,Ahmed,Brown,student610@university.com,Male,18
S1611,Sara,Davis,student611@university.com,Male,21
S1612,Maria,Davis,student612@university.com,Male,19
S1613,Sara,Jones,student613@university.com,Female,20
S1614,Emma,Smith,student614@university.com,Female,21
S1615,John,Johnson,student615@university.com,Male,19
S1616,Ali,Davis,student616@university.com,Male,23
S1617,Liam,Jones,student617@university.com,Male,18
S1618,Omar,Jones,student618@university.com,Female,19
S1619,John,Brown,student619@university.com,Female,20
S1620,Maria,Williams,student620@university.com,Female,24
S1621,Sara,Williams,student621@university.com,Male,21
S1622,Omar,Davis,student622@university.com,Male,21
S1623,Sara,Brown,student623@university.com,Male,21
S1624,Ahmed,Brown,student624@university.com,Male,20
S1625,Sara,Brown,student625@university.com,Female,18
S1626,Ahmed,Davis,student626@university.com,Male,21
S1627,Emma,Williams,student627@university.com,Male,18
S1628,Omar,Brown,student628@university.com,Male,19
S1629,Omar,Smith,student629@university.com,Female,23
S1630,Ali,Jones,student630@university.com,Female,23
S1631,Maria,Jones,student631@university.com,Male,18
S1632,Ahmed,Johnson,student632@university.com,Female,18
S1633,Ali,Johnson,student633@university.com,Female,23
S1634,Sara,Davis,student634@university.com,Female,21
S1635,Sara,Davis,student635@university.com,Female,22
S1636,Ali,Jones,student636@university.com,Female,22
S1637,Omar,Smith,student637@university.com,Male,20
S1638,Sara,Williams,student638@university.com,Male,24
S1639,Liam,Williams,student639@university.com,Male,23
S1640,Emma,Davis,student640@university.com,Female,23
S1641,Emma,Smith,student641@university.com,Female,20
S1642,Liam,Davis,student642@university.com,Female,22
S1643,Ali,Williams,student643@university.com,Female,19
S1644,Liam,Davis,student644@university.com,Male,21
S1645,Ahmed,Brown,student645@university.com,Male,21
S1646,Ahmed,Davis,student646@university.com,Male,19
S1647,Ali,Jones,student647@university.com,Male,19
S1648,Liam,Davis,student648@university.com,Male,22
S1649,Ahmed,Jones,student649@university.com,Male,20
S1650,Omar,Smith,student650@university.com,Female,19
S1651,Liam,Williams,student651@university.com,Female,20
S1652,Omar,Johnson,student652@university.com,Male,24
S1653,Ahmed,Johnson,student653@university.com,Female,18
S1654,Emma,Williams,student654@university.com,Male,21
S1655,Ahmed,Johnson,student655@university.com,Male,22
S1656,Omar,Davis,student656@university.com,Female,21
S1657,John,Smith,student657@university.com,Male,22
S1658,Maria,Smith,student658@university.com,Male,18
S1659,Sara,Williams,student659@university.com,Male,21
S1660,Liam,Johnson,student660@university.com,Female,18
S1661,John,Davis,student661@university.com,Female,22
S1662,Ahmed,Smith,student662@university.com,Female,19
S1663,Emma,Smith,student663@university.com,Female,24
S1664,Ali,Brown,student664@university.com,Male,21
S1665,Ahmed,Brown,student665@university.com,Female,18
S1666,Emma,Smith,student666@university.com,Female,23
S1667,Maria,Williams,student667@university.com,Female,21
S1668,Ahmed,Jones,student668@university.com,Male,21
S1669,Omar,Jones,student669@university.com,Female,21
S1670,Ali,Davis,student670@university.com,Female,20
S1671,Emma,Smith,student671@university.com,Male,18
S1672,Emma,Smith,student672@university.com,Male,18
S1673,Emma,Smith,student673@university.com,Male,21
S1674,Maria,Williams,student674@university.com,Male,19
S1675,Ahmed,Brown,student675@university.com,Female,21
S1676,Maria,Smith,student676@university.com,Male,20
S1677,Liam,Smith,student677@university.com,Female,22
S1678,Sara,Johnson,student678@university.com,Female,20
S1679,Sara,Williams,student679@university.com,Female,19
S1680,Liam,Davis,student680@university.com,Female,21
S1681,Ahmed,Smith,student681@university.com,Female,18
S1682,Omar,Johnson,student682@university.com,Male,24
S1683,Maria,Jones,student683@university.com,Female,23
S1684,Ali,Davis,student684@university.com,Female,21
S1685,Emma,Smith,student685@university.com,Female,19
S1686,Emma,Smith,student686@university.com,Male,18
S1687,Ahmed,Johnson,student687@university.com,Female,20
S1688,Omar,Williams,student688@university.com,Female,22
S1689,Sara,Smith,student689@university.com,Male,22
S1690,Sara,Jones,student690@university.com,Female,24
S1691,Emma,Smith,student691@university.com,Female,21
S1692,Ahmed,Jones,student692@university.com,Male,20
S1693,Maria,Davis,student693@university.com,Female,24
S1694,Sara,Davis,student694@university.com,Female,23
S1695,Maria,Brown,student695@university.com,Female,23
S1696,Omar,Brown,student696@university.com,Female,24
S1697,Sara,Jones,student697@university.com,Female,19
S1698,Sara,Williams,student698@university.com,Male,22
S1699,John,Smith,student699@university.com,Male,20
S1700,Sara,Smith,student700@university.com,Male,21
S1701,Liam,Brown,student701@university.com,Female,18
S1702,Ali,Jones,student702@university.com,Female,21
S1703,Liam,Smith,student703@university.com,Female,21
S1704,Ahmed,Smith,student704@university.com,Male,20
S1705,Ahmed,Williams,student705@university.com,Female,22
S1706,Maria,Johnson,student706@university.com,Female,20
S1707,Liam,Brown,student707@university.com,Female,18
S1708,Liam,Brown,student708@university.com,Male,24
S1709,Liam,Johnson,student709@university.com,Male,20
S1710,Omar,Smith,student710@university.com,Female,19
S1711,Sara,Williams,student711@university.com,Female,21
S1712,Ali,Williams,student712@university.com,Female,22
S1713,Maria,Brown,student713@university.com,Male,23
S1714,Liam,Williams,student714@university.com,Male,18
S1715,Liam,Davis,student715@university.com,Male,23
S1716,John,Johnson,student716@university.com,Female,21
S1717,Maria,Smith,student717@university.com,Male,20
S1718,Liam,Davis,student718@university.com,Female,23
S1719,Maria,Johnson,student719@university.com,Female,19
S1720,Sara,Jones,student720@university.com,Male,20
S1721,John,Brown,student721@university.com,Female,21
S1722,Maria,Williams,student722@university.com,Male,23
S1723,Ali,Jones,student723@university.com,Female,24
S1724,Ali,Williams,student724@university.com,Female,18
S1725,Ahmed,Davis,student725@university.com,Male,23
S1726,John,Smith,student726@university.com,Female,24
S1727,John,Smith,student727@university.com,Female,24
S1728,Ahmed,Smith,student728@university.com,Female,23
S1729,Maria,Williams,student729@university.com,Female,22
S1730,John,Jones,student730@university.com,Female,23
S1731,Ali,Smith,student731@university.com,Female,21
S1732,Ali,Jones,student732@university.com,Female,24
S1733,Liam,Williams,student733@university.com,Female,18
S1734,Sara,Davis,student734@university.com,Male,21
S1735,John,Jones,student735@university.com,Male,19
S1736,Maria,Davis,student736@university.com,Female,20
S1737,Ahmed,Williams,student737@university.com,Female,23
S1738,Ahmed,Williams,student738@university.com,Male,22
S1739,Maria,Brown,student739@university.com,Female,18
S1740,Omar,Williams,student740@university.com,Male,22
S1741,Emma,Williams,student741@university.com,Male,22
S1742,Sara,Johnson,student742@university.com,Male,22
S1743,Ahmed,Smith,student743@university.com,Female,23
S1744,John,Brown,student744@university.com,Female,18
S1745,Sara,Brown,student745@university.com,Female,18
S1746,John,Brown,student746@university.com,Male,24
S1747,Omar,Johnson,student747@university.com,Male,22
S1748,Ali,Davis,student748@university.com,Male,24
S1749,Sara,Williams,student749@university.com,Female,24
S1750,Liam,Smith,student750@university.com,Male,20
S1751,Ahmed,Jones,student751@university.com,Male,23
S1752,Sara,Davis,student752@university.com,Female,23
S1753,Sara,Williams,student753@university.com,Male,21
S1754,Sara,Johnson,student754@university.com,Male,24
S1755,Emma,Williams,student755@university.com,Female,23
S1756,Sara,Williams,student756@university.com,Female,22
S1757,John,Johnson,student757@university.com,Male,19
S1758,Ali,Brown,student758@university.com,Female,22
S1759,Omar,Brown,student759@university.com,Male,18
S1760,Maria,Smith,student760@university.com,Female,23
S1761,Sara,Smith,student761@university.com,Male,23
S1762,Ahmed,Brown,student762@university.com,Female,21
S1763,Sara,Davis,student763@university.com,Male,24
S1764,Ahmed,Jones,student764@university.com,Female,19
S1765,John,Williams,student765@university.com,Female,23
S1766,Ahmed,Jones,student766@university.com,Female,21
S1767,Liam,Williams,student767@university.com,Female,21
S1768,Maria,Brown,student768@university.com,Female,19
S1769,Ali,Smith,student769@university.com,Female,22
S1770,Ahmed,Davis,student770@university.com,Female,22
S1771,Ahmed,Smith,student771@university.com,Male,22
S1772,Ali,Jones,student772@university.com,Male,20
S1773,Maria,Smith,student773@university.com,Female,24
S1774,Sara,Brown,student774@university.com,Female,24
S1775,Ahmed,Davis,student775@university.com,Male,22
S1776,Ali,Jones,student776@university.com,Male,19
S1777,Liam,Davis,student777@university.com,Female,20
S1778,Liam,Williams,student778@university.com,Male,24
S1779,John,Smith,student779@university.com,Male,22
S1780,Ali,Davis,student780@university.com,Female,20
S1781,John,Johnson,student781@university.com,Female,19
S1782,Liam,Smith,student782@university.com,Female,22
S1783,Maria,Williams,student783@university.com,Male,18
S1784,Sara,Davis,student784@university.com,Female,23
S1785,Ali,Jones,student785@university.com,Female,19
S1786,Omar,Williams,student786@university.com,Male,21
S1787,Liam,Johnson,student787@university.com,Female,21
S1788,Liam,Davis,student788@university.com,Male,19
S1789,Omar,Brown,student789@university.com,Male,21
S1790,Emma,Smith,student790@university.com,Male,24
S1791,Liam,Jones,student791@university.com,Male,19
S1792,Ahmed,Brown,student792@university.com,Male,18
S1793,Maria,Davis,student793@university.com,Male,19
S1794,Ali,Davis,student794@university.com,Female,22
S1795,Omar,Williams,student795@university.com,Female,22
S1796,Ahmed,Davis,student796@university.com,Female,20
S1797,Omar,Jones,student797@university.com,Male,21
S1798,Ali,Brown,student798@university.com,Female,23
S1799,John,Jones,student799@university.com,Male,21
S1800,Ali,Johnson,student800@university.com,Female,24
S1801,Emma,Johnson,student801@university.com,Male,19
S1802,Ali,Smith,student802@university.com,Female,23
S1803,Ali,Smith,student803@university.com,Male,23
S1804,Emma,Johnson,student804@university.com,Female,21
S1805,Maria,Davis,student805@university.com,Male,23
S1806,Liam,Jones,student806@university.com,Female,23
S1807,Ali,Johnson,student807@university.com,Male,22
S1808,Emma,Smith,student808@university.com,Female,18
S1809,Ahmed,Johnson,student809@university.com,Female,19
S1810,John,Davis,student810@university.com,Female,21
S1811,John,Johnson,student811@university.com,Male,22
S1812,Ali,Jones,student812@university.com,Male,24
S1813,Maria,Brown,student813@university.com,Male,24
S1814,Maria,Davis,student814@university.com,Male,20
S1815,Ahmed,Smith,student815@university.com,Male,23
S1816,Ali,Jones,student816@university.com,Female,23
S1817,John,Johnson,student817@university.com,Male,21
S1818,Maria,Johnson,student818@university.com,Female,18
S1819,Ali,Brown,student819@university.com,Female,18
S1820,Omar,Smith,student820@university.com,Male,21
S1821,Maria,Smith,student821@university.com,Female,21
S1822,Emma,Williams,student822@university.com,Male,22
S1823,Omar,Smith,student823@university.com,Male,24
S1824,Liam,Brown,student824@university.com,Male,21
S1825,Maria,Williams,student825@university.com,Female,24
S1826,John,Williams,student826@university.com,Male,20
S1827,Sara,Johnson,student827@university.com,Male,24
S1828,Omar,Johnson,student828@university.com,Male,22
S1829,Liam,Smith,student829@university.com,Female,23
S1830,Ahmed,Williams,student830@university.com,Male,23
S1831,Ahmed,Johnson,student831@university.com,Female,24
S1832,John,Brown,student832@university.com,Female,23
S1833,Maria,Johnson,student833@university.com,Male,23
S1834,Ali,Davis,student834@university.com,Female,19
S1835,Maria,Davis,student835@university.com,Female,20
S1836,John,Johnson,student836@university.com,Male,22
S1837,Ahmed,Williams,student837@university.com,Male,22
S1838,Maria,Williams,student838@university.com,Male,23
S1839,Ahmed,Jones,student839@university.com,Female,18
S1840,Omar,Davis,student840@university.com,Male,22
S1841,Liam,Brown,student841@university.com,Female,20
S1842,Ali,Williams,student842@university.com,Female,21
S1843,Omar,Smith,student843@university.com,Female,20
S1844,Ahmed,Davis,student844@university.com,Female,23
S1845,Ahmed,Brown,student845@university.com,Female,23
S1846,Sara,Brown,student846@university.com,Male,19
S1847,Sara,Williams,student847@university.com,Male,24
S1848,Omar,Brown,student848@university.com,Female,22
S1849,Emma,Williams,student849@university.com,Female,24
S1850,Omar,Johnson,student850@university.com,Male,24
S1851,Sara,Davis,student851@university.com,Male,22
S1852,Ahmed,Jones,student852@university.com,Female,22
S1853,John,Johnson,student853@university.com,Female,23
S1854,Omar,Davis,student854@university.com,Male,22
S1855,Ahmed,Williams,student855@university.com,Male,18
S1856,John,Davis,student856@university.com,Female,18
S1857,John,Williams,student857@university.com,Male,21
S1858,Sara,Johnson,student858@university.com,Male,22
S1859,Omar,Smith,student859@university.com,Female,19
S1860,Maria,Smith,student860@university.com,Female,21
S1861,Ali,Davis,student861@university.com,Female,23
S1862,Sara,Smith,student862@university.com,Male,22
S1863,Sara,Williams,student863@university.com,Female,18
S1864,Maria,Brown,student864@university.com,Male,19
S1865,Ali,Williams,student865@university.com,Female,21
S1866,Ahmed,Brown,student866@university.com,Female,19
S1867,Emma,Johnson,student867@university.com,Male,22
S1868,Omar,Jones,student868@university.com,Male,20
S1869,Emma,Brown,student869@university.com,Female,19
S1870,Ahmed,Smith,student870@university.com,Female,19
S1871,Liam,Williams,student871@university.com,Male,23
S1872,Sara,Johnson,student872@university.com,Female,18
S1873,Ali,Smith,student873@university.com,Male,22
S1874,Sara,Johnson,student874@university.com,Male,19
S1875,John,Jones,student875@university.com,Female,22
S1876,Sara,Williams,student876@university.com,Male,18
S1877,Sara,Davis,student877@university.com,Male,23
S1878,Ahmed,Williams,student878@university.com,Male,22
S1879,Ahmed,Jones,student879@university.com,Female,24
S1880,Ahmed,Williams,student880@university.com,Male,18
S1881,Emma,Davis,student881@university.com,Female,18
S1882,John,Brown,student882@university.com,Female,21
S1883,Liam,Johnson,student883@university.com,Female,23
S1884,Liam,Davis,student884@university.com,Male,23
S1885,Ahmed,Smith,student885@university.com,Male,24
S1886,Ali,Jones,student886@university.com,Female,22
S1887,Emma,Brown,student887@university.com,Female,20
S1888,Maria,Smith,student888@university.com,Male,24
S1889,Ali,Smith,student889@university.com,Female,21
S1890,Omar,Jones,student890@university.com,Female,23
S1891,Omar,Brown,student891@university.com,Male,18
S1892,Ali,Smith,student892@university.com,Female,23
S1893,Ahmed,Smith,student893@university.com,Male,24
S1894,Maria,Brown,student894@university.com,Male,20
S1895,Maria,Williams,student895@university.com,Female,19
S1896,Emma,Smith,student896@university.com,Male,19
S1897,Maria,Johnson,student897@university.com,Male,23
S1898,Omar,Brown,student898@university.com,Male,23
S1899,John,Smith,student899@university.com,Female,21
S1900,Ahmed,Jones,student900@university.com,Female,23
S1901,Maria,Davis,student901@university.com,Female,20
S1902,Emma,Johnson,student902@university.com,Male,23
S1903,Omar,Davis,student903@university.com,Male,22
S1904,John,Davis,student904@university.com,Female,24
S1905,Sara,Smith,student905@university.com,Female,20
S1906,Sara,Johnson,student906@university.com,Male,21
S1907,John,Johnson,student907@university.com,Female,22
S1908,Omar,Williams,student908@university.com,Female,22
S1909,Emma,Davis,student909@university.com,Female,24
S1910,John,Johnson,student910@university.com,Female,19
S1911,Ahmed,Williams,student911@university.com,Female,20
S1912,Ahmed,Brown,student912@university.com,Male,24
S1913,Sara,Williams,student913@university.com,Female,22
S1914,Maria,Jones,student914@university.com,Female,21
S1915,Emma,Smith,student915@university.com,Male,24
S1916,Sara,Brown,student916@university.com,Male,19
S1917,Maria,Brown,student917@university.com,Male,22
S1918,Maria,Jones,student918@university.com,Male,24
S1919,Liam,Williams,student919@university.com,Female,20
S1920,Ahmed,Smith,student920@university.com,Female,19
S1921,Omar,Williams,student921@university.com,Female,20
S1922,Ali,Johnson,student922@university.com,Female,20
S1923,Omar,Williams,student923@university.com,Male,20
S1924,Ali,Brown,student924@university.com,Male,24
S1925,John,Smith,student925@university.com,Female,19
S1926,Ahmed,Williams,student926@university.com,Female,24
S1927,Maria,Smith,student927@university.com,Female,24
S1928,Emma,Smith,student928@university.com,Female,24
S1929,Ali,Johnson,student929@university.com,Male,22
S1930,Omar,Johnson,student930@university.com,Female,23
S1931,Maria,Brown,student931@university.com,Male,18
S1932,Ali,Jones,student932@university.com,Male,22
S1933,Ali,Smith,student933@university.com,Male,19
S1934,Liam,Jones,student934@university.com,Male,18
S1935,Ali,Brown,student935@university.com,Female,18
S1936,Emma,Smith,student936@university.com,Female,18
S1937,Ahmed,Smith,student937@university.com,Female,23
S1938,Emma,Davis,student938@university.com,Female,24
S1939,Sara,Jones,student939@university.com,Male,21
S1940,Maria,Williams,student940@university.com,Male,19
S1941,Ahmed,Johnson,student941@university.com,Male,23
S1942,Liam,Williams,student942@university.com,Female,23
S1943,Ahmed,Jones,student943@university.com,Male,21
S1944,Ahmed,Johnson,student944@university.com,Male,18
S1945,Omar,Williams,student945@university.com,Male,24
S1946,Ahmed,Davis,student946@university.com,Male,21
S1947,Liam,Johnson,student947@university.com,Female,21
S1948,Emma,Smith,student948@university.com,Male,23
S1949,Ahmed,Williams,student949@university.com,Male,19
S1950,John,Johnson,student950@university.com,Female,20
S1951,Maria,Davis,student951@university.com,Female,24
S1952,Ahmed,Johnson,student952@university.com,Female,21
S1953,Maria,Johnson,student953@university.com,Male,24
S1954,John,Davis,student954@university.com,Male,21
S1955,John,Williams,student955@university.com,Male,18
S1956,Maria,Brown,student956@university.com,Male,24
S1957,Ali,Williams,student957@university.com,Female,18
S1958,Sara,Jones,student958@university.com,Male,23
S1959,Omar,Davis,student959@university.com,Male,18
S1960,Ali,Williams,student960@university.com,Female,24
S1961,Ali,Johnson,student961@university.com,Female,22
S1962,Emma,Davis,student962@university.com,Female,24
S1963,Omar,Smith,student963@university.com,Male,21
S1964,Omar,Williams,student964@university.com,Male,18
S1965,Ali,Davis,student965@university.com,Male,19
S1966,Ahmed,Williams,student966@university.com,Male,22
S1967,Emma,Davis,student967@university.com,Male,23
S1968,Emma,Johnson,student968@university.com,Female,20
S1969,John,Smith,student969@university.com,Female,21
S1970,Liam,Smith,student970@university.com,Male,21
S1971,Omar,Jones,student971@university.com,Male,19
S1972,Ali,Davis,student972@university.com,Male,20
S1973,John,Williams,student973@university.com,Male,20
S1974,Maria,Smith,student974@university.com,Male,23
S1975,Sara,Smith,student975@university.com,Female,23
S1976,Liam,Brown,student976@university.com,Female,22
S1977,Liam,Brown,student977@university.com,Female,21
S1978,Liam,Smith,student978@university.com,Male,18
S1979,Emma,Davis,student979@university.com,Male,23
S1980,Maria,Jones,student980@university.com,Female,19
S1981,Liam,Smith,student981@university.com,Female,19
S1982,Maria,Johnson,student982@university.com,Male,19
S1983,Ahmed,Williams,student983@university.com,Female,24
S1984,Liam,Jones,student984@university.com,Female,23
S1985,Sara,Johnson,student985@university.com,Male,23
S1986,Maria,Jones,student986@university.com,Female,19
S1987,Maria,Johnson,student987@university.com,Female,23
S1988,Sara,Williams,student988@university.com,Female,24
S1989,Liam,Williams,student989@university.com,Male,18
S1990,Sara,Brown,student990@university.com,Female,18
S1991,Maria,Davis,student991@university.com,Female,22
S1992,Sara,Johnson,student992@university.com,Female,21
S1993,Maria,Brown,student993@university.com,Male,18
S1994,Maria,Johnson,student994@university.com,Male,22
S1995,Ahmed,Brown,student995@university.com,Female,20
S1996,Ali,Williams,student996@university.com,Male,21
S1997,Maria,Jones,student997@university.com,Female,18
S1998,Liam,Brown,student998@university.com,Male,24
S1999,John,Johnson,student999@university.com,Male,20
S2000,Emma,Johnson,student1000@university.com,Female,22
S2001,Omar,Davis,student1001@university.com,Female,18
S2002,Ali,Williams,student1002@university.com,Female,18
S2003,Ali,Johnson,student1003@university.com,Male,23
S2004,Ali,Smith,student1004@university.com,Female,20
S2005,Ahmed,Jones,student1005@university.com,Male,18
S2006,Maria,Brown,student1006@university.com,Male,19
S2007,Ahmed,Davis,student1007@university.com,Female,24
S2008,Maria,Jones,student1008@university.com,Male,23
S2009,Liam,Williams,student1009@university.com,Female,23
S2010,Ahmed,Davis,student1010@university.com,Male,18
S2011,Ahmed,Brown,student1011@university.com,Female,24
S2012,Emma,Brown,student1012@university.com,Male,23
S2013,John,Smith,student1013@university.com,Male,21
S2014,Ahmed,Williams,student1014@university.com,Female,20
S2015,Emma,Davis,student1015@university.com,Male,21
S2016,Sara,Davis,student1016@university.com,Female,22
S2017,John,Johnson,student1017@university.com,Male,21
S2018,Liam,Smith,student1018@university.com,Male,24
S2019,Ahmed,Smith,student1019@university.com,Male,19
S2020,Omar,Davis,student1020@university.com,Female,23
S2021,Ali,Davis,student1021@university.com,Female,24
S2022,Sara,Jones,student1022@university.com,Female,23
S2023,Sara,Jones,student1023@university.com,Female,19
S2024,Liam,Jones,student1024@university.com,Female,23
S2025,Emma,Smith,student1025@university.com,Male,21
S2026,Sara,Johnson,student1026@university.com,Male,22
S2027,John,Brown,student1027@university.com,Female,18
S2028,Ahmed,Jones,student1028@university.com,Male,19
S2029,Ahmed,Johnson,student1029@university.com,Male,21
S2030,Omar,Williams,student1030@university.com,Male,24
S2031,Liam,Jones,student1031@university.com,Male,21
S2032,Ali,Brown,student1032@university.com,Female,21
S2033,Emma,Williams,student1033@university.com,Male,18
S2034,Ali,Williams,student1034@university.com,Female,20
S2035,Sara,Brown,student1035@university.com,Female,23
S2036,Liam,Jones,student1036@university.com,Male,23
S2037,Omar,Smith,student1037@university.com,Female,24
S2038,Ali,Brown,student1038@university.com,Male,22
S2039,John,Brown,student1039@university.com,Male,24
S2040,Ahmed,Brown,student1040@university.com,Male,20
S2041,Sara,Williams,student1041@university.com,Female,23
S2042,Omar,Johnson,student1042@university.com,Female,22
S2043,Ali,Smith,student1043@university.com,Female,24
S2044,Emma,Jones,student1044@university.com,Male,22
S2045,John,Jones,student1045@university.com,Male,21
S2046,John,Johnson,student1046@university.com,Male,19
S2047,Ali,Brown,student1047@university.com,Female,21
S2048,Ahmed,Smith,student1048@university.com,Male,18
S2049,Ali,Jones,student1049@university.com,Male,23
S2050,Sara,Davis,student1050@university.com,Female,22
S2051,Ali,Jones,student1051@university.com,Female,24
S2052,John,Brown,student1052@university.com,Female,19
S2053,Omar,Davis,student1053@university.com,Male,24
S2054,Ali,Johnson,student1054@university.com,Male,23
S2055,Ahmed,Smith,student1055@university.com,Male,22
S2056,Liam,Johnson,student1056@university.com,Female,22
S2057,Omar,Johnson,student1057@university.com,Female,21
S2058,Emma,Smith,student1058@university.com,Female,19
S2059,Maria,Smith,student1059@university.com,Female,19
S2060,Ali,Jones,student1060@university.com,Male,23
S2061,Ahmed,Jones,student1061@university.com,Male,22
S2062,Omar,Smith,student1062@university.com,Male,19
S2063,Ahmed,Davis,student1063@university.com,Male,19
S2064,Emma,Williams,student1064@university.com,Male,24
S2065,John,Jones,student1065@university.com,Male,23
S2066,Ahmed,Williams,student1066@university.com,Male,21
S2067,Omar,Davis,student1067@university.com,Male,24
S2068,Ahmed,Smith,student1068@university.com,Female,24
S2069,Ahmed,Davis,student1069@university.com,Female,20
S2070,Ahmed,Jones,student1070@university.com,Male,18
S2071,Sara,Johnson,student1071@university.com,Female,20
S2072,Sara,Smith,student1072@university.com,Male,19
S2073,John,Brown,student1073@university.com,Male,22
S2074,Ali,Williams,student1074@university.com,Female,18
S2075,Ahmed,Davis,student1075@university.com,Male,18
S2076,Emma,Smith,student1076@university.com,Male,22
S2077,Ali,Davis,student1077@university.com,Male,18
S2078,Emma,Smith,student1078@university.com,Male,22
S2079,Ali,Jones,student1079@university.com,Male,18
S2080,John,Jones,student1080@university.com,Male,24
S2081,Ahmed,Jones,student1081@university.com,Male,23
S2082,Ahmed,Davis,student1082@university.com,Female,23
S2083,Maria,Brown,student1083@university.com,Female,20
S2084,Emma,Jones,student1084@university.com,Male,24
S2085,Ali,Smith,student1085@university.com,Female,18
S2086,Ali,Jones,student1086@university.com,Male,21
S2087,Liam,Johnson,student1087@university.com,Male,22
S2088,Liam,Jones,student1088@university.com,Male,24
S2089,Sara,Davis,student1089@university.com,Male,18
S2090,Maria,Brown,student1090@university.com,Female,23
S2091,Omar,Johnson,student1091@university.com,Female,23
S2092,Liam,Davis,student1092@university.com,Female,22
S2093,Omar,Davis,student1093@university.com,Female,21
S2094,Sara,Davis,student1094@university.com,Male,18
S2095,Sara,Smith,student1095@university.com,Female,18
S2096,Sara,Davis,student1096@university.com,Male,21
S2097,Emma,Smith,student1097@university.com,Male,21
S2098,Emma,Davis,student1098@university.com,Female,21
S2099,John,Williams,student1099@university.com,Male,23
S2100,John,Johnson,student1100@university.com,Female,22
S2101,Sara,Williams,student1101@university.com,Female,24
S2102,Maria,Davis,student1102@university.com,Female,21
S2103,Ali,Johnson,student1103@university.com,Female,22
S2104,Emma,Johnson,student1104@university.com,Female,20
S2105,Maria,Brown,student1105@university.com,Male,18
S2106,Ahmed,Williams,student1106@university.com,Female,18
S2107,Emma,Brown,student1107@university.com,Female,19
S2108,Emma,Johnson,student1108@university.com,Male,20
S2109,John,Smith,student1109@university.com,Female,24
S2110,Ali,Johnson,student1110@university.com,Female,21
S2111,Ali,Brown,student1111@university.com,Male,21
S2112,Liam,Williams,student1112@university.com,Male,24
S2113,Omar,Davis,student1113@university.com,Female,23
S2114,Omar,Davis,student1114@university.com,Male,20
S2115,Omar,Williams,student1115@university.com,Female,21
S2116,Omar,Davis,student1116@university.com,Male,19
S2117,Ahmed,Davis,student1117@university.com,Female,22
S2118,Ahmed,Brown,student1118@university.com,Female,18
S2119,Emma,Williams,student1119@university.com,Female,20
S2120,Sara,Jones,student1120@university.com,Male,18
S2121,John,Smith,student1121@university.com,Female,22
S2122,John,Smith,student1122@university.com,Male,20
S2123,Omar,Davis,student1123@university.com,Female,22
S2124,Emma,Smith,student1124@university.com,Female,21
S2125,Liam,Williams,student1125@university.com,Female,24
S2126,Maria,Williams,student1126@university.com,Female,21
S2127,Sara,Johnson,student1127@university.com,Female,24
S2128,Emma,Johnson,student1128@university.com,Male,21
S2129,Sara,Smith,student1129@university.com,Male,22
S2130,Sara,Jones,student1130@university.com,Male,22
S2131,Sara,Johnson,student1131@university.com,Female,22
S2132,Emma,Johnson,student1132@university.com,Female,18
S2133,Omar,Williams,student1133@university.com,Male,22
S2134,John,Jones,student1134@university.com,Female,21
S2135,John,Davis,student1135@university.com,Female,19
S2136,Omar,Smith,student1136@university.com,Female,22
S2137,Sara,Johnson,student1137@university.com,Male,19
S2138,Maria,Jones,student1138@university.com,Male,24
S2139,Ali,Jones,student1139@university.com,Male,21
S2140,Emma,Smith,student1140@university.com,Male,22
S2141,Ali,Jones,student1141@university.com,Male,18
S2142,Liam,Jones,student1142@university.com,Female,18
S2143,Omar,Jones,student1143@university.com,Female,24
S2144,Maria,Johnson,student1144@university.com,Female,19
S2145,Emma,Smith,student1145@university.com,Female,23
S2146,Omar,Jones,student1146@university.com,Male,18
S2147,Sara,Jones,student1147@university.com,Male,18
S2148,John,Johnson,student1148@university.com,Female,18
S2149,Ali,Smith,student1149@university.com,Male,21
S2150,Ahmed,Williams,student1150@university.com,Female,18
S2151,Ahmed,Johnson,student1151@university.com,Female,20
S2152,Maria,Smith,student1152@university.com,Female,22
S2153,Sara,Jones,student1153@university.com,Female,24
S2154,Liam,Smith,student1154@university.com,Male,18
S2155,Ali,Smith,student1155@university.com,Female,23
S2156,Sara,Davis,student1156@university.com,Male,23
S2157,Ali,Smith,student1157@university.com,Female,18
S2158,Maria,Williams,student1158@university.com,Female,18
S2159,Maria,Smith,student1159@university.com,Female,20
S2160,Liam,Williams,student1160@university.com,Female,18
S2161,Ahmed,Jones,student1161@university.com,Male,18
S2162,Sara,Williams,student1162@university.com,Female,22
S2163,Emma,Jones,student1163@university.com,Male,23
S2164,Ahmed,Jones,student1164@university.com,Female,20
S2165,Sara,Williams,student1165@university.com,Female,23
S2166,Ahmed,Johnson,student1166@university.com,Female,20
S2167,Emma,Brown,student1167@university.com,Male,23
S2168,John,Smith,student1168@university.com,Female,18
S2169,John,Davis,student1169@university.com,Female,23
S2170,Liam,Brown,student1170@university.com,Female,23
S2171,John,Smith,student1171@university.com,Female,20
S2172,John,Smith,student1172@university.com,Female,24
S2173,Omar,Jones,student1173@university.com,Male,19
S2174,Ali,Smith,student1174@university.com,Male,20
S2175,Omar,Davis,student1175@university.com,Female,20
S2176,Omar,Smith,student1176@university.com,Female,20
S2177,Liam,Williams,student1177@university.com,Male,21
S2178,Omar,Brown,student1178@university.com,Female,24
S2179,John,Williams,student1179@university.com,Male,21
S2180,Emma,Davis,student1180@university.com,Female,21
S2181,Liam,Smith,student1181@university.com,Female,20
S2182,Liam,Davis,student1182@university.com,Male,19
S2183,Maria,Jones,student1183@university.com,Female,20
S2184,Liam,Williams,student1184@university.com,Male,18
S2185,Maria,Williams,student1185@university.com,Male,19
S2186,Liam,Johnson,student1186@university.com,Male,21
S2187,Ali,Smith,student1187@university.com,Female,23
S2188,John,Jones,student1188@university.com,Male,23
S2189,Liam,Williams,student1189@university.com,Male,24
S2190,John,Williams,student1190@university.com,Female,22
S2191,John,Jones,student1191@university.com,Female,24
S2192,Ahmed,Davis,student1192@university.com,Female,19
S2193,Liam,Davis,student1193@university.com,Female,21
S2194,Sara,Smith,student1194@university.com,Female,19
S2195,Ahmed,Johnson,student1195@university.com,Female,19
S2196,Sara,Williams,student1196@university.com,Male,23
S2197,John,Johnson,student1197@university.com,Female,20
S2198,John,Davis,student1198@university.com,Male,18
S2199,Ahmed,Davis,student1199@university.com,Female,22
S2200,Ahmed,Brown,student1200@university.com,Male,21
S2201,Sara,Smith,student1201@university.com,Male,19
S2202,Maria,Brown,student1202@university.com,Female,22
S2203,Sara,Brown,student1203@university.com,Female,19
S2204,Ahmed,Brown,student1204@university.com,Male,23
S2205,Emma,Smith,student1205@university.com,Female,18
S2206,Ahmed,Smith,student1206@university.com,Female,23
S2207,Emma,Jones,student1207@university.com,Male,22
S2208,Ali,Johnson,student1208@university.com,Male,21
S2209,Ahmed,Johnson,student1209@university.com,Male,19
S2210,Ali,Jones,student1210@university.com,Female,18
S2211,Maria,Jones,student1211@university.com,Female,23
S2212,Sara,Davis,student1212@university.com,Female,22
S2213,Emma,Brown,student1213@university.com,Female,23
S2214,Sara,Jones,student1214@university.com,Male,19
S2215,Ali,Williams,student1215@university.com,Female,19
S2216,Emma,Johnson,student1216@university.com,Male,21
S2217,Sara,Jones,student1217@university.com,Female,18
S2218,Ahmed,Williams,student1218@university.com,Female,20
S2219,John,Williams,student1219@university.com,Male,23
S2220,Ali,Williams,student1220@university.com,Female,19
S2221,Sara,Davis,student1221@university.com,Female,22
S2222,Ali,Davis,student1222@university.com,Male,23
S2223,Omar,Williams,student1223@university.com,Female,21
S2224,Ali,Davis,student1224@university.com,Male,21
S2225,Emma,Brown,student1225@university.com,Male,19
S2226,Omar,Williams,student1226@university.com,Male,19
S2227,Liam,Brown,student1227@university.com,Male,19
S2228,Emma,Brown,student1228@university.com,Female,24
S2229,John,Williams,student1229@university.com,Female,20
S2230,Omar,Johnson,student1230@university.com,Female,19
S2231,Liam,Williams,student1231@university.com,Male,23
S2232,Ahmed,Williams,student1232@university.com,Female,23
S2233,Ali,Davis,student1233@university.com,Female,24
S2234,Sara,Williams,student1234@university.com,Female,24
S2235,Maria,Johnson,student1235@university.com,Female,18
S2236,Ali,Davis,student1236@university.com,Male,22
S2237,Liam,Smith,student1237@university.com,Male,19
S2238,Ali,Smith,student1238@university.com,Female,23
S2239,John,Brown,student1239@university.com,Male,24
S2240,Ahmed,Brown,student1240@university.com,Female,23
S2241,Maria,Johnson,student1241@university.com,Female,23
S2242,Omar,Jones,student1242@university.com,Female,24
S2243,Omar,Smith,student1243@university.com,Male,20
S2244,Omar,Brown,student1244@university.com,Female,24
S2245,Liam,Smith,student1245@university.com,Male,24
S2246,Emma,Johnson,student1246@university.com,Male,22
S2247,Emma,Johnson,student1247@university.com,Female,24
S2248,Sara,Jones,student1248@university.com,Male,21
S2249,Maria,Jones,student1249@university.com,Male,24
S2250,Omar,Davis,student1250@university.com,Female,23
S2251,Emma,Johnson,student1251@university.com,Male,19
S2252,Liam,Brown,student1252@university.com,Male,23
S2253,Sara,Smith,student1253@university.com,Female,22
S2254,Ahmed,Williams,student1254@university.com,Female,21
S2255,Sara,Jones,student1255@university.com,Male,24
S2256,Emma,Williams,student1256@university.com,Female,20
S2257,John,Brown,student1257@university.com,Female,18
S2258,Liam,Jones,student1258@university.com,Male,24
S2259,John,Williams,student1259@university.com,Male,19
S2260,Omar,Brown,student1260@university.com,Female,18
S2261,John,Smith,student1261@university.com,Male,20
S2262,Omar,Brown,student1262@university.com,Female,22
S2263,Omar,Davis,student1263@university.com,Female,22
S2264,Emma,Jones,student1264@university.com,Male,20
S2265,John,Johnson,student1265@university.com,Male,23
S2266,Omar,Smith,student1266@university.com,Female,20
S2267,Maria,Williams,student1267@university.com,Female,24
S2268,Ahmed,Jones,student1268@university.com,Female,19
S2269,Sara,Johnson,student1269@university.com,Female,21
S2270,Sara,Brown,student1270@university.com,Male,24
S2271,Emma,Johnson,student1271@university.com,Female,24
S2272,John,Jones,student1272@university.com,Male,24
S2273,John,Jones,student1273@university.com,Male,18
S2274,Omar,Davis,student1274@university.com,Female,18
S2275,Liam,Davis,student1275@university.com,Male,22
S2276,Ali,Johnson,student1276@university.com,Male,24
S2277,Omar,Brown,student1277@university.com,Female,23
S2278,Ahmed,Johnson,student1278@university.com,Male,22
S2279,Maria,Jones,student1279@university.com,Male,19
S2280,Sara,Jones,student1280@university.com,Female,20
S2281,Omar,Williams,student1281@university.com,Female,18
S2282,Ali,Davis,student1282@university.com,Female,24
S2283,Ali,Williams,student1283@university.com,Female,19
S2284,Omar,Smith,student1284@university.com,Female,22
S2285,Emma,Jones,student1285@university.com,Female,22
S2286,Sara,Williams,student1286@university.com,Female,18
S2287,Emma,Johnson,student1287@university.com,Male,22
S2288,Maria,Davis,student1288@university.com,Male,23
S2289,Ali,Davis,student1289@university.com,Female,22
S2290,Ali,Brown,student1290@university.com,Male,21
S2291,Ahmed,Johnson,student1291@university.com,Male,20
S2292,Maria,Brown,student1292@university.com,Female,22
S2293,Ali,Williams,student1293@university.com,Male,21
S2294,Maria,Smith,student1294@university.com,Female,19
S2295,Sara,Johnson,student1295@university.com,Male,22
S2296,John,Johnson,student1296@university.com,Female,23
S2297,Ali,Johnson,student1297@university.com,Male,19
S2298,Ahmed,Brown,student1298@university.com,Male,24
S2299,Sara,Williams,student1299@university.com,Male,22
S2300,Omar,Johnson,student1300@university.com,Female,18
S2301,Maria,Johnson,student1301@university.com,Male,21
S2302,Omar,Davis,student1302@university.com,Male,21
S2303,Emma,Smith,student1303@university.com,Female,18
S2304,Sara,Davis,student1304@university.com,Female,20
S2305,Omar,Davis,student1305@university.com,Male,24
S2306,Liam,Smith,student1306@university.com,Male,23
S2307,Liam,Williams,student1307@university.com,Male,21
S2308,Ali,Davis,student1308@university.com,Male,19
S2309,Maria,Williams,student1309@university.com,Female,23
S2310,John,Davis,student1310@university.com,Male,21
S2311,Sara,Jones,student1311@university.com,Male,24
S2312,Ali,Smith,student1312@university.com,Female,20
S2313,Ahmed,Davis,student1313@university.com,Male,24
S2314,Emma,Jones,student1314@university.com,Male,19
S2315,Maria,Brown,student1315@university.com,Male,24
S2316,Sara,Jones,student1316@university.com,Female,23
S2317,Liam,Johnson,student1317@university.com,Female,19
S2318,Sara,Davis,student1318@university.com,Male,18
S2319,John,Jones,student1319@university.com,Male,22
S2320,Liam,Williams,student1320@university.com,Female,18
S2321,John,Brown,student1321@university.com,Male,23
S2322,Ahmed,Davis,student1322@university.com,Male,22
S2323,Emma,Johnson,student1323@university.com,Female,18
S2324,Ahmed,Jones,student1324@university.com,Female,22
S2325,Ali,Brown,student1325@university.com,Female,21
S2326,Ali,Davis,student1326@university.com,Male,24
S2327,Ahmed,Brown,student1327@university.com,Male,19
S2328,Emma,Johnson,student1328@university.com,Male,22
S2329,Ahmed,Jones,student1329@university.com,Male,21
S2330,Emma,Brown,student1330@university.com,Female,24
S2331,Emma,Brown,student1331@university.com,Male,24
S2332,Omar,Smith,student1332@university.com,Male,20
S2333,Liam,Brown,student1333@university.com,Female,18
S2334,Maria,Smith,student1334@university.com,Female,20
S2335,Emma,Jones,student1335@university.com,Male,23
S2336,John,Davis,student1336@university.com,Female,21
S2337,Emma,Davis,student1337@university.com,Female,20
S2338,Emma,Jones,student1338@university.com,Male,20
S2339,Emma,Jones,student1339@university.com,Male,24
S2340,Omar,Williams,student1340@university.com,Male,21
S2341,Liam,Jones,student1341@university.com,Male,24
S2342,Omar,Brown,student1342@university.com,Female,19
S2343,Ali,Davis,student1343@university.com,Female,22
S2344,Omar,Johnson,student1344@university.com,Male,23
S2345,John,Davis,student1345@university.com,Male,23
S2346,John,Smith,student1346@university.com,Female,18
S2347,Omar,Davis,student1347@university.com,Male,24
S2348,Liam,Williams,student1348@university.com,Male,22
S2349,Ahmed,Jones,student1349@university.com,Male,18
S2350,Maria,Jones,student1350@university.com,Male,23
S2351,Liam,Davis,student1351@university.com,Female,22
S2352,Omar,Johnson,student1352@university.com,Male,20
S2353,Emma,Johnson,student1353@university.com,Female,19
S2354,Sara,Williams,student1354@university.com,Male,20
S2355,Maria,Smith,student1355@university.com,Male,19
S2356,Maria,Davis,student1356@university.com,Female,24
S2357,John,Jones,student1357@university.com,Male,21
S2358,Maria,Davis,student1358@university.com,Female,18
S2359,Omar,Williams,student1359@university.com,Male,18
S2360,Emma,Brown,student1360@university.com,Male,21
S2361,Emma,Brown,student1361@university.com,Male,22
S2362,Ali,Williams,student1362@university.com,Male,21
S2363,Emma,Jones,student1363@university.com,Male,24
S2364,Liam,Williams,student1364@university.com,Female,23
S2365,Emma,Jones,student1365@university.com,Female,21
S2366,John,Johnson,student1366@university.com,Male,19
S2367,Emma,Williams,student1367@university.com,Male,23
S2368,Ali,Jones,student1368@university.com,Female,21
S2369,Sara,Williams,student1369@university.com,Female,18
S2370,Omar,Williams,student1370@university.com,Male,20
S2371,John,Jones,student1371@university.com,Male,19
S2372,Liam,Jones,student1372@university.com,Female,24
S2373,Sara,Smith,student1373@university.com,Male,19
S2374,John,Williams,student1374@university.com,Female,22
S2375,Ahmed,Brown,student1375@university.com,Male,20
S2376,Maria,Williams,student1376@university.com,Female,19
S2377,Ahmed,Williams,student1377@university.com,Female,21
S2378,Emma,Jones,student1378@university.com,Male,19
S2379,Sara,Williams,student1379@university.com,Female,19
S2380,Emma,Davis,student1380@university.com,Male,19
S2381,Maria,Williams,student1381@university.com,Male,22
S2382,John,Davis,student1382@university.com,Male,19
S2383,Maria,Brown,student1383@university.com,Male,19
S2384,Ali,Jones,student1384@university.com,Female,22
S2385,Maria,Williams,student1385@university.com,Male,23
S2386,Ali,Davis,student1386@university.com,Male,20
S2387,Maria,Davis,student1387@university.com,Male,24
S2388,Omar,Davis,student1388@university.com,Male,23
S2389,Ali,Johnson,student1389@university.com,Female,18
S2390,Sara,Smith,student1390@university.com,Male,22
S2391,Emma,Brown,student1391@university.com,Female,22
S2392,Liam,Williams,student1392@university.com,Female,19
S2393,Emma,Johnson,student1393@university.com,Female,19
S2394,Ahmed,Williams,student1394@university.com,Male,24
S2395,Emma,Williams,student1395@university.com,Male,18
S2396,John,Jones,student1396@university.com,Male,19
S2397,Omar,Jones,student1397@university.com,Male,21
S2398,Maria,Jones,student1398@university.com,Female,19
S2399,Ahmed,Johnson,student1399@university.com,Female,19
S2400,John,Williams,student1400@university.com,Male,21
S2401,John,Smith,student1401@university.com,Male,18
S2402,Ali,Brown,student1402@university.com,Male,21
S2403,Emma,Jones,student1403@university.com,Male,22
S2404,Sara,Jones,student1404@university.com,Male,21
S2405,Liam,Williams,student1405@university.com,Male,20
S2406,Sara,Williams,student1406@university.com,Male,22
S2407,Ahmed,Johnson,student1407@university.com,Female,19
S2408,Omar,Johnson,student1408@university.com,Female,24
S2409,Sara,Jones,student1409@university.com,Female,22
S2410,Maria,Williams,student1410@university.com,Female,18
S2411,Sara,Smith,student1411@university.com,Male,18
S2412,Ahmed,Brown,student1412@university.com,Male,21
S2413,Liam,Williams,student1413@university.com,Male,22
S2414,Sara,Williams,student1414@university.com,Male,19
S2415,Maria,Davis,student1415@university.com,Male,18
S2416,Ali,Johnson,student1416@university.com,Female,23
S2417,Omar,Brown,student1417@university.com,Male,19
S2418,Ahmed,Jones,student1418@university.com,Female,23
S2419,Ali,Williams,student1419@university.com,Male,20
S2420,Ali,Jones,student1420@university.com,Female,23
S2421,Ali,Williams,student1421@university.com,Male,18
S2422,John,Jones,student1422@university.com,Female,21
S2423,Omar,Brown,student1423@university.com,Male,20
S2424,Liam,Johnson,student1424@university.com,Male,22
S2425,Emma,Brown,student1425@university.com,Male,19
S2426,Omar,Davis,student1426@university.com,Male,18
S2427,John,Smith,student1427@university.com,Female,20
S2428,Emma,Johnson,student1428@university.com,Male,20
S2429,Omar,Brown,student1429@university.com,Female,18
S2430,Ali,Davis,student1430@university.com,Male,22
S2431,Ahmed,Smith,student1431@university.com,Female,22
S2432,Emma,Davis,student1432@university.com,Male,21
S2433,Maria,Williams,student1433@university.com,Male,24
S2434,Maria,Williams,student1434@university.com,Female,23
S2435,Sara,Jones,student1435@university.com,Male,22
S2436,Emma,Johnson,student1436@university.com,Male,21
S2437,Ahmed,Williams,student1437@university.com,Female,23
S2438,Liam,Davis,student1438@university.com,Male,20
S2439,John,Johnson,student1439@university.com,Female,18
S2440,Ali,Williams,student1440@university.com,Male,22
S2441,Sara,Jones,student1441@university.com,Female,21
S2442,Maria,Brown,student1442@university.com,Female,20
S2443,John,Jones,student1443@university.com,Female,22
S2444,John,Smith,student1444@university.com,Female,19
S2445,Ali,Williams,student1445@university.com,Male,24
S2446,Liam,Smith,student1446@university.com,Male,20
S2447,Liam,Smith,student1447@university.com,Female,22
S2448,Emma,Davis,student1448@university.com,Male,20
S2449,Maria,Johnson,student1449@university.com,Male,18
S2450,Liam,Davis,student1450@university.com,Male,18
S2451,Ahmed,Williams,student1451@university.com,Female,24
S2452,Liam,Smith,student1452@university.com,Male,18
S2453,John,Brown,student1453@university.com,Male,23
S2454,Ali,Smith,student1454@university.com,Female,19
S2455,Ahmed,Brown,student1455@university.com,Male,18
S2456,Emma,Davis,student1456@university.com,Female,19
S2457,Maria,Davis,student1457@university.com,Female,18
S2458,Emma,Johnson,student1458@university.com,Female,23
S2459,John,Smith,student1459@university.com,Male,20
S2460,Ahmed,Jones,student1460@university.com,Male,22
S2461,Ahmed,Davis,student1461@university.com,Female,22
S2462,Ahmed,Davis,student1462@university.com,Female,18
S2463,John,Johnson,student1463@university.com,Female,22
S2464,John,Brown,student1464@university.com,Female,18
S2465,Emma,Johnson,student1465@university.com,Female,18
S2466,Sara,Smith,student1466@university.com,Female,24
S2467,Emma,Williams,student1467@university.com,Male,21
S2468,Maria,Williams,student1468@university.com,Female,21
S2469,Ali,Brown,student1469@university.com,Female,24
S2470,Ahmed,Davis,student1470@university.com,Female,21
S2471,Sara,Brown,student1471@university.com,Male,19
S2472,Ali,Davis,student1472@university.com,Male,21
S2473,Sara,Davis,student1473@university.com,Male,18
S2474,Liam,Williams,student1474@university.com,Male,23
S2475,Liam,Brown,student1475@university.com,Female,23
S2476,Omar,Johnson,student1476@university.com,Male,20
S2477,Liam,Davis,student1477@university.com,Female,21
S2478,Emma,Jones,student1478@university.com,Female,23
S2479,Liam,Jones,student1479@university.com,Female,21
S2480,John,Johnson,student1480@university.com,Female,20
S2481,Ahmed,Jones,student1481@university.com,Female,23
S2482,Emma,Smith,student1482@university.com,Female,18
S2483,Ali,Davis,student1483@university.com,Male,19
S2484,Omar,Johnson,student1484@university.com,Male,24
S2485,Omar,Brown,student1485@university.com,Male,24
S2486,Omar,Davis,student1486@university.com,Male,24
S2487,Ali,Johnson,student1487@university.com,Male,21
S2488,Ali,Williams,student1488@university.com,Female,23
S2489,Ali,Brown,student1489@university.com,Male,23
S2490,Ali,Williams,student1490@university.com,Male,20
S2491,Omar,Davis,student1491@university.com,Male,18
S2492,Omar,Brown,student1492@university.com,Female,22
S2493,Sara,Jones,student1493@university.com,Female,23
S2494,Emma,Johnson,student1494@university.com,Female,19
S2495,Ahmed,Davis,student1495@university.com,Male,20
S2496,Liam,Smith,student1496@university.com,Male,23
S2497,Liam,Brown,student1497@university.com,Male,23
S2498,John,Brown,student1498@university.com,Male,20
S2499,Omar,Davis,student1499@university.com,Male,20
S2500,John,Davis,student1500@university.com,Female,21
S2501,Emma,Williams,student1501@university.com,Male,23
S2502,Emma,Jones,student1502@university.com,Female,22
S2503,John,Williams,student1503@university.com,Male,19
S2504,Omar,Williams,student1504@university.com,Female,18
S2505,John,Jones,student1505@university.com,Female,18
S2506,Liam,Smith,student1506@university.com,Female,22
S2507,Sara,Williams,student1507@university.com,Female,20
S2508,Liam,Williams,student1508@university.com,Male,20
S2509,Maria,Brown,student1509@university.com,Male,20
S2510,Omar,Jones,student1510@university.com,Male,23
S2511,Omar,Johnson,student1511@university.com,Female,20
S2512,Ahmed,Smith,student1512@university.com,Male,20
S2513,Ali,Smith,student1513@university.com,Male,23
S2514,Maria,Jones,student1514@university.com,Male,23
S2515,Emma,Davis,student1515@university.com,Male,22
S2516,Omar,Davis,student1516@university.com,Female,21
S2517,John,Brown,student1517@university.com,Female,23
S2518,Maria,Brown,student1518@university.com,Male,19
S2519,Ahmed,Jones,student1519@university.com,Male,20
S2520,Emma,Brown,student1520@university.com,Male,21
S2521,Ali,Smith,student1521@university.com,Female,18
S2522,Ali,Smith,student1522@university.com,Female,22
S2523,Ahmed,Johnson,student1523@university.com,Female,21
S2524,Ahmed,Davis,student1524@university.com,Male,23
S2525,John,Jones,student1525@university.com,Female,20
S2526,Omar,Williams,student1526@university.com,Female,20
S2527,Ali,Davis,student1527@university.com,Female,20
S2528,Emma,Williams,student1528@university.com,Female,21
S2529,Maria,Johnson,student1529@university.com,Female,20
S2530,Emma,Johnson,student1530@university.com,Male,23
S2531,Sara,Brown,student1531@university.com,Male,21
S2532,Sara,Johnson,student1532@university.com,Male,20
S2533,Ahmed,Johnson,student1533@university.com,Male,18
S2534,John,Williams,student1534@university.com,Female,18
S2535,Sara,Brown,student1535@university.com,Male,19
S2536,Ali,Johnson,student1536@university.com,Male,20
S2537,Emma,Davis,student1537@university.com,Male,20
S2538,Emma,Johnson,student1538@university.com,Female,21
S2539,Ahmed,Brown,student1539@university.com,Male,21
S2540,Omar,Jones,student1540@university.com,Female,24
S2541,Omar,Brown,student1541@university.com,Female,20
S2542,Maria,Williams,student1542@university.com,Female,19
S2543,Ahmed,Jones,student1543@university.com,Male,20
S2544,Liam,Davis,student1544@university.com,Female,23
S2545,Maria,Smith,student1545@university.com,Male,21
S2546,Liam,Brown,student1546@university.com,Male,20
S2547,Omar,Williams,student1547@university.com,Male,21
S2548,Ahmed,Davis,student1548@university.com,Female,20
S2549,Liam,Jones,student1549@university.com,Female,22
S2550,Ahmed,Davis,student1550@university.com,Male,21
S2551,Ahmed,Brown,student1551@university.com,Female,19
S2552,Omar,Johnson,student1552@university.com,Female,22
S2553,Maria,Brown,student1553@university.com,Female,23
S2554,Maria,Smith,student1554@university.com,Male,20
S2555,Ahmed,Brown,student1555@university.com,Female,24
S2556,Sara,Jones,student1556@university.com,Female,23
S2557,John,Jones,student1557@university.com,Male,21
S2558,Omar,Brown,student1558@university.com,Female,22
S2559,John,Jones,student1559@university.com,Male,23
S2560,John,Johnson,student1560@university.com,Female,19
S2561,Maria,Davis,student1561@university.com,Female,24
S2562,Maria,Brown,student1562@university.com,Female,21
S2563,Sara,Johnson,student1563@university.com,Female,22
S2564,John,Davis,student1564@university.com,Female,23
S2565,John,Davis,student1565@university.com,Female,22
S2566,Ahmed,Johnson,student1566@university.com,Male,22
S2567,Maria,Williams,student1567@university.com,Female,23
S2568,John,Brown,student1568@university.com,Female,18
S2569,Emma,Davis,student1569@university.com,Female,20
S2570,Sara,Davis,student1570@university.com,Male,21
S2571,Liam,Jones,student1571@university.com,Male,21
S2572,Emma,Davis,student1572@university.com,Male,24
S2573,Emma,Johnson,student1573@university.com,Female,24
S2574,Liam,Davis,student1574@university.com,Female,24
S2575,Omar,Williams,student1575@university.com,Male,21
S2576,Omar,Brown,student1576@university.com,Male,22
S2577,Sara,Brown,student1577@university.com,Male,24
S2578,Emma,Davis,student1578@university.com,Female,23
S2579,John,Smith,student1579@university.com,Male,20
S2580,Maria,Smith,student1580@university.com,Female,19
S2581,Sara,Johnson,student1581@university.com,Female,21
S2582,Ahmed,Smith,student1582@university.com,Female,23
S2583,Liam,Johnson,student1583@university.com,Male,20
S2584,Emma,Jones,student1584@university.com,Female,20
S2585,Sara,Johnson,student1585@university.com,Male,18
S2586,Ali,Smith,student1586@university.com,Male,23
S2587,Ali,Davis,student1587@university.com,Male,21
S2588,Omar,Jones,student1588@university.com,Male,24
S2589,Liam,Smith,student1589@university.com,Female,22
S2590,Maria,Johnson,student1590@university.com,Female,24
S2591,John,Williams,student1591@university.com,Female,20
S2592,Maria,Brown,student1592@university.com,Female,20
S2593,Maria,Smith,student1593@university.com,Male,19
S2594,Maria,Johnson,student1594@university.com,Male,24
S2595,Liam,Jones,student1595@university.com,Male,18
S2596,Maria,Smith,student1596@university.com,Male,20
S2597,Ahmed,Smith,student1597@university.com,Female,20
S2598,Liam,Brown,student1598@university.com,Male,22
S2599,Ahmed,Johnson,student1599@university.com,Female,22
S2600,Liam,Williams,student1600@university.com,Male,19
S2601,Omar,Jones,student1601@university.com,Male,23
S2602,Sara,Johnson,student1602@university.com,Male,19
S2603,Ali,Jones,student1603@university.com,Male,19
S2604,Maria,Smith,student1604@university.com,Female,22
S2605,Omar,Brown,student1605@university.com,Female,24
S2606,Sara,Brown,student1606@university.com,Female,24
S2607,Ali,Davis,student1607@university.com,Female,24
S2608,Emma,Williams,student1608@university.com,Male,23
S2609,John,Brown,student1609@university.com,Male,22
S2610,Ahmed,Smith,student1610@university.com,Female,18
S2611,Emma,Williams,student1611@university.com,Female,21
S2612,Liam,Johnson,student1612@university.com,Male,21
S2613,Ali,Brown,student1613@university.com,Male,18
S2614,Emma,Williams,student1614@university.com,Female,24
S2615,John,Smith,student1615@university.com,Female,21
S2616,Omar,Davis,student1616@university.com,Female,23
S2617,Ali,Jones,student1617@university.com,Male,22
S2618,Emma,Jones,student1618@university.com,Female,21
S2619,Ahmed,Smith,student1619@university.com,Female,23
S2620,Ahmed,Smith,student1620@university.com,Female,22
S2621,Sara,Jones,student1621@university.com,Female,23
S2622,Emma,Davis,student1622@university.com,Female,18
S2623,Maria,Williams,student1623@university.com,Male,19
S2624,Emma,Jones,student1624@university.com,Female,18
S2625,Omar,Smith,student1625@university.com,Male,21
S2626,Ali,Brown,student1626@university.com,Female,22
S2627,Ali,Johnson,student1627@university.com,Female,23
S2628,Omar,Davis,student1628@university.com,Female,21
S2629,Emma,Davis,student1629@university.com,Male,21
S2630,Omar,Brown,student1630@university.com,Male,19
S2631,John,Brown,student1631@university.com,Male,24
S2632,Liam,Smith,student1632@university.com,Female,21
S2633,Omar,Jones,student1633@university.com,Female,19
S2634,Ahmed,Williams,student1634@university.com,Male,22
S2635,Omar,Davis,student1635@university.com,Male,22
S2636,Ali,Davis,student1636@university.com,Female,23
S2637,Ahmed,Brown,student1637@university.com,Male,24
S2638,Ali,Jones,student1638@university.com,Female,19
S2639,Sara,Davis,student1639@university.com,Male,18
S2640,Maria,Williams,student1640@university.com,Male,22
S2641,Ali,Brown,student1641@university.com,Male,24
S2642,Ahmed,Williams,student1642@university.com,Female,23
S2643,Sara,Jones,student1643@university.com,Female,18
S2644,Ali,Davis,student1644@university.com,Male,22
S2645,John,Johnson,student1645@university.com,Female,22
S2646,Omar,Davis,student1646@university.com,Female,23
S2647,Maria,Jones,student1647@university.com,Female,23
S2648,Ali,Davis,student1648@university.com,Female,20
S2649,Sara,Davis,student1649@university.com,Male,21
S2650,John,Smith,student1650@university.com,Female,21
S2651,Emma,Davis,student1651@university.com,Female,18
S2652,Sara,Davis,student1652@university.com,Male,21
S2653,Omar,Williams,student1653@university.com,Female,18
S2654,Sara,Johnson,student1654@university.com,Female,24
S2655,John,Williams,student1655@university.com,Female,22
S2656,Sara,Williams,student1656@university.com,Male,20
S2657,John,Brown,student1657@university.com,Male,20
S2658,Ali,Smith,student1658@university.com,Female,22
S2659,Liam,Williams,student1659@university.com,Female,23
S2660,John,Jones,student1660@university.com,Male,19
S2661,John,Jones,student1661@university.com,Male,19
S2662,Maria,Davis,student1662@university.com,Male,21
S2663,John,Brown,student1663@university.com,Female,23
S2664,John,Smith,student1664@university.com,Female,18
S2665,Emma,Smith,student1665@university.com,Male,24
S2666,Liam,Davis,student1666@university.com,Female,20
S2667,Ali,Jones,student1667@university.com,Female,21
S2668,Omar,Johnson,student1668@university.com,Female,22
S2669,Maria,Brown,student1669@university.com,Female,23
S2670,Emma,Davis,student1670@university.com,Female,20
S2671,Ahmed,Brown,student1671@university.com,Female,18
S2672,Liam,Jones,student1672@university.com,Female,18
S2673,Ali,Jones,student1673@university.com,Male,19
S2674,Ali,Johnson,student1674@university.com,Male,21
S2675,Ahmed,Johnson,student1675@university.com,Male,22
S2676,Omar,Smith,student1676@university.com,Male,20
S2677,John,Brown,student1677@university.com,Male,24
S2678,Emma,Brown,student1678@university.com,Male,18
S2679,Sara,Jones,student1679@university.com,Male,20
S2680,Maria,Smith,student1680@university.com,Male,22
S2681,Sara,Davis,student1681@university.com,Male,20
S2682,Ahmed,Brown,student1682@university.com,Female,21
S2683,Ali,Smith,student1683@university.com,Female,19
S2684,Omar,Smith,student1684@university.com,Male,20
S2685,Ali,Jones,student1685@university.com,Female,23
S2686,Maria,Smith,student1686@university.com,Female,19
S2687,Ali,Johnson,student1687@university.com,Male,22
S2688,Ali,Johnson,student1688@university.com,Male,19
S2689,Maria,Williams,student1689@university.com,Male,20
S2690,Emma,Jones,student1690@university.com,Female,20
S2691,Emma,Davis,student1691@university.com,Female,23
S2692,Maria,Williams,student1692@university.com,Male,18
S2693,Omar,Johnson,student1693@university.com,Female,23
S2694,Ahmed,Williams,student1694@university.com,Female,20
S2695,Liam,Jones,student1695@university.com,Female,24
S2696,Ali,Jones,student1696@university.com,Male,19
S2697,Omar,Smith,student1697@university.com,Female,23
S2698,Ali,Brown,student1698@university.com,Female,23
S2699,Liam,Smith,student1699@university.com,Female,24
S2700,Ahmed,Jones,student1700@university.com,Female,24
S2701,Emma,Johnson,student1701@university.com,Female,24
S2702,Omar,Davis,student1702@university.com,Female,18
S2703,John,Johnson,student1703@university.com,Female,20
S2704,John,Smith,student1704@university.com,Male,20
S2705,Liam,Davis,student1705@university.com,Male,22
S2706,John,Jones,student1706@university.com,Female,18
S2707,Emma,Johnson,student1707@university.com,Male,22
S2708,Liam,Jones,student1708@university.com,Female,22
S2709,Emma,Davis,student1709@university.com,Female,22
S2710,Ahmed,Davis,student1710@university.com,Female,21
S2711,Ali,Johnson,student1711@university.com,Male,22
S2712,Ahmed,Jones,student1712@university.com,Female,23
S2713,Ahmed,Williams,student1713@university.com,Female,19
S2714,Emma,Jones,student1714@university.com,Male,23
S2715,Liam,Davis,student1715@university.com,Male,23
S2716,Liam,Jones,student1716@university.com,Female,20
S2717,John,Smith,student1717@university.com,Male,21
S2718,Sara,Williams,student1718@university.com,Male,22
S2719,Ali,Brown,student1719@university.com,Female,20
S2720,Emma,Smith,student1720@university.com,Female,18
S2721,John,Brown,student1721@university.com,Female,18
S2722,Omar,Johnson,student1722@university.com,Male,20
S2723,Sara,Brown,student1723@university.com,Male,19
S2724,Sara,Jones,student1724@university.com,Male,20
S2725,Emma,Brown,student1725@university.com,Female,20
S2726,Maria,Davis,student1726@university.com,Male,21
S2727,Ali,Smith,student1727@university.com,Male,18
S2728,Sara,Smith,student1728@university.com,Female,18
S2729,Emma,Brown,student1729@university.com,Female,22
S2730,Emma,Smith,student1730@university.com,Female,23
S2731,John,Davis,student1731@university.com,Male,20
S2732,Omar,Smith,student1732@university.com,Female,20
S2733,Maria,Brown,student1733@university.com,Male,19
S2734,Ali,Williams,student1734@university.com,Male,24
S2735,Liam,Williams,student1735@university.com,Female,24
S2736,Ahmed,Johnson,student1736@university.com,Female,18
S2737,Omar,Smith,student1737@university.com,Female,19
S2738,Omar,Brown,student1738@university.com,Female,21
S2739,John,Smith,student1739@university.com,Female,22
S2740,Liam,Jones,student1740@university.com,Male,19
S2741,Sara,Davis,student1741@university.com,Male,18
S2742,Sara,Smith,student1742@university.com,Male,21
S2743,John,Smith,student1743@university.com,Female,20
S2744,Emma,Williams,student1744@university.com,Male,21
S2745,Sara,Davis,student1745@university.com,Female,23
S2746,Maria,Brown,student1746@university.com,Female,19
S2747,Ali,Smith,student1747@university.com,Male,18
S2748,Omar,Williams,student1748@university.com,Male,19
S2749,Omar,Johnson,student1749@university.com,Female,20
S2750,Maria,Davis,student1750@university.com,Male,24
S2751,Liam,Williams,student1751@university.com,Female,20
S2752,Sara,Williams,student1752@university.com,Male,18
S2753,Omar,Williams,student1753@university.com,Male,23
S2754,Ahmed,Smith,student1754@university.com,Male,22
S2755,Liam,Smith,student1755@university.com,Male,21
S2756,Ali,Johnson,student1756@university.com,Male,21
S2757,Ali,Jones,student1757@university.com,Female,20
S2758,Omar,Jones,student1758@university.com,Male,19
S2759,John,Jones,student1759@university.com,Male,24
S2760,Liam,Davis,student1760@university.com,Male,19
S2761,Omar,Davis,student1761@university.com,Female,23
S2762,John,Johnson,student1762@university.com,Female,22
S2763,Omar,Davis,student1763@university.com,Female,19
S2764,Ahmed,Jones,student1764@university.com,Female,21
S2765,Liam,Jones,student1765@university.com,Female,24
S2766,Emma,Williams,student1766@university.com,Male,19
S2767,Ali,Davis,student1767@university.com,Male,24
S2768,Omar,Smith,student1768@university.com,Male,22
S2769,Ahmed,Smith,student1769@university.com,Female,21
S2770,John,Williams,student1770@university.com,Female,24
S2771,John,Williams,student1771@university.com,Male,19
S2772,Ali,Williams,student1772@university.com,Female,21
S2773,Maria,Smith,student1773@university.com,Female,20
S2774,Omar,Jones,student1774@university.com,Female,20
S2775,Liam,Williams,student1775@university.com,Male,23
S2776,Sara,Johnson,student1776@university.com,Male,20
S2777,John,Williams,student1777@university.com,Female,19
S2778,Liam,Brown,student1778@university.com,Female,22
S2779,Liam,Williams,student1779@university.com,Female,21
S2780,Emma,Smith,student1780@university.com,Female,24
S2781,Liam,Davis,student1781@university.com,Male,18
S2782,Liam,Williams,student1782@university.com,Female,20
S2783,Emma,Davis,student1783@university.com,Male,20
S2784,John,Brown,student1784@university.com,Male,18
S2785,Liam,Johnson,student1785@university.com,Male,24
S2786,Maria,Davis,student1786@university.com,Female,24
S2787,Maria,Jones,student1787@university.com,Male,18
S2788,Ahmed,Williams,student1788@university.com,Male,24
S2789,Emma,Brown,student1789@university.com,Female,19
S2790,Ahmed,Brown,student1790@university.com,Female,24
S2791,Emma,Davis,student1791@university.com,Female,21
S2792,Omar,Johnson,student1792@university.com,Male,24
S2793,Omar,Smith,student1793@university.com,Female,20
S2794,Liam,Williams,student1794@university.com,Male,22
S2795,Sara,Brown,student1795@university.com,Male,19
S2796,Omar,Johnson,student1796@university.com,Female,19
S2797,Sara,Jones,student1797@university.com,Male,24
S2798,Omar,Brown,student1798@university.com,Male,22
S2799,Ali,Johnson,student1799@university.com,Male,22
S2800,Omar,Smith,student1800@university.com,Male,23
S2801,Ahmed,Smith,student1801@university.com,Female,22
S2802,John,Brown,student1802@university.com,Male,24
S2803,Liam,Brown,student1803@university.com,Female,24
S2804,Ahmed,Davis,student1804@university.com,Male,18
S2805,John,Williams,student1805@university.com,Male,20
S2806,Maria,Johnson,student1806@university.com,Female,23
S2807,Ahmed,Brown,student1807@university.com,Male,24
S2808,Maria,Williams,student1808@university.com,Male,18
S2809,Sara,Davis,student1809@university.com,Male,23
S2810,Sara,Williams,student1810@university.com,Male,20
S2811,Ali,Brown,student1811@university.com,Male,23
S2812,Omar,Smith,student1812@university.com,Male,18
S2813,Ahmed,Johnson,student1813@university.com,Female,21
S2814,Maria,Johnson,student1814@university.com,Female,24
S2815,John,Smith,student1815@university.com,Female,20
S2816,Sara,Brown,student1816@university.com,Male,19
S2817,Omar,Johnson,student1817@university.com,Male,20
S2818,Sara,Brown,student1818@university.com,Male,20
S2819,John,Davis,student1819@university.com,Female,20
S2820,Omar,Brown,student1820@university.com,Male,21
S2821,Omar,Williams,student1821@university.com,Female,24
S2822,Maria,Smith,student1822@university.com,Male,18
S2823,Maria,Brown,student1823@university.com,Male,24
S2824,Ahmed,Davis,student1824@university.com,Male,19
S2825,Ahmed,Jones,student1825@university.com,Female,18
S2826,Emma,Smith,student1826@university.com,Male,23
S2827,Liam,Johnson,student1827@university.com,Female,23
S2828,Emma,Williams,student1828@university.com,Male,23
S2829,Ali,Johnson,student1829@university.com,Male,18
S2830,Sara,Davis,student1830@university.com,Female,22
S2831,Ahmed,Davis,student1831@university.com,Male,21
S2832,Maria,Johnson,student1832@university.com,Male,22
S2833,John,Smith,student1833@university.com,Male,24
S2834,Maria,Johnson,student1834@university.com,Male,23
S2835,Sara,Brown,student1835@university.com,Female,21
S2836,Emma,Johnson,student1836@university.com,Female,18
S2837,Maria,Williams,student1837@university.com,Male,23
S2838,Liam,Williams,student1838@university.com,Male,18
S2839,Ali,Jones,student1839@university.com,Female,21
S2840,Sara,Williams,student1840@university.com,Male,18
S2841,Emma,Johnson,student1841@university.com,Female,18
S2842,Liam,Williams,student1842@university.com,Male,19
S2843,John,Smith,student1843@university.com,Female,24
S2844,Emma,Williams,student1844@university.com,Female,22
S2845,Omar,Brown,student1845@university.com,Female,22
S2846,Liam,Smith,student1846@university.com,Female,22
S2847,Liam,Jones,student1847@university.com,Male,20
S2848,Ali,Brown,student1848@university.com,Male,19
S2849,Sara,Johnson,student1849@university.com,Female,23
S2850,John,Johnson,student1850@university.com,Female,23
S2851,Ali,Johnson,student1851@university.com,Female,23
S2852,Emma,Brown,student1852@university.com,Female,22
S2853,Ali,Brown,student1853@university.com,Male,24
S2854,Liam,Brown,student1854@university.com,Female,22
S2855,Sara,Smith,student1855@university.com,Female,24
S2856,Ahmed,Davis,student1856@university.com,Female,19
S2857,Ali,Smith,student1857@university.com,Female,24
S2858,Omar,Johnson,student1858@university.com,Female,18
S2859,Ali,Davis,student1859@university.com,Female,22
S2860,Emma,Williams,student1860@university.com,Female,23
S2861,Emma,Johnson,student1861@university.com,Male,18
S2862,John,Jones,student1862@university.com,Female,22
S2863,Emma,Smith,student1863@university.com,Female,21
S2864,Maria,Brown,student1864@university.com,Female,20
S2865,Sara,Smith,student1865@university.com,Male,22
S2866,Sara,Brown,student1866@university.com,Male,21
S2867,Ahmed,Davis,student1867@university.com,Male,19
S2868,Ahmed,Jones,student1868@university.com,Female,21
S2869,Sara,Davis,student1869@university.com,Female,19
S2870,Omar,Jones,student1870@university.com,Female,22
S2871,Ahmed,Smith,student1871@university.com,Male,19
S2872,John,Brown,student1872@university.com,Female,21
S2873,Emma,Davis,student1873@university.com,Male,24
S2874,Sara,Jones,student1874@university.com,Male,20
S2875,Liam,Johnson,student1875@university.com,Male,18
S2876,Ahmed,Johnson,student1876@university.com,Male,18
S2877,Sara,Davis,student1877@university.com,Male,20
S2878,Maria,Brown,student1878@university.com,Female,23
S2879,Ali,Davis,student1879@university.com,Female,18
S2880,Emma,Smith,student1880@university.com,Male,22
S2881,Sara,Jones,student1881@university.com,Female,23
S2882,Ali,Smith,student1882@university.com,Female,22
S2883,Ahmed,Johnson,student1883@university.com,Male,21
S2884,Ali,Jones,student1884@university.com,Male,21
S2885,Emma,Davis,student1885@university.com,Female,23
S2886,Sara,Smith,student1886@university.com,Female,23
S2887,Maria,Williams,student1887@university.com,Female,23
S2888,Omar,Brown,student1888@university.com,Female,23
S2889,Ahmed,Brown,student1889@university.com,Male,19
S2890,Sara,Williams,student1890@university.com,Female,24
S2891,Emma,Johnson,student1891@university.com,Male,23
S2892,Ahmed,Jones,student1892@university.com,Male,24
S2893,John,Brown,student1893@university.com,Female,23
S2894,Ali,Williams,student1894@university.com,Female,21
S2895,Omar,Davis,student1895@university.com,Female,22
S2896,Emma,Williams,student1896@university.com,Male,24
S2897,John,Johnson,student1897@university.com,Male,21
S2898,Liam,Johnson,student1898@university.com,Male,18
S2899,Sara,Smith,student1899@university.com,Male,19
S2900,Maria,Brown,student1900@university.com,Female,19
S2901,Ahmed,Smith,student1901@university.com,Male,22
S2902,Ali,Williams,student1902@university.com,Male,23
S2903,Ahmed,Jones,student1903@university.com,Female,21
S2904,Omar,Jones,student1904@university.com,Male,18
S2905,Sara,Johnson,student1905@university.com,Male,21
S2906,Ahmed,Jones,student1906@university.com,Female,23
S2907,Ali,Jones,student1907@university.com,Male,23
S2908,Sara,Jones,student1908@university.com,Male,20
S2909,Ahmed,Williams,student1909@university.com,Male,21
S2910,Maria,Jones,student1910@university.com,Male,22
S2911,Emma,Davis,student1911@university.com,Female,21
S2912,Sara,Jones,student1912@university.com,Male,19
S2913,Emma,Jones,student1913@university.com,Female,18
S2914,Liam,Smith,student1914@university.com,Male,24
S2915,Sara,Williams,student1915@university.com,Female,22
S2916,Maria,Johnson,student1916@university.com,Female,20
S2917,Emma,Smith,student1917@university.com,Female,18
S2918,John,Brown,student1918@university.com,Male,18
S2919,Ali,Williams,student1919@university.com,Male,24
S2920,John,Davis,student1920@university.com,Male,19
S2921,Ahmed,Williams,student1921@university.com,Female,19
S2922,Maria,Brown,student1922@university.com,Male,19
S2923,John,Brown,student1923@university.com,Male,22
S2924,Sara,Brown,student1924@university.com,Male,21
S2925,Ahmed,Johnson,student1925@university.com,Male,18
S2926,Ahmed,Jones,student1926@university.com,Female,21
S2927,John,Williams,student1927@university.com,Female,21
S2928,Liam,Jones,student1928@university.com,Male,19
S2929,John,Jones,student1929@university.com,Male,21
S2930,Liam,Davis,student1930@university.com,Male,18
S2931,Maria,Brown,student1931@university.com,Female,18
S2932,Ali,Johnson,student1932@university.com,Male,23
S2933,John,Davis,student1933@university.com,Female,20
S2934,Omar,Smith,student1934@university.com,Female,22
S2935,Liam,Johnson,student1935@university.com,Male,21
S2936,John,Jones,student1936@university.com,Male,22
S2937,Emma,Johnson,student1937@university.com,Male,22
S2938,Sara,Brown,student1938@university.com,Female,22
S2939,Omar,Smith,student1939@university.com,Female,24
S2940,Omar,Brown,student1940@university.com,Male,23
S2941,Liam,Smith,student1941@university.com,Female,22
S2942,Emma,Davis,student1942@university.com,Male,23
S2943,Emma,Jones,student1943@university.com,Male,18
S2944,Ahmed,Smith,student1944@university.com,Female,24
S2945,Liam,Smith,student1945@university.com,Female,21
S2946,Ali,Smith,student1946@university.com,Female,23
S2947,Sara,Johnson,student1947@university.com,Female,20
S2948,Maria,Davis,student1948@university.com,Male,22
S2949,Omar,Johnson,student1949@university.com,Male,24
S2950,Maria,Jones,student1950@university.com,Male,20
S2951,John,Smith,student1951@university.com,Female,18
S2952,John,Davis,student1952@university.com,Male,18
S2953,Maria,Davis,student1953@university.com,Female,19
S2954,John,Williams,student1954@university.com,Female,22
S2955,Ali,Jones,student1955@university.com,Female,19
S2956,Emma,Davis,student1956@university.com,Male,24
S2957,John,Smith,student1957@university.com,Female,20
S2958,Ahmed,Smith,student1958@university.com,Female,21
S2959,John,Davis,student1959@university.com,Female,19
S2960,Sara,Johnson,student1960@university.com,Female,18
S2961,Ali,Jones,student1961@university.com,Female,22
S2962,Sara,Smith,student1962@university.com,Female,20
S2963,Sara,Davis,student1963@university.com,Female,23
S2964,Ahmed,Smith,student1964@university.com,Female,24
S2965,Ali,Davis,student1965@university.com,Female,24
S2966,Ali,Jones,student1966@university.com,Female,18
S2967,Liam,Davis,student1967@university.com,Female,23
S2968,Ali,Williams,student1968@university.com,Female,24
S2969,Ali,Davis,student1969@university.com,Male,21
S2970,Ali,Davis,student1970@university.com,Male,22
S2971,Ahmed,Jones,student1971@university.com,Female,21
S2972,John,Davis,student1972@university.com,Female,24
S2973,Liam,Jones,student1973@university.com,Female,21
S2974,Sara,Williams,student1974@university.com,Male,24
S2975,Ali,Jones,student1975@university.com,Male,22
S2976,Omar,Smith,student1976@university.com,Male,22
S2977,John,Jones,student1977@university.com,Female,23
S2978,John,Williams,student1978@university.com,Female,21
S2979,Sara,Brown,student1979@university.com,Female,20
S2980,Ahmed,Davis,student1980@university.com,Female,23
S2981,Maria,Jones,student1981@university.com,Male,22
S2982,Maria,Davis,student1982@university.com,Female,18
S2983,John,Johnson,student1983@university.com,Male,24
S2984,Emma,Smith,student1984@university.com,Male,23
S2985,Emma,Smith,student1985@university.com,Female,19
S2986,Sara,Johnson,student1986@university.com,Male,20
S2987,Maria,Johnson,student1987@university.com,Male,24
S2988,John,Jones,student1988@university.com,Male,23
S2989,Ahmed,Johnson,student1989@university.com,Male,22
S2990,Maria,Brown,student1990@university.com,Female,22
S2991,John,Davis,student1991@university.com,Female,20
S2992,John,Davis,student1992@university.com,Male,19
S2993,Ali,Williams,student1993@university.com,Female,23
S2994,Ahmed,Johnson,student1994@university.com,Male,23
S2995,Ali,Johnson,student1995@university.com,Female,21
S2996,Sara,Brown,student1996@university.com,Female,18
S2997,Ali,Smith,student1997@university.com,Female,22
S2998,Omar,Smith,student1998@university.com,Female,23
S2999,Ali,Davis,student1999@university.com,Female,23
S3000,Omar,Davis,student2000@university.com,Male,24
S3001,Maria,Jones,student2001@university.com,Female,24
S3002,Emma,Brown,student2002@university.com,Male,23
S3003,Liam,Williams,student2003@university.com,Male,19
S3004,Liam,Williams,student2004@university.com,Female,18
S3005,John,Brown,student2005@university.com,Male,23
S3006,Liam,Williams,student2006@university.com,Female,20
S3007,Omar,Smith,student2007@university.com,Male,22
S3008,Ahmed,Williams,student2008@university.com,Male,21
S3009,Ali,Williams,student2009@university.com,Female,24
S3010,Omar,Brown,student2010@university.com,Female,20
S3011,Ahmed,Brown,student2011@university.com,Female,22
S3012,Emma,Williams,student2012@university.com,Female,24
S3013,Liam,Johnson,student2013@university.com,Male,19
S3014,Emma,Brown,student2014@university.com,Female,24
S3015,Liam,Jones,student2015@university.com,Male,18
S3016,Ali,Jones,student2016@university.com,Male,18
S3017,Sara,Smith,student2017@university.com,Male,22
S3018,Ali,Williams,student2018@university.com,Male,20
S3019,Maria,Johnson,student2019@university.com,Male,21
S3020,Omar,Smith,student2020@university.com,Male,19
S3021,John,Williams,student2021@university.com,Female,22
S3022,Sara,Brown,student2022@university.com,Male,19
S3023,Ali,Jones,student2023@university.com,Male,18
S3024,Ahmed,Davis,student2024@university.com,Male,23
S3025,Sara,Johnson,student2025@university.com,Female,23
S3026,Omar,Davis,student2026@university.com,Female,21
S3027,Liam,Jones,student2027@university.com,Male,19
S3028,Sara,Davis,student2028@university.com,Female,22
S3029,Liam,Brown,student2029@university.com,Male,21
S3030,Omar,Williams,student2030@university.com,Female,24
S3031,Ali,Brown,student2031@university.com,Male,24
S3032,Omar,Davis,student2032@university.com,Female,20
S3033,Sara,Brown,student2033@university.com,Female,23
S3034,Ahmed,Jones,student2034@university.com,Female,22
S3035,Emma,Johnson,student2035@university.com,Male,19
S3036,Sara,Brown,student2036@university.com,Male,21
S3037,Omar,Jones,student2037@university.com,Male,22
S3038,Emma,Johnson,student2038@university.com,Female,21
S3039,Omar,Williams,student2039@university.com,Female,21
S3040,Ahmed,Davis,student2040@university.com,Male,21
S3041,Omar,Williams,student2041@university.com,Female,19
S3042,Ali,Smith,student2042@university.com,Male,22
S3043,John,Jones,student2043@university.com,Male,18
S3044,Liam,Johnson,student2044@university.com,Male,18
S3045,Liam,Brown,student2045@university.com,Male,19
S3046,Sara,Williams,student2046@university.com,Female,24
S3047,John,Johnson,student2047@university.com,Female,19
S3048,Omar,Jones,student2048@university.com,Female,23
S3049,Ahmed,Smith,student2049@university.com,Male,21
S3050,Sara,Williams,student2050@university.com,Female,22
S3051,Omar,Davis,student2051@university.com,Male,22
S3052,Emma,Johnson,student2052@university.com,Male,20
S3053,Maria,Davis,student2053@university.com,Male,20
S3054,Omar,Johnson,student2054@university.com,Male,18
S3055,John,Johnson,student2055@university.com,Male,20
S3056,Sara,Jones,student2056@university.com,Male,20
S3057,John,Jones,student2057@university.com,Female,18
S3058,Sara,Jones,student2058@university.com,Female,23
S3059,Omar,Brown,student2059@university.com,Female,24
S3060,Ali,Johnson,student2060@university.com,Female,18
S3061,Emma,Williams,student2061@university.com,Male,24
S3062,Omar,Davis,student2062@university.com,Male,20
S3063,Liam,Jones,student2063@university.com,Female,22
S3064,John,Jones,student2064@university.com,Female,20
S3065,Maria,Davis,student2065@university.com,Female,21
S3066,Maria,Davis,student2066@university.com,Female,24
S3067,Ahmed,Johnson,student2067@university.com,Female,24
S3068,Sara,Jones,student2068@university.com,Female,21
S3069,John,Davis,student2069@university.com,Female,21
S3070,Ahmed,Brown,student2070@university.com,Female,23
S3071,John,Brown,student2071@university.com,Male,19
S3072,Liam,Jones,student2072@university.com,Male,21
S3073,Sara,Davis,student2073@university.com,Male,24
S3074,Omar,Johnson,student2074@university.com,Male,22
S3075,Omar,Johnson,student2075@university.com,Female,24
S3076,Maria,Johnson,student2076@university.com,Male,24
S3077,Omar,Smith,student2077@university.com,Female,23
S3078,Omar,Jones,student2078@university.com,Male,19
S3079,Liam,Johnson,student2079@university.com,Female,19
S3080,Ali,Brown,student2080@university.com,Female,21
S3081,Maria,Davis,student2081@university.com,Male,20
S3082,Ahmed,Williams,student2082@university.com,Male,24
S3083,Emma,Williams,student2083@university.com,Female,18
S3084,Ali,Johnson,student2084@university.com,Female,20
S3085,Ahmed,Williams,student2085@university.com,Female,20
S3086,Sara,Williams,student2086@university.com,Male,19
S3087,Ali,Smith,student2087@university.com,Male,19
S3088,Liam,Brown,student2088@university.com,Female,23
S3089,Ahmed,Brown,student2089@university.com,Male,23
S3090,Sara,Smith,student2090@university.com,Female,19
S3091,Maria,Smith,student2091@university.com,Male,22
S3092,Emma,Williams,student2092@university.com,Male,22
S3093,Sara,Jones,student2093@university.com,Male,18
S3094,Omar,Davis,student2094@university.com,Male,19
S3095,John,Davis,student2095@university.com,Male,21
S3096,Sara,Williams,student2096@university.com,Female,23
S3097,Sara,Davis,student2097@university.com,Female,19
S3098,Emma,Smith,student2098@university.com,Male,22
S3099,John,Brown,student2099@university.com,Female,19
S3100,Omar,Davis,student2100@university.com,Female,22
S3101,Ahmed,Williams,student2101@university.com,Male,19
S3102,Ahmed,Jones,student2102@university.com,Female,24
S3103,Sara,Williams,student2103@university.com,Male,21
S3104,Liam,Johnson,student2104@university.com,Female,18
S3105,Liam,Williams,student2105@university.com,Female,24
S3106,John,Smith,student2106@university.com,Female,21
S3107,John,Brown,student2107@university.com,Female,22
S3108,Omar,Brown,student2108@university.com,Female,23
S3109,Emma,Davis,student2109@university.com,Female,23
S3110,Maria,Smith,student2110@university.com,Female,20
S3111,Ahmed,Johnson,student2111@university.com,Male,21
S3112,Emma,Smith,student2112@university.com,Male,19
S3113,Ali,Williams,student2113@university.com,Male,18
S3114,Ahmed,Smith,student2114@university.com,Male,19
S3115,Emma,Smith,student2115@university.com,Female,19
S3116,Ahmed,Johnson,student2116@university.com,Female,21
S3117,Maria,Williams,student2117@university.com,Female,18
S3118,Ali,Jones,student2118@university.com,Male,20
S3119,Liam,Jones,student2119@university.com,Male,24
S3120,Liam,Brown,student2120@university.com,Male,19
S3121,Maria,Davis,student2121@university.com,Female,18
S3122,Omar,Smith,student2122@university.com,Male,20
S3123,Ali,Brown,student2123@university.com,Female,24
S3124,Sara,Johnson,student2124@university.com,Male,19
S3125,Emma,Jones,student2125@university.com,Female,18
S3126,Ali,Smith,student2126@university.com,Male,24
S3127,Omar,Johnson,student2127@university.com,Female,21
S3128,Omar,Davis,student2128@university.com,Male,23
S3129,Maria,Johnson,student2129@university.com,Male,23
S3130,Ahmed,Smith,student2130@university.com,Female,19
S3131,Ali,Davis,student2131@university.com,Female,19
S3132,Emma,Johnson,student2132@university.com,Male,24
S3133,Ali,Davis,student2133@university.com,Female,18
S3134,John,Smith,student2134@university.com,Male,23
S3135,Ahmed,Smith,student2135@university.com,Female,19
S3136,Emma,Davis,student2136@university.com,Male,20
S3137,Liam,Williams,student2137@university.com,Female,19
S3138,Emma,Brown,student2138@university.com,Male,23
S3139,Sara,Johnson,student2139@university.com,Male,22
S3140,Maria,Johnson,student2140@university.com,Male,23
S3141,Sara,Williams,student2141@university.com,Female,20
S3142,Emma,Williams,student2142@university.com,Male,18
S3143,Ahmed,Williams,student2143@university.com,Female,20
S3144,Ali,Jones,student2144@university.com,Female,22
S3145,Liam,Jones,student2145@university.com,Female,22
S3146,Ali,Davis,student2146@university.com,Male,19
S3147,Ahmed,Jones,student2147@university.com,Female,19
S3148,Emma,Smith,student2148@university.com,Female,23
S3149,Omar,Davis,student2149@university.com,Female,21
S3150,Ali,Johnson,student2150@university.com,Male,20
S3151,Omar,Brown,student2151@university.com,Female,23
S3152,Ali,Smith,student2152@university.com,Female,21
S3153,Ali,Johnson,student2153@university.com,Female,23
S3154,Liam,Johnson,student2154@university.com,Female,22
S3155,Maria,Davis,student2155@university.com,Male,19
S3156,Maria,Williams,student2156@university.com,Male,19
S3157,John,Williams,student2157@university.com,Female,23
S3158,Sara,Smith,student2158@university.com,Female,19
S3159,Ahmed,Williams,student2159@university.com,Female,18
S3160,Ahmed,Johnson,student2160@university.com,Female,23
S3161,Ahmed,Williams,student2161@university.com,Male,22
S3162,John,Jones,student2162@university.com,Male,24
S3163,Maria,Williams,student2163@university.com,Male,23
S3164,Emma,Johnson,student2164@university.com,Male,23
S3165,Omar,Davis,student2165@university.com,Female,19
S3166,Liam,Smith,student2166@university.com,Female,22
S3167,Omar,Brown,student2167@university.com,Male,23
S3168,Emma,Williams,student2168@university.com,Male,19
S3169,Liam,Johnson,student2169@university.com,Female,20
S3170,John,Brown,student2170@university.com,Female,22
S3171,Emma,Brown,student2171@university.com,Female,21
S3172,Ahmed,Jones,student2172@university.com,Female,18
S3173,Sara,Brown,student2173@university.com,Female,21
S3174,Ali,Davis,student2174@university.com,Male,24
S3175,Omar,Johnson,student2175@university.com,Male,22
S3176,Maria,Johnson,student2176@university.com,Female,23
S3177,Maria,Williams,student2177@university.com,Female,19
S3178,John,Williams,student2178@university.com,Male,24
S3179,Liam,Williams,student2179@university.com,Female,22
S3180,Maria,Davis,student2180@university.com,Male,18
S3181,Ahmed,Brown,student2181@university.com,Male,22
S3182,Omar,Brown,student2182@university.com,Male,24
S3183,Emma,Jones,student2183@university.com,Male,19
S3184,Ahmed,Davis,student2184@university.com,Female,21
S3185,John,Williams,student2185@university.com,Female,20
S3186,Ahmed,Smith,student2186@university.com,Male,21
S3187,Emma,Jones,student2187@university.com,Female,19
S3188,Sara,Smith,student2188@university.com,Female,24
S3189,John,Brown,student2189@university.com,Female,19
S3190,Sara,Jones,student2190@university.com,Female,18
S3191,Ali,Jones,student2191@university.com,Male,22
S3192,Sara,Johnson,student2192@university.com,Female,22
S3193,Ali,Brown,student2193@university.com,Male,21
S3194,Ali,Brown,student2194@university.com,Male,24
S3195,Sara,Davis,student2195@university.com,Female,20
S3196,John,Jones,student2196@university.com,Male,20
S3197,Liam,Brown,student2197@university.com,Female,18
S3198,Emma,Jones,student2198@university.com,Female,19
S3199,Ahmed,Davis,student2199@university.com,Male,18
S3200,Ahmed,Davis,student2200@university.com,Female,22
S3201,Emma,Johnson,student2201@university.com,Male,23
S3202,Omar,Jones,student2202@university.com,Male,23
S3203,Omar,Brown,student2203@university.com,Female,23
S3204,Ali,Brown,student2204@university.com,Female,19
S3205,Ali,Jones,student2205@university.com,Female,18
S3206,John,Jones,student2206@university.com,Male,24
S3207,Maria,Jones,student2207@university.com,Female,21
S3208,Sara,Williams,student2208@university.com,Male,22
S3209,Ali,Brown,student2209@university.com,Male,23
S3210,Ahmed,Davis,student2210@university.com,Female,24
S3211,John,Brown,student2211@university.com,Female,20
S3212,Sara,Williams,student2212@university.com,Female,18
S3213,John,Jones,student2213@university.com,Male,22
S3214,Sara,Johnson,student2214@university.com,Female,22
S3215,Sara,Jones,student2215@university.com,Male,20
S3216,Emma,Jones,student2216@university.com,Female,20
S3217,Ali,Williams,student2217@university.com,Female,20
S3218,Liam,Brown,student2218@university.com,Male,23
S3219,John,Jones,student2219@university.com,Male,23
S3220,Liam,Brown,student2220@university.com,Female,18
S3221,John,Smith,student2221@university.com,Female,20
S3222,Emma,Davis,student2222@university.com,Female,21
S3223,Ahmed,Brown,student2223@university.com,Female,22
S3224,Liam,Johnson,student2224@university.com,Female,20
S3225,Ahmed,Davis,student2225@university.com,Male,22
S3226,Omar,Johnson,student2226@university.com,Male,19
S3227,Ali,Jones,student2227@university.com,Male,24
S3228,Ali,Davis,student2228@university.com,Male,19
S3229,Maria,Brown,student2229@university.com,Female,20
S3230,Emma,Davis,student2230@university.com,Male,22
S3231,Ahmed,Jones,student2231@university.com,Male,24
S3232,Sara,Williams,student2232@university.com,Male,19
S3233,John,Johnson,student2233@university.com,Female,20
S3234,Ali,Jones,student2234@university.com,Male,22
S3235,Liam,Williams,student2235@university.com,Female,20
S3236,John,Davis,student2236@university.com,Male,23
S3237,John,Davis,student2237@university.com,Female,22
S3238,Maria,Jones,student2238@university.com,Male,19
S3239,Ahmed,Brown,student2239@university.com,Female,20
S3240,Ali,Davis,student2240@university.com,Male,19
S3241,John,Brown,student2241@university.com,Female,20
S3242,Ali,Brown,student2242@university.com,Female,18
S3243,Sara,Brown,student2243@university.com,Male,19
S3244,Maria,Smith,student2244@university.com,Female,19
S3245,Sara,Williams,student2245@university.com,Female,21
S3246,Ali,Williams,student2246@university.com,Male,24
S3247,Omar,Davis,student2247@university.com,Male,23
S3248,Liam,Davis,student2248@university.com,Female,19
S3249,Ali,Brown,student2249@university.com,Male,22
S3250,Ahmed,Smith,student2250@university.com,Male,24
S3251,John,Brown,student2251@university.com,Male,20
S3252,John,Smith,student2252@university.com,Female,18
S3253,Sara,Brown,student2253@university.com,Female,22
S3254,Liam,Johnson,student2254@university.com,Female,24
S3255,Maria,Johnson,student2255@university.com,Female,22
S3256,Omar,Jones,student2256@university.com,Female,22
S3257,Emma,Brown,student2257@university.com,Female,22
S3258,Liam,Davis,student2258@university.com,Female,24
S3259,John,Williams,student2259@university.com,Male,18
S3260,Ahmed,Jones,student2260@university.com,Female,21
S3261,Liam,Davis,student2261@university.com,Female,23
S3262,Sara,Johnson,student2262@university.com,Male,19
S3263,Sara,Brown,student2263@university.com,Male,24
S3264,Emma,Jones,student2264@university.com,Male,22
S3265,Ahmed,Brown,student2265@university.com,Female,19
S3266,Maria,Johnson,student2266@university.com,Male,24
S3267,Liam,Jones,student2267@university.com,Female,19
S3268,Ahmed,Johnson,student2268@university.com,Female,22
S3269,Maria,Smith,student2269@university.com,Female,21
S3270,Ahmed,Johnson,student2270@university.com,Male,24
S3271,Ahmed,Brown,student2271@university.com,Male,19
S3272,Ali,Williams,student2272@university.com,Female,20
S3273,Sara,Johnson,student2273@university.com,Female,19
S3274,Liam,Davis,student2274@university.com,Female,23
S3275,Ahmed,Williams,student2275@university.com,Male,22
S3276,Liam,Smith,student2276@university.com,Female,18
S3277,Emma,Jones,student2277@university.com,Male,19
S3278,Ahmed,Jones,student2278@university.com,Female,21
S3279,John,Williams,student2279@university.com,Male,20
S3280,Sara,Jones,student2280@university.com,Female,20
S3281,John,Johnson,student2281@university.com,Male,18
S3282,Liam,Williams,student2282@university.com,Male,23
S3283,Liam,Brown,student2283@university.com,Male,18
S3284,Sara,Johnson,student2284@university.com,Male,23
S3285,Liam,Johnson,student2285@university.com,Male,19
S3286,John,Johnson,student2286@university.com,Male,22
S3287,Ahmed,Brown,student2287@university.com,Female,21
S3288,Ahmed,Smith,student2288@university.com,Female,20
S3289,Ali,Davis,student2289@university.com,Female,18
S3290,Emma,Jones,student2290@university.com,Female,21
S3291,Liam,Williams,student2291@university.com,Male,23
S3292,John,Smith,student2292@university.com,Female,22
S3293,Liam,Williams,student2293@university.com,Male,20
S3294,Liam,Jones,student2294@university.com,Male,20
S3295,Maria,Brown,student2295@university.com,Male,23
S3296,Ali,Johnson,student2296@university.com,Female,22
S3297,John,Johnson,student2297@university.com,Male,20
S3298,John,Brown,student2298@university.com,Female,22
S3299,Liam,Smith,student2299@university.com,Female,20
S3300,Ali,Smith,student2300@university.com,Female,19
S3301,Ahmed,Williams,student2301@university.com,Female,23
S3302,John,Brown,student2302@university.com,Female,22
S3303,Ahmed,Smith,student2303@university.com,Male,21
S3304,Ali,Brown,student2304@university.com,Male,19
S3305,Ahmed,Jones,student2305@university.com,Female,24
S3306,Sara,Johnson,student2306@university.com,Male,21
S3307,Maria,Johnson,student2307@university.com,Female,23
S3308,Omar,Johnson,student2308@university.com,Male,20
S3309,John,Brown,student2309@university.com,Male,24
S3310,Emma,Brown,student2310@university.com,Male,21
S3311,Maria,Williams,student2311@university.com,Male,19
S3312,Omar,Johnson,student2312@university.com,Male,24
S3313,Ahmed,Williams,student2313@university.com,Male,24
S3314,John,Johnson,student2314@university.com,Male,22
S3315,Ahmed,Williams,student2315@university.com,Male,18
S3316,Sara,Williams,student2316@university.com,Male,21
S3317,Ali,Jones,student2317@university.com,Male,18
S3318,John,Williams,student2318@university.com,Male,23
S3319,Omar,Brown,student2319@university.com,Male,21
S3320,Omar,Williams,student2320@university.com,Male,21
S3321,Sara,Johnson,student2321@university.com,Female,22
S3322,Sara,Williams,student2322@university.com,Male,20
S3323,Liam,Smith,student2323@university.com,Male,19
S3324,John,Davis,student2324@university.com,Male,19
S3325,Ahmed,Johnson,student2325@university.com,Male,19
S3326,Emma,Smith,student2326@university.com,Male,23
S3327,Omar,Johnson,student2327@university.com,Male,24
S3328,Omar,Brown,student2328@university.com,Female,20
S3329,Sara,Davis,student2329@university.com,Female,18
S3330,Maria,Davis,student2330@university.com,Female,19
S3331,Sara,Brown,student2331@university.com,Male,18
S3332,Emma,Davis,student2332@university.com,Male,20
S3333,Ahmed,Brown,student2333@university.com,Male,23
S3334,Ahmed,Smith,student2334@university.com,Female,20
S3335,Maria,Jones,student2335@university.com,Male,22
S3336,Omar,Johnson,student2336@university.com,Male,24
S3337,Sara,Brown,student2337@university.com,Female,19
S3338,Liam,Johnson,student2338@university.com,Female,23
S3339,Ahmed,Smith,student2339@university.com,Male,22
S3340,Emma,Jones,student2340@university.com,Male,19
S3341,John,Smith,student2341@university.com,Male,20
S3342,Ali,Davis,student2342@university.com,Male,20
S3343,Ali,Johnson,student2343@university.com,Female,21
S3344,Ali,Jones,student2344@university.com,Male,21
S3345,Liam,Davis,student2345@university.com,Male,20
S3346,Omar,Jones,student2346@university.com,Female,20
S3347,Sara,Davis,student2347@university.com,Male,18
S3348,Maria,Smith,student2348@university.com,Male,24
S3349,Liam,Brown,student2349@university.com,Female,18
S3350,Liam,Johnson,student2350@university.com,Female,24
S3351,Ahmed,Williams,student2351@university.com,Male,22
S3352,John,Williams,student2352@university.com,Female,21
S3353,Liam,Smith,student2353@university.com,Female,21
S3354,Emma,Johnson,student2354@university.com,Male,20
S3355,John,Johnson,student2355@university.com,Female,20
S3356,Emma,Smith,student2356@university.com,Male,22
S3357,Omar,Johnson,student2357@university.com,Male,23
S3358,Sara,Brown,student2358@university.com,Male,23
S3359,Ali,Smith,student2359@university.com,Male,23
S3360,Liam,Brown,student2360@university.com,Female,21
S3361,Sara,Johnson,student2361@university.com,Male,18
S3362,Omar,Smith,student2362@university.com,Male,23
S3363,Maria,Johnson,student2363@university.com,Male,19
S3364,Maria,Smith,student2364@university.com,Male,22
S3365,Omar,Johnson,student2365@university.com,Female,23
S3366,Emma,Brown,student2366@university.com,Female,19
S3367,Ahmed,Brown,student2367@university.com,Female,23
S3368,Ahmed,Johnson,student2368@university.com,Male,18
S3369,Emma,Smith,student2369@university.com,Female,18
S3370,Maria,Williams,student2370@university.com,Female,23
S3371,Maria,Brown,student2371@university.com,Male,19
S3372,Liam,Brown,student2372@university.com,Female,22
S3373,Maria,Davis,student2373@university.com,Male,19
S3374,Sara,Williams,student2374@university.com,Female,22
S3375,Maria,Johnson,student2375@university.com,Female,23
S3376,John,Smith,student2376@university.com,Female,22
S3377,Liam,Davis,student2377@university.com,Female,20
S3378,Ali,Johnson,student2378@university.com,Male,21
S3379,Maria,Jones,student2379@university.com,Male,24
S3380,Emma,Brown,student2380@university.com,Female,21
S3381,Ali,Jones,student2381@university.com,Male,18
S3382,Sara,Brown,student2382@university.com,Female,20
S3383,Emma,Brown,student2383@university.com,Female,21
S3384,Ali,Jones,student2384@university.com,Female,23
S3385,Emma,Jones,student2385@university.com,Female,22
S3386,Sara,Johnson,student2386@university.com,Female,22
S3387,Liam,Davis,student2387@university.com,Female,19
S3388,John,Davis,student2388@university.com,Male,19
S3389,Sara,Jones,student2389@university.com,Male,22
S3390,Sara,Johnson,student2390@university.com,Female,23
S3391,Emma,Davis,student2391@university.com,Male,22
S3392,Liam,Johnson,student2392@university.com,Female,19
S3393,Omar,Johnson,student2393@university.com,Male,21
S3394,Ahmed,Brown,student2394@university.com,Male,18
S3395,Maria,Davis,student2395@university.com,Male,19
S3396,Maria,Davis,student2396@university.com,Female,23
S3397,John,Brown,student2397@university.com,Male,21
S3398,John,Jones,student2398@university.com,Female,21
S3399,Maria,Brown,student2399@university.com,Female,21
S3400,Ahmed,Davis,student2400@university.com,Female,20
S3401,Maria,Davis,student2401@university.com,Male,20
S3402,Omar,Jones,student2402@university.com,Male,24
S3403,Ahmed,Brown,student2403@university.com,Male,21
S3404,John,Smith,student2404@university.com,Female,23
S3405,Ali,Smith,student2405@university.com,Female,22
S3406,Emma,Jones,student2406@university.com,Male,23
S3407,Omar,Brown,student2407@university.com,Female,20
S3408,Omar,Brown,student2408@university.com,Male,19
S3409,Liam,Johnson,student2409@university.com,Male,24
S3410,John,Davis,student2410@university.com,Male,20
S3411,John,Williams,student2411@university.com,Male,22
S3412,Sara,Jones,student2412@university.com,Female,18
S3413,Omar,Williams,student2413@university.com,Male,24
S3414,Sara,Williams,student2414@university.com,Male,20
S3415,Sara,Jones,student2415@university.com,Male,23
S3416,Emma,Brown,student2416@university.com,Male,24
S3417,Sara,Jones,student2417@university.com,Male,23
S3418,Ahmed,Williams,student2418@university.com,Male,21
S3419,Maria,Davis,student2419@university.com,Male,21
S3420,Ali,Davis,student2420@university.com,Female,21
S3421,John,Davis,student2421@university.com,Female,24
S3422,Ahmed,Brown,student2422@university.com,Female,18
S3423,Ali,Smith,student2423@university.com,Female,22
S3424,Omar,Jones,student2424@university.com,Male,24
S3425,Omar,Davis,student2425@university.com,Female,19
S3426,Omar,Jones,student2426@university.com,Female,23
S3427,Ahmed,Davis,student2427@university.com,Female,23
S3428,Ahmed,Brown,student2428@university.com,Male,24
S3429,John,Smith,student2429@university.com,Female,24
S3430,Maria,Smith,student2430@university.com,Female,22
S3431,Liam,Davis,student2431@university.com,Male,18
S3432,Sara,Brown,student2432@university.com,Female,24
S3433,Omar,Johnson,student2433@university.com,Male,21
S3434,Emma,Jones,student2434@university.com,Female,22
S3435,Maria,Jones,student2435@university.com,Male,19
S3436,Emma,Williams,student2436@university.com,Female,21
S3437,John,Brown,student2437@university.com,Female,19
S3438,John,Williams,student2438@university.com,Female,20
S3439,John,Davis,student2439@university.com,Male,19
S3440,Ali,Williams,student2440@university.com,Female,21
S3441,Emma,Smith,student2441@university.com,Male,20
S3442,Maria,Jones,student2442@university.com,Male,21
S3443,Liam,Williams,student2443@university.com,Male,23
S3444,Maria,Smith,student2444@university.com,Male,21
S3445,Ahmed,Brown,student2445@university.com,Female,20
S3446,Ahmed,Williams,student2446@university.com,Female,19
S3447,Omar,Davis,student2447@university.com,Female,23
S3448,Liam,Davis,student2448@university.com,Male,18
S3449,Ahmed,Davis,student2449@university.com,Female,18
S3450,John,Jones,student2450@university.com,Male,18
S3451,Maria,Williams,student2451@university.com,Male,18
S3452,Emma,Brown,student2452@university.com,Male,22
S3453,John,Williams,student2453@university.com,Female,18
S3454,Ali,Jones,student2454@university.com,Female,20
S3455,Ahmed,Smith,student2455@university.com,Male,24
S3456,John,Jones,student2456@university.com,Female,18
S3457,John,Davis,student2457@university.com,Female,21
S3458,Ali,Smith,student2458@university.com,Male,24
S3459,Sara,Davis,student2459@university.com,Male,18
S3460,Maria,Johnson,student2460@university.com,Female,24
S3461,Emma,Jones,student2461@university.com,Male,19
S3462,Omar,Jones,student2462@university.com,Male,20
S3463,Sara,Brown,student2463@university.com,Female,20
S3464,Ahmed,Williams,student2464@university.com,Female,24
S3465,John,Smith,student2465@university.com,Male,23
S3466,Liam,Smith,student2466@university.com,Female,22
S3467,Ali,Brown,student2467@university.com,Male,21
S3468,Ali,Brown,student2468@university.com,Male,24
S3469,Liam,Williams,student2469@university.com,Female,20
S3470,Maria,Davis,student2470@university.com,Male,19
S3471,Sara,Williams,student2471@university.com,Male,18
S3472,Omar,Jones,student2472@university.com,Male,20
S3473,Maria,Davis,student2473@university.com,Female,19
S3474,Liam,Johnson,student2474@university.com,Female,18
S3475,John,Williams,student2475@university.com,Female,22
S3476,Liam,Brown,student2476@university.com,Male,20
S3477,Maria,Davis,student2477@university.com,Male,20
S3478,Emma,Williams,student2478@university.com,Female,24
S3479,Ali,Smith,student2479@university.com,Female,24
S3480,Ali,Johnson,student2480@university.com,Female,19
S3481,Ahmed,Jones,student2481@university.com,Male,23
S3482,Ahmed,Smith,student2482@university.com,Female,24
S3483,Liam,Smith,student2483@university.com,Male,21
S3484,Omar,Johnson,student2484@university.com,Female,22
S3485,John,Jones,student2485@university.com,Male,21
S3486,Emma,Brown,student2486@university.com,Male,20
S3487,Sara,Davis,student2487@university.com,Female,21
S3488,Maria,Jones,student2488@university.com,Male,18
S3489,Omar,Williams,student2489@university.com,Female,22
S3490,John,Smith,student2490@university.com,Male,21
S3491,Ahmed,Williams,student2491@university.com,Male,18
S3492,Liam,Brown,student2492@university.com,Female,19
S3493,Maria,Williams,student2493@university.com,Male,21
S3494,Ahmed,Jones,student2494@university.com,Female,22
S3495,Liam,Williams,student2495@university.com,Female,18
S3496,Maria,Brown,student2496@university.com,Female,21
S3497,Sara,Brown,student2497@university.com,Male,19
S3498,John,Brown,student2498@university.com,Male,21
S3499,Maria,Jones,student2499@university.com,Male,18
S3500,Emma,Brown,student2500@university.com,Female,21
S3501,Omar,Smith,student2501@university.com,Female,22
S3502,Ali,Brown,student2502@university.com,Male,20
S3503,Emma,Williams,student2503@university.com,Male,18
S3504,Emma,Davis,student2504@university.com,Female,18
S3505,Omar,Williams,student2505@university.com,Male,18
S3506,Ali,Davis,student2506@university.com,Female,18
S3507,Emma,Williams,student2507@university.com,Male,21
S3508,Maria,Jones,student2508@university.com,Female,22
S3509,Maria,Williams,student2509@university.com,Male,19
S3510,Maria,Jones,student2510@university.com,Male,22
S3511,Ali,Jones,student2511@university.com,Female,18
S3512,Emma,Brown,student2512@university.com,Female,23
S3513,Liam,Smith,student2513@university.com,Female,21
S3514,Ali,Davis,student2514@university.com,Male,23
S3515,Maria,Brown,student2515@university.com,Female,21
S3516,Omar,Brown,student2516@university.com,Female,18
S3517,Emma,Jones,student2517@university.com,Male,21
S3518,Emma,Jones,student2518@university.com,Female,18
S3519,Ahmed,Davis,student2519@university.com,Female,22
S3520,Ahmed,Williams,student2520@university.com,Female,24
S3521,Sara,Williams,student2521@university.com,Male,20
S3522,Liam,Brown,student2522@university.com,Male,21
S3523,Liam,Johnson,student2523@university.com,Male,18
S3524,John,Johnson,student2524@university.com,Female,23
S3525,Liam,Williams,student2525@university.com,Male,18
S3526,Ahmed,Johnson,student2526@university.com,Female,23
S3527,Ali,Williams,student2527@university.com,Female,21
S3528,Liam,Jones,student2528@university.com,Female,19
S3529,Ahmed,Brown,student2529@university.com,Male,23
S3530,Sara,Smith,student2530@university.com,Male,18
S3531,Emma,Brown,student2531@university.com,Female,21
S3532,Liam,Williams,student2532@university.com,Female,18
S3533,Sara,Williams,student2533@university.com,Male,19
S3534,Emma,Brown,student2534@university.com,Male,20
S3535,Omar,Davis,student2535@university.com,Male,24
S3536,Omar,Williams,student2536@university.com,Female,24
S3537,Emma,Johnson,student2537@university.com,Male,19
S3538,Liam,Johnson,student2538@university.com,Male,22
S3539,John,Williams,student2539@university.com,Male,21
S3540,Ahmed,Williams,student2540@university.com,Female,19
S3541,Ali,Davis,student2541@university.com,Male,20
S3542,Ali,Johnson,student2542@university.com,Female,18
S3543,Maria,Williams,student2543@university.com,Female,21
S3544,Emma,Williams,student2544@university.com,Female,23
S3545,Ali,Davis,student2545@university.com,Male,19
S3546,Liam,Davis,student2546@university.com,Male,20
S3547,John,Brown,student2547@university.com,Male,19
S3548,Emma,Davis,student2548@university.com,Female,22
S3549,John,Smith,student2549@university.com,Male,24
S3550,Liam,Johnson,student2550@university.com,Female,24
S3551,Ali,Brown,student2551@university.com,Male,21
S3552,Ali,Smith,student2552@university.com,Male,18
S3553,Maria,Williams,student2553@university.com,Male,20
S3554,Ali,Williams,student2554@university.com,Male,19
S3555,Emma,Brown,student2555@university.com,Female,21
S3556,Liam,Davis,student2556@university.com,Female,19
S3557,Omar,Williams,student2557@university.com,Female,21
S3558,Liam,Jones,student2558@university.com,Female,24
S3559,Emma,Brown,student2559@university.com,Male,22
S3560,Emma,Smith,student2560@university.com,Female,19
S3561,Maria,Brown,student2561@university.com,Female,22
S3562,Maria,Johnson,student2562@university.com,Female,23
S3563,Ali,Davis,student2563@university.com,Male,23
S3564,Sara,Davis,student2564@university.com,Female,24
S3565,Liam,Brown,student2565@university.com,Female,20
S3566,Liam,Williams,student2566@university.com,Male,22
S3567,Sara,Williams,student2567@university.com,Male,21
S3568,Maria,Jones,student2568@university.com,Female,20
S3569,Ali,Jones,student2569@university.com,Female,19
S3570,Sara,Davis,student2570@university.com,Male,19
S3571,Ali,Jones,student2571@university.com,Female,21
S3572,Ali,Smith,student2572@university.com,Male,18
S3573,Ali,Jones,student2573@university.com,Female,18
S3574,Ahmed,Smith,student2574@university.com,Female,19
S3575,Emma,Jones,student2575@university.com,Female,24
S3576,Ali,Davis,student2576@university.com,Female,24
S3577,Ahmed,Davis,student2577@university.com,Female,21
S3578,Maria,Smith,student2578@university.com,Male,18
S3579,Sara,Brown,student2579@university.com,Male,22
S3580,Emma,Davis,student2580@university.com,Female,19
S3581,Omar,Brown,student2581@university.com,Female,23
S3582,Sara,Williams,student2582@university.com,Female,22
S3583,Emma,Smith,student2583@university.com,Male,21
S3584,Omar,Davis,student2584@university.com,Male,23
S3585,Sara,Johnson,student2585@university.com,Male,22
S3586,Emma,Williams,student2586@university.com,Male,18
S3587,Sara,Brown,student2587@university.com,Male,24
S3588,Sara,Davis,student2588@university.com,Male,18
S3589,Omar,Smith,student2589@university.com,Male,23
S3590,Sara,Jones,student2590@university.com,Male,20
S3591,Sara,Johnson,student2591@university.com,Female,24
S3592,Omar,Brown,student2592@university.com,Male,19
S3593,Maria,Williams,student2593@university.com,Male,23
S3594,Ali,Smith,student2594@university.com,Male,21
S3595,Liam,Johnson,student2595@university.com,Male,19
S3596,John,Smith,student2596@university.com,Female,22
S3597,Ahmed,Davis,student2597@university.com,Male,24
S3598,John,Jones,student2598@university.com,Female,21
S3599,John,Williams,student2599@university.com,Female,21
S3600,Emma,Smith,student2600@university.com,Female,18
S3601,Ali,Brown,student2601@university.com,Male,22
S3602,Emma,Davis,student2602@university.com,Male,18
S3603,Ali,Davis,student2603@university.com,Male,18
S3604,Omar,Williams,student2604@university.com,Female,24
S3605,Omar,Davis,student2605@university.com,Female,20
S3606,Liam,Brown,student2606@university.com,Female,18
S3607,Ali,Smith,student2607@university.com,Female,19
S3608,Sara,Williams,student2608@university.com,Male,21
S3609,Maria,Davis,student2609@university.com,Male,24
S3610,Liam,Davis,student2610@university.com,Male,18
S3611,Liam,Brown,student2611@university.com,Female,23
S3612,Sara,Jones,student2612@university.com,Female,19
S3613,Maria,Jones,student2613@university.com,Male,22
S3614,Emma,Davis,student2614@university.com,Male,21
S3615,Maria,Smith,student2615@university.com,Female,24
S3616,Emma,Williams,student2616@university.com,Male,23
S3617,Omar,Davis,student2617@university.com,Male,24
S3618,John,Johnson,student2618@university.com,Female,24
S3619,Omar,Williams,student2619@university.com,Female,23
S3620,Omar,Jones,student2620@university.com,Female,22
S3621,John,Davis,student2621@university.com,Male,23
S3622,Maria,Brown,student2622@university.com,Female,19
S3623,Liam,Johnson,student2623@university.com,Male,24
S3624,Maria,Davis,student2624@university.com,Male,22
S3625,Emma,Smith,student2625@university.com,Female,24
S3626,Sara,Johnson,student2626@university.com,Male,23
S3627,Emma,Davis,student2627@university.com,Female,22
S3628,Sara,Smith,student2628@university.com,Female,22
S3629,Omar,Johnson,student2629@university.com,Male,18
S3630,John,Smith,student2630@university.com,Male,18
S3631,Omar,Smith,student2631@university.com,Female,18
S3632,Ali,Johnson,student2632@university.com,Female,23
S3633,Maria,Johnson,student2633@university.com,Female,21
S3634,Sara,Smith,student2634@university.com,Female,19
S3635,Emma,Jones,student2635@university.com,Female,23
S3636,John,Johnson,student2636@university.com,Female,24
S3637,Sara,Davis,student2637@university.com,Male,18
S3638,Emma,Williams,student2638@university.com,Male,22
S3639,Maria,Brown,student2639@university.com,Male,23
S3640,Omar,Smith,student2640@university.com,Male,22
S3641,Maria,Smith,student2641@university.com,Female,24
S3642,Ahmed,Brown,student2642@university.com,Male,22
S3643,Ali,Jones,student2643@university.com,Male,22
S3644,Ahmed,Brown,student2644@university.com,Female,20
S3645,John,Johnson,student2645@university.com,Male,21
S3646,Sara,Brown,student2646@university.com,Female,19
S3647,John,Smith,student2647@university.com,Female,19
S3648,Omar,Brown,student2648@university.com,Female,18
S3649,Emma,Williams,student2649@university.com,Female,20
S3650,Maria,Davis,student2650@university.com,Female,23
S3651,Ahmed,Johnson,student2651@university.com,Male,23
S3652,Liam,Brown,student2652@university.com,Male,19
S3653,Ahmed,Smith,student2653@university.com,Male,21
S3654,Omar,Davis,student2654@university.com,Female,22
S3655,Ahmed,Johnson,student2655@university.com,Male,24
S3656,Omar,Smith,student2656@university.com,Male,18
S3657,Liam,Jones,student2657@university.com,Male,21
S3658,John,Williams,student2658@university.com,Male,19
S3659,Maria,Jones,student2659@university.com,Female,20
S3660,Sara,Williams,student2660@university.com,Male,18
S3661,Emma,Brown,student2661@university.com,Female,19
S3662,Sara,Johnson,student2662@university.com,Female,23
S3663,John,Brown,student2663@university.com,Male,18
S3664,Emma,Williams,student2664@university.com,Female,19
S3665,Ahmed,Williams,student2665@university.com,Female,23
S3666,Liam,Williams,student2666@university.com,Female,24
S3667,Liam,Davis,student2667@university.com,Female,23
S3668,Ali,Smith,student2668@university.com,Female,22
S3669,John,Johnson,student2669@university.com,Female,20
S3670,John,Brown,student2670@university.com,Female,22
S3671,Maria,Brown,student2671@university.com,Male,19
S3672,Sara,Jones,student2672@university.com,Male,24
S3673,John,Williams,student2673@university.com,Female,21
S3674,John,Williams,student2674@university.com,Female,24
S3675,Ahmed,Williams,student2675@university.com,Male,24
S3676,Ahmed,Brown,student2676@university.com,Male,24
S3677,Emma,Jones,student2677@university.com,Male,22
S3678,Omar,Smith,student2678@university.com,Male,21
S3679,Omar,Davis,student2679@university.com,Female,23
S3680,Ali,Johnson,student2680@university.com,Female,19
S3681,Omar,Smith,student2681@university.com,Male,20
S3682,Maria,Brown,student2682@university.com,Male,21
S3683,Ali,Davis,student2683@university.com,Male,19
S3684,Emma,Davis,student2684@university.com,Male,21
S3685,Ahmed,Davis,student2685@university.com,Female,22
S3686,Omar,Williams,student2686@university.com,Male,19
S3687,Sara,Johnson,student2687@university.com,Male,22
S3688,Ahmed,Brown,student2688@university.com,Male,18
S3689,Liam,Brown,student2689@university.com,Female,19
S3690,Maria,Davis,student2690@university.com,Female,21
S3691,Ahmed,Brown,student2691@university.com,Female,18
S3692,Maria,Johnson,student2692@university.com,Male,22
S3693,Maria,Johnson,student2693@university.com,Male,22
S3694,Maria,Jones,student2694@university.com,Male,21
S3695,Emma,Jones,student2695@university.com,Female,18
S3696,Maria,Smith,student2696@university.com,Female,24
S3697,Maria,Johnson,student2697@university.com,Male,23
S3698,Liam,Johnson,student2698@university.com,Male,20
S3699,Sara,Johnson,student2699@university.com,Female,21
S3700,Ali,Jones,student2700@university.com,Male,22
S3701,John,Davis,student2701@university.com,Male,19
S3702,Liam,Davis,student2702@university.com,Male,18
S3703,Ali,Brown,student2703@university.com,Female,23
S3704,Maria,Davis,student2704@university.com,Male,20
S3705,Sara,Williams,student2705@university.com,Male,19
S3706,Ahmed,Jones,student2706@university.com,Male,18
S3707,Sara,Johnson,student2707@university.com,Male,23
S3708,Liam,Davis,student2708@university.com,Female,21
S3709,Maria,Jones,student2709@university.com,Female,23
S3710,Sara,Davis,student2710@university.com,Female,21
S3711,Omar,Smith,student2711@university.com,Male,24
S3712,Sara,Johnson,student2712@university.com,Female,18
S3713,Maria,Smith,student2713@university.com,Male,23
S3714,Emma,Johnson,student2714@university.com,Female,20
S3715,Omar,Jones,student2715@university.com,Male,23
S3716,Sara,Brown,student2716@university.com,Female,18
S3717,John,Davis,student2717@university.com,Female,19
S3718,John,Davis,student2718@university.com,Female,19
S3719,Sara,Williams,student2719@university.com,Male,23
S3720,Emma,Smith,student2720@university.com,Male,23
S3721,Ahmed,Davis,student2721@university.com,Male,21
S3722,Maria,Jones,student2722@university.com,Female,18
S3723,John,Brown,student2723@university.com,Male,21
S3724,Ahmed,Jones,student2724@university.com,Male,20
S3725,Sara,Smith,student2725@university.com,Male,24
S3726,Liam,Williams,student2726@university.com,Male,19
S3727,Ahmed,Davis,student2727@university.com,Male,22
S3728,Omar,Jones,student2728@university.com,Male,22
S3729,Ali,Johnson,student2729@university.com,Female,18
S3730,John,Brown,student2730@university.com,Female,18
S3731,Sara,Jones,student2731@university.com,Male,22
S3732,Liam,Brown,student2732@university.com,Female,18
S3733,Maria,Davis,student2733@university.com,Female,19
S3734,Liam,Johnson,student2734@university.com,Male,20
S3735,Emma,Williams,student2735@university.com,Male,20
S3736,Omar,Williams,student2736@university.com,Female,21
S3737,Sara,Johnson,student2737@university.com,Male,19
S3738,Maria,Brown,student2738@university.com,Female,24
S3739,Emma,Davis,student2739@university.com,Female,18
S3740,Emma,Jones,student2740@university.com,Female,18
S3741,Sara,Johnson,student2741@university.com,Male,24
S3742,Omar,Smith,student2742@university.com,Female,21
S3743,Ahmed,Brown,student2743@university.com,Male,21
S3744,Ahmed,Williams,student2744@university.com,Male,18
S3745,Emma,Johnson,student2745@university.com,Male,18
S3746,Ahmed,Williams,student2746@university.com,Male,24
S3747,Ali,Brown,student2747@university.com,Male,19
S3748,Emma,Williams,student2748@university.com,Female,24
S3749,Emma,Johnson,student2749@university.com,Male,21
S3750,Maria,Brown,student2750@university.com,Male,24
S3751,Ahmed,Smith,student2751@university.com,Male,24
S3752,Omar,Johnson,student2752@university.com,Male,24
S3753,Emma,Jones,student2753@university.com,Male,19
S3754,Liam,Davis,student2754@university.com,Female,23
S3755,Omar,Johnson,student2755@university.com,Male,18
S3756,Ali,Brown,student2756@university.com,Male,22
S3757,Maria,Davis,student2757@university.com,Female,24
S3758,Sara,Johnson,student2758@university.com,Male,22
S3759,Omar,Smith,student2759@university.com,Female,23
S3760,Emma,Smith,student2760@university.com,Female,18
S3761,Ali,Jones,student2761@university.com,Female,21
S3762,John,Williams,student2762@university.com,Female,22
S3763,Ali,Davis,student2763@university.com,Male,21
S3764,Ali,Brown,student2764@university.com,Male,22
S3765,Maria,Brown,student2765@university.com,Female,21
S3766,Sara,Williams,student2766@university.com,Female,24
S3767,John,Smith,student2767@university.com,Male,22
S3768,Ahmed,Smith,student2768@university.com,Female,21
S3769,Ahmed,Johnson,student2769@university.com,Female,23
S3770,Omar,Jones,student2770@university.com,Female,19
S3771,Ali,Davis,student2771@university.com,Male,21
S3772,Liam,Jones,student2772@university.com,Female,19
S3773,Maria,Jones,student2773@university.com,Male,19
S3774,Liam,Johnson,student2774@university.com,Male,18
S3775,Maria,Jones,student2775@university.com,Male,24
S3776,Ahmed,Williams,student2776@university.com,Female,23
S3777,Omar,Johnson,student2777@university.com,Female,19
S3778,Omar,Williams,student2778@university.com,Male,20
S3779,Omar,Johnson,student2779@university.com,Male,24
S3780,John,Jones,student2780@university.com,Male,19
S3781,Sara,Williams,student2781@university.com,Female,21
S3782,John,Williams,student2782@university.com,Female,19
S3783,Emma,Williams,student2783@university.com,Male,21
S3784,Emma,Johnson,student2784@university.com,Male,21
S3785,Liam,Brown,student2785@university.com,Female,20
S3786,Sara,Jones,student2786@university.com,Male,19
S3787,Ahmed,Williams,student2787@university.com,Female,19
S3788,Sara,Davis,student2788@university.com,Female,22
S3789,Maria,Brown,student2789@university.com,Male,24
S3790,Emma,Davis,student2790@university.com,Male,22
S3791,Ali,Jones,student2791@university.com,Female,18
S3792,Ali,Jones,student2792@university.com,Female,21
S3793,Ahmed,Williams,student2793@university.com,Female,20
S3794,Maria,Williams,student2794@university.com,Female,22
S3795,Liam,Johnson,student2795@university.com,Female,19
S3796,John,Brown,student2796@university.com,Male,18
S3797,Maria,Brown,student2797@university.com,Female,20
S3798,Ali,Williams,student2798@university.com,Female,23
S3799,Ali,Jones,student2799@university.com,Female,19
S3800,Liam,Williams,student2800@university.com,Male,19
S3801,Emma,Jones,student2801@university.com,Male,23
S3802,Maria,Jones,student2802@university.com,Female,21
S3803,Maria,Williams,student2803@university.com,Female,21
S3804,Ali,Smith,student2804@university.com,Male,22
S3805,John,Brown,student2805@university.com,Male,22
S3806,Ahmed,Davis,student2806@university.com,Male,19
S3807,Omar,Jones,student2807@university.com,Male,24
S3808,Ahmed,Jones,student2808@university.com,Female,19
S3809,Maria,Smith,student2809@university.com,Male,22
S3810,Ahmed,Davis,student2810@university.com,Female,23
S3811,Ali,Johnson,student2811@university.com,Female,22
S3812,Ali,Smith,student2812@university.com,Male,19
S3813,Liam,Davis,student2813@university.com,Male,20
S3814,Maria,Smith,student2814@university.com,Male,19
S3815,Liam,Jones,student2815@university.com,Male,20
S3816,Maria,Brown,student2816@university.com,Female,20
S3817,Omar,Smith,student2817@university.com,Female,19
S3818,Omar,Johnson,student2818@university.com,Female,24
S3819,Emma,Williams,student2819@university.com,Male,24
S3820,Maria,Davis,student2820@university.com,Female,18
S3821,John,Smith,student2821@university.com,Male,22
S3822,Ahmed,Smith,student2822@university.com,Female,24
S3823,Maria,Johnson,student2823@university.com,Male,21
S3824,Sara,Brown,student2824@university.com,Female,19
S3825,Emma,Smith,student2825@university.com,Female,20
S3826,Sara,Smith,student2826@university.com,Male,19
S3827,Ali,Brown,student2827@university.com,Female,22
S3828,Omar,Johnson,student2828@university.com,Female,23
S3829,Ahmed,Davis,student2829@university.com,Male,24
S3830,Maria,Davis,student2830@university.com,Male,24
S3831,Sara,Smith,student2831@university.com,Male,24
S3832,Ahmed,Brown,student2832@university.com,Male,20
S3833,Ali,Smith,student2833@university.com,Male,21
S3834,Omar,Williams,student2834@university.com,Female,21
S3835,John,Davis,student2835@university.com,Male,24
S3836,Emma,Jones,student2836@university.com,Female,21
S3837,Ahmed,Williams,student2837@university.com,Female,23
S3838,Ahmed,Smith,student2838@university.com,Male,24
S3839,John,Johnson,student2839@university.com,Female,18
S3840,Ahmed,Davis,student2840@university.com,Female,20
S3841,Ali,Jones,student2841@university.com,Male,23
S3842,Ali,Williams,student2842@university.com,Female,20
S3843,John,Davis,student2843@university.com,Male,24
S3844,Emma,Brown,student2844@university.com,Male,23
S3845,Maria,Johnson,student2845@university.com,Male,24
S3846,Sara,Williams,student2846@university.com,Female,23
S3847,Maria,Brown,student2847@university.com,Female,24
S3848,Ahmed,Smith,student2848@university.com,Female,18
S3849,Sara,Brown,student2849@university.com,Female,20
S3850,Liam,Williams,student2850@university.com,Male,23
S3851,John,Williams,student2851@university.com,Female,18
S3852,John,Smith,student2852@university.com,Male,19
S3853,Emma,Brown,student2853@university.com,Female,24
S3854,Sara,Brown,student2854@university.com,Female,22
S3855,Ali,Smith,student2855@university.com,Female,23
S3856,Sara,Brown,student2856@university.com,Female,21
S3857,Ahmed,Davis,student2857@university.com,Female,18
S3858,Ali,Smith,student2858@university.com,Male,18
S3859,Omar,Johnson,student2859@university.com,Female,23
S3860,Omar,Williams,student2860@university.com,Female,18
S3861,Liam,Johnson,student2861@university.com,Female,19
S3862,Omar,Davis,student2862@university.com,Female,18
S3863,John,Davis,student2863@university.com,Male,22
S3864,Sara,Jones,student2864@university.com,Female,22
S3865,Omar,Jones,student2865@university.com,Male,24
S3866,Maria,Jones,student2866@university.com,Female,24
S3867,Emma,Smith,student2867@university.com,Male,21
S3868,Maria,Brown,student2868@university.com,Male,19
S3869,Omar,Davis,student2869@university.com,Male,22
S3870,Liam,Johnson,student2870@university.com,Male,23
S3871,Emma,Johnson,student2871@university.com,Male,20
S3872,Ahmed,Johnson,student2872@university.com,Female,20
S3873,Maria,Johnson,student2873@university.com,Male,20
S3874,Liam,Jones,student2874@university.com,Female,24
S3875,Sara,Johnson,student2875@university.com,Male,23
S3876,Sara,Brown,student2876@university.com,Male,18
S3877,Maria,Jones,student2877@university.com,Female,23
S3878,Omar,Johnson,student2878@university.com,Male,18
S3879,Liam,Smith,student2879@university.com,Male,20
S3880,Sara,Williams,student2880@university.com,Male,21
S3881,Ahmed,Williams,student2881@university.com,Male,21
S3882,Ali,Williams,student2882@university.com,Female,18
S3883,Omar,Jones,student2883@university.com,Male,20
S3884,Liam,Johnson,student2884@university.com,Male,23
S3885,Ahmed,Davis,student2885@university.com,Female,21
S3886,Liam,Davis,student2886@university.com,Female,18
S3887,Emma,Davis,student2887@university.com,Male,23
S3888,Ahmed,Jones,student2888@university.com,Male,20
S3889,Omar,Brown,student2889@university.com,Female,19
S3890,Emma,Smith,student2890@university.com,Male,20
S3891,Omar,Smith,student2891@university.com,Female,24
S3892,Sara,Williams,student2892@university.com,Male,20
S3893,Ali,Williams,student2893@university.com,Female,23
S3894,Omar,Davis,student2894@university.com,Female,23
S3895,Omar,Davis,student2895@university.com,Female,22
S3896,Sara,Williams,student2896@university.com,Male,22
S3897,John,Johnson,student2897@university.com,Male,23
S3898,Sara,Brown,student2898@university.com,Male,23
S3899,Emma,Brown,student2899@university.com,Male,19
S3900,Sara,Brown,student2900@university.com,Female,19
S3901,Sara,Brown,student2901@university.com,Female,20
S3902,Ali,Williams,student2902@university.com,Female,24
S3903,Sara,Smith,student2903@university.com,Male,21
S3904,Liam,Williams,student2904@university.com,Male,24
S3905,Omar,Brown,student2905@university.com,Male,19
S3906,Liam,Williams,student2906@university.com,Female,20
S3907,Ali,Brown,student2907@university.com,Male,24
S3908,Maria,Jones,student2908@university.com,Male,18
S3909,John,Davis,student2909@university.com,Female,22
S3910,Liam,Smith,student2910@university.com,Female,24
S3911,Ali,Jones,student2911@university.com,Male,21
S3912,Emma,Johnson,student2912@university.com,Female,20
S3913,Maria,Williams,student2913@university.com,Male,24
S3914,Ali,Johnson,student2914@university.com,Female,23
S3915,Ali,Williams,student2915@university.com,Female,18
S3916,John,Davis,student2916@university.com,Female,22
S3917,Omar,Jones,student2917@university.com,Male,18
S3918,Liam,Davis,student2918@university.com,Male,20
S3919,Emma,Brown,student2919@university.com,Male,19
S3920,Ahmed,Davis,student2920@university.com,Female,22
S3921,Liam,Davis,student2921@university.com,Female,18
S3922,Ahmed,Brown,student2922@university.com,Female,19
S3923,Ali,Williams,student2923@university.com,Female,21
S3924,Sara,Brown,student2924@university.com,Male,20
S3925,Emma,Jones,student2925@university.com,Male,20
S3926,Maria,Davis,student2926@university.com,Male,22
S3927,Sara,Brown,student2927@university.com,Female,18
S3928,Sara,Davis,student2928@university.com,Female,21
S3929,Liam,Jones,student2929@university.com,Male,23
S3930,Emma,Johnson,student2930@university.com,Female,22
S3931,Omar,Jones,student2931@university.com,Male,23
S3932,Ali,Smith,student2932@university.com,Female,22
S3933,Ali,Smith,student2933@university.com,Female,18
S3934,Ali,Smith,student2934@university.com,Male,21
S3935,Ali,Davis,student2935@university.com,Male,18
S3936,Liam,Williams,student2936@university.com,Female,20
S3937,Ahmed,Williams,student2937@university.com,Male,23
S3938,Ali,Williams,student2938@university.com,Male,19
S3939,Ahmed,Davis,student2939@university.com,Female,24
S3940,Ahmed,Jones,student2940@university.com,Female,20
S3941,Omar,Williams,student2941@university.com,Female,20
S3942,Ali,Johnson,student2942@university.com,Male,23
S3943,John,Smith,student2943@university.com,Female,22
S3944,Maria,Jones,student2944@university.com,Female,20
S3945,Sara,Smith,student2945@university.com,Female,24
S3946,Ahmed,Williams,student2946@university.com,Female,21
S3947,Emma,Jones,student2947@university.com,Female,20
S3948,Emma,Brown,student2948@university.com,Male,21
S3949,Maria,Johnson,student2949@university.com,Female,18
S3950,Emma,Williams,student2950@university.com,Female,22
S3951,John,Williams,student2951@university.com,Male,21
S3952,Emma,Johnson,student2952@university.com,Female,20
S3953,Sara,Johnson,student2953@university.com,Female,22
S3954,Sara,Brown,student2954@university.com,Male,24
S3955,Ahmed,Williams,student2955@university.com,Female,22
S3956,Ali,Davis,student2956@university.com,Male,21
S3957,Omar,Williams,student2957@university.com,Female,21
S3958,John,Smith,student2958@university.com,Male,19
S3959,Ahmed,Jones,student2959@university.com,Male,19
S3960,John,Jones,student2960@university.com,Female,22
S3961,Ali,Smith,student2961@university.com,Male,23
S3962,Liam,Jones,student2962@university.com,Male,23
S3963,Emma,Johnson,student2963@university.com,Female,19
S3964,Emma,Jones,student2964@university.com,Female,20
S3965,Omar,Jones,student2965@university.com,Male,18
S3966,Ali,Smith,student2966@university.com,Female,22
S3967,Ahmed,Brown,student2967@university.com,Male,18
S3968,Omar,Jones,student2968@university.com,Male,19
S3969,Ali,Davis,student2969@university.com,Female,21
S3970,Maria,Jones,student2970@university.com,Female,24
S3971,Sara,Brown,student2971@university.com,Male,22
S3972,Omar,Smith,student2972@university.com,Female,19
S3973,Omar,Brown,student2973@university.com,Female,20
S3974,Ahmed,Smith,student2974@university.com,Male,24
S3975,John,Johnson,student2975@university.com,Male,22
S3976,Maria,Smith,student2976@university.com,Male,22
S3977,Ahmed,Johnson,student2977@university.com,Male,23
S3978,Ali,Johnson,student2978@university.com,Male,21
S3979,Ali,Smith,student2979@university.com,Male,22
S3980,Ali,Davis,student2980@university.com,Female,21
S3981,Liam,Williams,student2981@university.com,Male,19
S3982,Ali,Smith,student2982@university.com,Female,20
S3983,John,Jones,student2983@university.com,Female,24
S3984,Maria,Davis,student2984@university.com,Male,24
S3985,Emma,Davis,student2985@university.com,Female,20
S3986,Sara,Jones,student2986@university.com,Male,22
S3987,John,Williams,student2987@university.com,Female,22
S3988,John,Davis,student2988@university.com,Male,19
S3989,Liam,Johnson,student2989@university.com,Male,23
S3990,Emma,Williams,student2990@university.com,Male,23
S3991,Emma,Jones,student2991@university.com,Male,23
S3992,Sara,Williams,student2992@university.com,Female,21
S3993,Sara,Smith,student2993@university.com,Female,23
S3994,Emma,Williams,student2994@university.com,Female,20
S3995,Ali,Johnson,student2995@university.com,Female,24
S3996,John,Smith,student2996@university.com,Female,24
S3997,Ahmed,Brown,student2997@university.com,Male,21
S3998,Sara,Jones,student2998@university.com,Male,19
S3999,Liam,Jones,student2999@university.com,Male,20
S4000,Liam,Williams,student3000@university.com,Male,24
S4001,Sara,Davis,student3001@university.com,Male,20
S4002,Emma,Smith,student3002@university.com,Female,24
S4003,Maria,Brown,student3003@university.com,Male,18
S4004,Ahmed,Smith,student3004@university.com,Male,19
S4005,Ahmed,Jones,student3005@university.com,Female,19
S4006,Sara,Smith,student3006@university.com,Female,18
S4007,Ali,Brown,student3007@university.com,Male,21
S4008,Maria,Davis,student3008@university.com,Male,24
S4009,Ahmed,Williams,student3009@university.com,Female,24
S4010,Sara,Johnson,student3010@university.com,Male,24
S4011,Liam,Smith,student3011@university.com,Male,23
S4012,Ahmed,Johnson,student3012@university.com,Male,23
S4013,Omar,Jones,student3013@university.com,Female,23
S4014,Maria,Williams,student3014@university.com,Male,23
S4015,Maria,Williams,student3015@university.com,Male,23
S4016,Omar,Smith,student3016@university.com,Female,18
S4017,John,Davis,student3017@university.com,Female,19
S4018,Liam,Williams,student3018@university.com,Female,21
S4019,Omar,Smith,student3019@university.com,Male,20
S4020,Emma,Smith,student3020@university.com,Female,23
S4021,Emma,Johnson,student3021@university.com,Male,18
S4022,Sara,Williams,student3022@university.com,Female,24
S4023,Maria,Smith,student3023@university.com,Male,21
S4024,John,Johnson,student3024@university.com,Female,21
S4025,John,Brown,student3025@university.com,Male,21
S4026,Ahmed,Johnson,student3026@university.com,Male,18
S4027,Ahmed,Johnson,student3027@university.com,Female,20
S4028,Omar,Smith,student3028@university.com,Female,23
S4029,John,Jones,student3029@university.com,Male,21
S4030,Omar,Jones,student3030@university.com,Female,18
S4031,Liam,Davis,student3031@university.com,Male,24
S4032,Omar,Jones,student3032@university.com,Female,19
S4033,Ahmed,Johnson,student3033@university.com,Female,24
S4034,Maria,Davis,student3034@university.com,Male,18
S4035,Omar,Smith,student3035@university.com,Female,18
S4036,Ali,Williams,student3036@university.com,Female,18
S4037,Maria,Johnson,student3037@university.com,Male,21
S4038,John,Johnson,student3038@university.com,Male,18
S4039,John,Davis,student3039@university.com,Female,19
S4040,Omar,Smith,student3040@university.com,Male,21
S4041,Maria,Brown,student3041@university.com,Female,24
S4042,Ahmed,Johnson,student3042@university.com,Female,19
S4043,Ahmed,Brown,student3043@university.com,Male,22
S4044,Emma,Brown,student3044@university.com,Male,24
S4045,John,Jones,student3045@university.com,Male,18
S4046,Sara,Smith,student3046@university.com,Male,23
S4047,Emma,Brown,student3047@university.com,Male,23
S4048,Ahmed,Smith,student3048@university.com,Male,21
S4049,Maria,Jones,student3049@university.com,Female,23
S4050,Liam,Smith,student3050@university.com,Female,24
S4051,Ahmed,Johnson,student3051@university.com,Male,21
S4052,Maria,Brown,student3052@university.com,Female,24
S4053,Emma,Smith,student3053@university.com,Female,18
S4054,John,Williams,student3054@university.com,Female,20
S4055,Ahmed,Smith,student3055@university.com,Female,20
S4056,Omar,Brown,student3056@university.com,Male,19
S4057,Maria,Jones,student3057@university.com,Female,18
S4058,John,Jones,student3058@university.com,Female,23
S4059,Liam,Brown,student3059@university.com,Male,18
S4060,Liam,Johnson,student3060@university.com,Male,22
S4061,Sara,Johnson,student3061@university.com,Male,20
S4062,Maria,Jones,student3062@university.com,Male,23
S4063,Emma,Jones,student3063@university.com,Female,24
S4064,Sara,Brown,student3064@university.com,Male,24
S4065,Sara,Johnson,student3065@university.com,Female,20
S4066,Ali,Jones,student3066@university.com,Female,18
S4067,Ahmed,Johnson,student3067@university.com,Male,23
S4068,Maria,Jones,student3068@university.com,Male,19
S4069,Sara,Smith,student3069@university.com,Male,24
S4070,Ali,Williams,student3070@university.com,Male,18
S4071,Emma,Davis,student3071@university.com,Male,19
S4072,John,Smith,student3072@university.com,Male,23
S4073,Omar,Davis,student3073@university.com,Female,20
S4074,Omar,Jones,student3074@university.com,Female,22
S4075,Maria,Williams,student3075@university.com,Female,21
S4076,Sara,Williams,student3076@university.com,Female,20
S4077,Omar,Jones,student3077@university.com,Male,19
S4078,Ahmed,Jones,student3078@university.com,Male,18
S4079,Omar,Johnson,student3079@university.com,Female,24
S4080,Omar,Jones,student3080@university.com,Female,23
S4081,Omar,Brown,student3081@university.com,Female,20
S4082,Liam,Jones,student3082@university.com,Male,24
S4083,Ali,Brown,student3083@university.com,Male,24
S4084,Sara,Jones,student3084@university.com,Male,22
S4085,Ahmed,Johnson,student3085@university.com,Female,23
S4086,Sara,Brown,student3086@university.com,Female,19
S4087,Liam,Smith,student3087@university.com,Male,23
S4088,Maria,Brown,student3088@university.com,Male,23
S4089,Maria,Johnson,student3089@university.com,Female,18
S4090,Maria,Davis,student3090@university.com,Female,21
S4091,Emma,Brown,student3091@university.com,Male,24
S4092,Omar,Jones,student3092@university.com,Female,19
S4093,Emma,Jones,student3093@university.com,Male,18
S4094,Ali,Davis,student3094@university.com,Male,24
S4095,Maria,Johnson,student3095@university.com,Female,21
S4096,Liam,Williams,student3096@university.com,Female,18
S4097,Ahmed,Jones,student3097@university.com,Female,21
S4098,Sara,Smith,student3098@university.com,Male,21
S4099,Omar,Johnson,student3099@university.com,Female,21
S4100,John,Brown,student3100@university.com,Female,18
S4101,Ahmed,Brown,student3101@university.com,Male,23
S4102,Omar,Smith,student3102@university.com,Male,21
S4103,Emma,Jones,student3103@university.com,Female,23
S4104,Emma,Johnson,student3104@university.com,Male,24
S4105,Ahmed,Smith,student3105@university.com,Male,24
S4106,Emma,Jones,student3106@university.com,Male,19
S4107,Maria,Johnson,student3107@university.com,Female,22
S4108,Ali,Brown,student3108@university.com,Female,23
S4109,Sara,Johnson,student3109@university.com,Male,24
S4110,Ali,Davis,student3110@university.com,Male,22
S4111,Omar,Williams,student3111@university.com,Male,21
S4112,Sara,Johnson,student3112@university.com,Female,22
S4113,Liam,Williams,student3113@university.com,Male,22
S4114,Sara,Johnson,student3114@university.com,Male,21
S4115,Ali,Williams,student3115@university.com,Female,23
S4116,Ahmed,Davis,student3116@university.com,Male,21
S4117,Sara,Brown,student3117@university.com,Female,19
S4118,Liam,Jones,student3118@university.com,Female,20
S4119,Liam,Williams,student3119@university.com,Female,18
S4120,Liam,Davis,student3120@university.com,Male,21
S4121,Ali,Williams,student3121@university.com,Male,21
S4122,Sara,Brown,student3122@university.com,Female,22
S4123,John,Williams,student3123@university.com,Male,19
S4124,Ahmed,Davis,student3124@university.com,Female,24
S4125,Maria,Davis,student3125@university.com,Male,24
S4126,Sara,Smith,student3126@university.com,Female,22
S4127,Liam,Brown,student3127@university.com,Female,23
S4128,John,Smith,student3128@university.com,Male,21
S4129,Maria,Brown,student3129@university.com,Male,21
S4130,Maria,Williams,student3130@university.com,Male,22
S4131,Omar,Davis,student3131@university.com,Male,21
S4132,Sara,Smith,student3132@university.com,Female,23
S4133,Ali,Williams,student3133@university.com,Female,20
S4134,Sara,Davis,student3134@university.com,Male,18
S4135,John,Brown,student3135@university.com,Male,18
S4136,Maria,Davis,student3136@university.com,Female,18
S4137,Sara,Williams,student3137@university.com,Male,20
S4138,Ali,Smith,student3138@university.com,Male,21
S4139,Omar,Smith,student3139@university.com,Male,22
S4140,Sara,Davis,student3140@university.com,Male,24
S4141,Ahmed,Williams,student3141@university.com,Female,19
S4142,Omar,Johnson,student3142@university.com,Female,21
S4143,Ali,Brown,student3143@university.com,Male,20
S4144,John,Brown,student3144@university.com,Female,23
S4145,Maria,Williams,student3145@university.com,Male,20
S4146,Sara,Johnson,student3146@university.com,Male,24
S4147,Ali,Smith,student3147@university.com,Male,18
S4148,Omar,Jones,student3148@university.com,Female,21
S4149,Ahmed,Jones,student3149@university.com,Female,24
S4150,Ali,Williams,student3150@university.com,Female,18
S4151,Emma,Johnson,student3151@university.com,Female,19
S4152,Liam,Johnson,student3152@university.com,Female,23
S4153,Ahmed,Brown,student3153@university.com,Male,18
S4154,Omar,Smith,student3154@university.com,Male,19
S4155,John,Davis,student3155@university.com,Female,20
S4156,Maria,Johnson,student3156@university.com,Female,18
S4157,Omar,Davis,student3157@university.com,Female,18
S4158,Liam,Jones,student3158@university.com,Male,22
S4159,John,Davis,student3159@university.com,Female,23
S4160,Sara,Smith,student3160@university.com,Male,23
S4161,Ali,Smith,student3161@university.com,Male,24
S4162,Emma,Davis,student3162@university.com,Female,20
S4163,Ahmed,Williams,student3163@university.com,Male,22
S4164,Ahmed,Johnson,student3164@university.com,Male,24
S4165,Ali,Williams,student3165@university.com,Female,19
S4166,Emma,Davis,student3166@university.com,Male,24
S4167,Ali,Johnson,student3167@university.com,Female,19
S4168,Sara,Brown,student3168@university.com,Male,20
S4169,Liam,Williams,student3169@university.com,Female,23
S4170,John,Williams,student3170@university.com,Female,19
S4171,Omar,Davis,student3171@university.com,Male,20
S4172,Ahmed,Jones,student3172@university.com,Female,24
S4173,Sara,Davis,student3173@university.com,Male,19
S4174,John,Williams,student3174@university.com,Male,21
S4175,Sara,Johnson,student3175@university.com,Female,18
S4176,Emma,Jones,student3176@university.com,Male,24
S4177,Ahmed,Davis,student3177@university.com,Female,23
S4178,Omar,Davis,student3178@university.com,Male,24
S4179,Ali,Williams,student3179@university.com,Male,21
S4180,Ali,Williams,student3180@university.com,Female,20
S4181,John,Brown,student3181@university.com,Male,20
S4182,Omar,Davis,student3182@university.com,Male,24
S4183,Liam,Williams,student3183@university.com,Male,21
S4184,Maria,Smith,student3184@university.com,Male,24
S4185,Emma,Jones,student3185@university.com,Male,18
S4186,John,Smith,student3186@university.com,Male,18
S4187,Maria,Jones,student3187@university.com,Male,22
S4188,Sara,Davis,student3188@university.com,Male,19
S4189,Emma,Brown,student3189@university.com,Female,22
S4190,Sara,Williams,student3190@university.com,Male,18
S4191,Liam,Williams,student3191@university.com,Male,21
S4192,Omar,Williams,student3192@university.com,Female,19
S4193,Ahmed,Davis,student3193@university.com,Female,21
S4194,Emma,Jones,student3194@university.com,Female,22
S4195,Maria,Williams,student3195@university.com,Male,20
S4196,Liam,Smith,student3196@university.com,Female,21
S4197,Ahmed,Williams,student3197@university.com,Female,22
S4198,Ali,Davis,student3198@university.com,Male,22
S4199,Maria,Brown,student3199@university.com,Male,22
S4200,John,Smith,student3200@university.com,Female,20
S4201,Ali,Williams,student3201@university.com,Female,20
S4202,Liam,Williams,student3202@university.com,Male,24
S4203,Ali,Johnson,student3203@university.com,Male,20
S4204,John,Jones,student3204@university.com,Male,19
S4205,Emma,Smith,student3205@university.com,Male,20
S4206,Ali,Johnson,student3206@university.com,Male,20
S4207,Omar,Brown,student3207@university.com,Female,20
S4208,Maria,Jones,student3208@university.com,Male,21
S4209,Ahmed,Smith,student3209@university.com,Male,20
S4210,Ali,Williams,student3210@university.com,Male,19
S4211,Maria,Smith,student3211@university.com,Male,22
S4212,Sara,Williams,student3212@university.com,Male,21
S4213,Maria,Jones,student3213@university.com,Female,18
S4214,Ahmed,Williams,student3214@university.com,Male,20
S4215,Maria,Brown,student3215@university.com,Female,24
S4216,John,Davis,student3216@university.com,Male,24
S4217,Liam,Williams,student3217@university.com,Female,22
S4218,Ahmed,Brown,student3218@university.com,Female,22
S4219,Liam,Davis,student3219@university.com,Male,21
S4220,Emma,Jones,student3220@university.com,Male,24
S4221,Liam,Jones,student3221@university.com,Male,18
S4222,Sara,Smith,student3222@university.com,Male,23
S4223,John,Brown,student3223@university.com,Male,24
S4224,Emma,Brown,student3224@university.com,Female,24
S4225,Maria,Johnson,student3225@university.com,Male,19
S4226,Ahmed,Johnson,student3226@university.com,Male,23
S4227,Sara,Davis,student3227@university.com,Female,22
S4228,John,Davis,student3228@university.com,Male,23
S4229,Emma,Johnson,student3229@university.com,Female,24
S4230,Emma,Davis,student3230@university.com,Male,22
S4231,Sara,Williams,student3231@university.com,Female,23
S4232,Omar,Johnson,student3232@university.com,Male,22
S4233,Maria,Brown,student3233@university.com,Female,22
S4234,Sara,Williams,student3234@university.com,Female,21
S4235,Emma,Davis,student3235@university.com,Male,18
S4236,Ali,Jones,student3236@university.com,Male,22
S4237,John,Smith,student3237@university.com,Male,19
S4238,Sara,Johnson,student3238@university.com,Female,24
S4239,Omar,Jones,student3239@university.com,Female,24
S4240,Emma,Davis,student3240@university.com,Female,19
S4241,Maria,Brown,student3241@university.com,Male,20
S4242,Liam,Smith,student3242@university.com,Male,22
S4243,Emma,Jones,student3243@university.com,Female,22
S4244,Maria,Smith,student3244@university.com,Male,22
S4245,Sara,Johnson,student3245@university.com,Female,23
S4246,Maria,Davis,student3246@university.com,Male,22
S4247,Ahmed,Brown,student3247@university.com,Male,22
S4248,Ahmed,Davis,student3248@university.com,Female,19
S4249,Ahmed,Smith,student3249@university.com,Male,18
S4250,Omar,Jones,student3250@university.com,Male,18
S4251,Omar,Johnson,student3251@university.com,Male,20
S4252,Ali,Johnson,student3252@university.com,Male,19
S4253,Omar,Davis,student3253@university.com,Male,22
S4254,Liam,Jones,student3254@university.com,Female,18
S4255,Sara,Jones,student3255@university.com,Male,21
S4256,Emma,Smith,student3256@university.com,Female,21
S4257,Emma,Davis,student3257@university.com,Male,21
S4258,Ali,Davis,student3258@university.com,Male,22
S4259,Omar,Williams,student3259@university.com,Female,22
S4260,Liam,Davis,student3260@university.com,Female,20
S4261,Maria,Johnson,student3261@university.com,Male,24
S4262,Ali,Smith,student3262@university.com,Male,20
S4263,Liam,Jones,student3263@university.com,Female,20
S4264,Maria,Davis,student3264@university.com,Female,23
S4265,Liam,Smith,student3265@university.com,Female,21
S4266,Maria,Davis,student3266@university.com,Female,22
S4267,John,Jones,student3267@university.com,Male,21
S4268,Liam,Brown,student3268@university.com,Male,20
S4269,Emma,Jones,student3269@university.com,Male,22
S4270,Ahmed,Jones,student3270@university.com,Male,19
S4271,Omar,Jones,student3271@university.com,Male,18
S4272,Maria,Davis,student3272@university.com,Female,18
S4273,John,Williams,student3273@university.com,Female,20
S4274,Liam,Jones,student3274@university.com,Female,24
S4275,Emma,Johnson,student3275@university.com,Male,21
S4276,Ahmed,Johnson,student3276@university.com,Female,19
S4277,Maria,Smith,student3277@university.com,Male,22
S4278,Liam,Williams,student3278@university.com,Male,24
S4279,Liam,Smith,student3279@university.com,Male,21
S4280,Maria,Johnson,student3280@university.com,Female,20
S4281,Ali,Johnson,student3281@university.com,Male,21
S4282,Ali,Brown,student3282@university.com,Male,20
S4283,Emma,Jones,student3283@university.com,Female,23
S4284,Ahmed,Johnson,student3284@university.com,Male,18
S4285,Maria,Davis,student3285@university.com,Female,24
S4286,Emma,Davis,student3286@university.com,Male,18
S4287,Emma,Smith,student3287@university.com,Female,21
S4288,Sara,Smith,student3288@university.com,Male,19
S4289,Liam,Jones,student3289@university.com,Male,22
S4290,Omar,Jones,student3290@university.com,Female,20
S4291,Liam,Brown,student3291@university.com,Male,22
S4292,Ali,Williams,student3292@university.com,Female,18
S4293,Ahmed,Smith,student3293@university.com,Male,19
S4294,Liam,Jones,student3294@university.com,Female,19
S4295,Maria,Smith,student3295@university.com,Male,22
S4296,Emma,Jones,student3296@university.com,Male,18
S4297,Maria,Johnson,student3297@university.com,Male,22
S4298,Sara,Smith,student3298@university.com,Female,21
S4299,Ahmed,Johnson,student3299@university.com,Female,19
S4300,Emma,Smith,student3300@university.com,Female,19
S4301,Maria,Williams,student3301@university.com,Female,21
S4302,Ali,Brown,student3302@university.com,Female,18
S4303,Omar,Davis,student3303@university.com,Male,19
S4304,Sara,Davis,student3304@university.com,Male,24
S4305,Ahmed,Davis,student3305@university.com,Male,23
S4306,Sara,Johnson,student3306@university.com,Male,23
S4307,Ali,Jones,student3307@university.com,Male,23
S4308,Ahmed,Davis,student3308@university.com,Female,20
S4309,Sara,Williams,student3309@university.com,Male,24
S4310,John,Davis,student3310@university.com,Female,20
S4311,Ali,Smith,student3311@university.com,Male,18
S4312,Ali,Johnson,student3312@university.com,Female,21
S4313,Ali,Smith,student3313@university.com,Female,22
S4314,John,Smith,student3314@university.com,Female,24
S4315,John,Smith,student3315@university.com,Male,18
S4316,Maria,Brown,student3316@university.com,Male,22
S4317,Emma,Brown,student3317@university.com,Male,18
S4318,Omar,Jones,student3318@university.com,Male,20
S4319,Sara,Johnson,student3319@university.com,Female,23
S4320,Maria,Williams,student3320@university.com,Female,21
S4321,Sara,Williams,student3321@university.com,Female,20
S4322,Omar,Williams,student3322@university.com,Female,21
S4323,Emma,Smith,student3323@university.com,Male,24
S4324,John,Brown,student3324@university.com,Female,22
S4325,Emma,Johnson,student3325@university.com,Male,18
S4326,John,Smith,student3326@university.com,Female,19
S4327,Omar,Brown,student3327@university.com,Female,19
S4328,Emma,Brown,student3328@university.com,Female,21
S4329,Maria,Davis,student3329@university.com,Male,23
S4330,Ahmed,Davis,student3330@university.com,Male,23
S4331,Maria,Johnson,student3331@university.com,Female,21
S4332,Sara,Johnson,student3332@university.com,Female,20
S4333,Maria,Johnson,student3333@university.com,Female,19
S4334,Omar,Smith,student3334@university.com,Male,20
S4335,Ali,Jones,student3335@university.com,Male,22
S4336,Sara,Johnson,student3336@university.com,Male,19
S4337,Emma,Davis,student3337@university.com,Female,22
S4338,Sara,Jones,student3338@university.com,Male,18
S4339,Ahmed,Smith,student3339@university.com,Female,20
S4340,John,Jones,student3340@university.com,Male,21
S4341,Emma,Williams,student3341@university.com,Female,19
S4342,Liam,Jones,student3342@university.com,Female,20
S4343,Sara,Johnson,student3343@university.com,Male,21
S4344,Emma,Smith,student3344@university.com,Female,18
S4345,Emma,Johnson,student3345@university.com,Female,19
S4346,Emma,Davis,student3346@university.com,Female,22
S4347,John,Williams,student3347@university.com,Male,18
S4348,Liam,Davis,student3348@university.com,Female,23
S4349,Omar,Johnson,student3349@university.com,Male,21
S4350,Maria,Johnson,student3350@university.com,Male,19
S4351,Emma,Johnson,student3351@university.com,Female,19
S4352,Ali,Brown,student3352@university.com,Male,24
S4353,Omar,Williams,student3353@university.com,Female,24
S4354,Ahmed,Johnson,student3354@university.com,Male,18
S4355,John,Johnson,student3355@university.com,Female,19
S4356,Sara,Davis,student3356@university.com,Male,21
S4357,John,Davis,student3357@university.com,Female,18
S4358,Sara,Johnson,student3358@university.com,Female,22
S4359,John,Smith,student3359@university.com,Female,18
S4360,Sara,Brown,student3360@university.com,Female,18
S4361,Emma,Davis,student3361@university.com,Male,22
S4362,Maria,Smith,student3362@university.com,Male,23
S4363,Sara,Brown,student3363@university.com,Female,24
S4364,Liam,Johnson,student3364@university.com,Male,21
S4365,Sara,Williams,student3365@university.com,Female,23
S4366,Ali,Jones,student3366@university.com,Female,23
S4367,Sara,Jones,student3367@university.com,Male,23
S4368,Ali,Johnson,student3368@university.com,Male,24
S4369,Ahmed,Davis,student3369@university.com,Female,20
S4370,Emma,Smith,student3370@university.com,Male,24
S4371,Ali,Williams,student3371@university.com,Female,23
S4372,Maria,Brown,student3372@university.com,Male,20
S4373,Omar,Johnson,student3373@university.com,Male,22
S4374,Emma,Williams,student3374@university.com,Male,24
S4375,Ali,Williams,student3375@university.com,Male,21
S4376,Emma,Davis,student3376@university.com,Male,23
S4377,Liam,Brown,student3377@university.com,Female,19
S4378,Emma,Williams,student3378@university.com,Male,22
S4379,Emma,Davis,student3379@university.com,Male,20
S4380,Ahmed,Smith,student3380@university.com,Female,24
S4381,Maria,Davis,student3381@university.com,Female,21
S4382,John,Smith,student3382@university.com,Female,18
S4383,John,Smith,student3383@university.com,Male,21
S4384,Ali,Williams,student3384@university.com,Male,21
S4385,Emma,Davis,student3385@university.com,Female,23
S4386,Ali,Smith,student3386@university.com,Female,23
S4387,Ahmed,Brown,student3387@university.com,Female,24
S4388,Ahmed,Williams,student3388@university.com,Female,24
S4389,Sara,Davis,student3389@university.com,Male,20
S4390,Liam,Davis,student3390@university.com,Male,24
S4391,Ahmed,Jones,student3391@university.com,Male,20
S4392,Sara,Davis,student3392@university.com,Male,23
S4393,Maria,Williams,student3393@university.com,Male,23
S4394,Ali,Brown,student3394@university.com,Female,19
S4395,Omar,Davis,student3395@university.com,Male,19
S4396,Maria,Jones,student3396@university.com,Female,22
S4397,Ahmed,Williams,student3397@university.com,Female,23
S4398,Maria,Smith,student3398@university.com,Female,18
S4399,Maria,Johnson,student3399@university.com,Male,19
S4400,Liam,Johnson,student3400@university.com,Female,20
S4401,Liam,Smith,student3401@university.com,Male,21
S4402,Liam,Davis,student3402@university.com,Female,24
S4403,Maria,Johnson,student3403@university.com,Male,24
S4404,Ahmed,Johnson,student3404@university.com,Female,22
S4405,Omar,Smith,student3405@university.com,Male,19
S4406,Emma,Davis,student3406@university.com,Female,21
S4407,Maria,Davis,student3407@university.com,Female,21
S4408,Sara,Smith,student3408@university.com,Female,19
S4409,Ahmed,Davis,student3409@university.com,Female,18
S4410,Maria,Davis,student3410@university.com,Male,18
S4411,Omar,Williams,student3411@university.com,Male,22
S4412,Emma,Williams,student3412@university.com,Male,18
S4413,Liam,Smith,student3413@university.com,Female,22
S4414,Ahmed,Brown,student3414@university.com,Female,20
S4415,John,Johnson,student3415@university.com,Female,19
S4416,Emma,Williams,student3416@university.com,Female,21
S4417,Sara,Johnson,student3417@university.com,Female,22
S4418,Maria,Jones,student3418@university.com,Female,24
S4419,Omar,Smith,student3419@university.com,Male,18
S4420,John,Brown,student3420@university.com,Male,24
S4421,Omar,Jones,student3421@university.com,Male,22
S4422,John,Jones,student3422@university.com,Male,23
S4423,Ahmed,Davis,student3423@university.com,Male,22
S4424,John,Jones,student3424@university.com,Male,18
S4425,Sara,Smith,student3425@university.com,Male,23
S4426,Sara,Williams,student3426@university.com,Male,23
S4427,Ali,Smith,student3427@university.com,Female,18
S4428,Sara,Williams,student3428@university.com,Female,23
S4429,Emma,Jones,student3429@university.com,Female,19
S4430,John,Jones,student3430@university.com,Female,21
S4431,Sara,Brown,student3431@university.com,Female,24
S4432,Ahmed,Williams,student3432@university.com,Female,19
S4433,Omar,Jones,student3433@university.com,Female,19
S4434,Liam,Davis,student3434@university.com,Male,18
S4435,Omar,Johnson,student3435@university.com,Male,18
S4436,Ali,Brown,student3436@university.com,Female,24
S4437,Omar,Smith,student3437@university.com,Male,21
S4438,John,Brown,student3438@university.com,Male,22
S4439,Ali,Johnson,student3439@university.com,Male,19
S4440,John,Williams,student3440@university.com,Male,23
S4441,Ahmed,Smith,student3441@university.com,Male,21
S4442,Ali,Smith,student3442@university.com,Female,19
S4443,Maria,Williams,student3443@university.com,Male,22
S4444,Emma,Brown,student3444@university.com,Female,23
S4445,Emma,Jones,student3445@university.com,Female,19
S4446,John,Brown,student3446@university.com,Female,20
S4447,Omar,Johnson,student3447@university.com,Male,24
S4448,Liam,Davis,student3448@university.com,Female,21
S4449,Liam,Jones,student3449@university.com,Female,24
S4450,Maria,Brown,student3450@university.com,Female,18
S4451,Ali,Davis,student3451@university.com,Female,19
S4452,Maria,Davis,student3452@university.com,Male,23
S4453,Maria,Williams,student3453@university.com,Female,23
S4454,Omar,Johnson,student3454@university.com,Female,21
S4455,Liam,Johnson,student3455@university.com,Female,21
S4456,Ali,Johnson,student3456@university.com,Female,24
S4457,Ahmed,Jones,student3457@university.com,Male,23
S4458,Omar,Smith,student3458@university.com,Female,23
S4459,Maria,Jones,student3459@university.com,Female,23
S4460,Maria,Brown,student3460@university.com,Female,19
S4461,Ahmed,Davis,student3461@university.com,Female,23
S4462,Maria,Davis,student3462@university.com,Female,18
S4463,Maria,Smith,student3463@university.com,Female,23
S4464,Maria,Brown,student3464@university.com,Male,18
S4465,Emma,Smith,student3465@university.com,Female,19
S4466,Omar,Davis,student3466@university.com,Male,21
S4467,Sara,Jones,student3467@university.com,Male,18
S4468,Omar,Johnson,student3468@university.com,Female,19
S4469,Ahmed,Davis,student3469@university.com,Male,23
S4470,Maria,Williams,student3470@university.com,Female,19
S4471,Omar,Johnson,student3471@university.com,Male,23
S4472,Emma,Davis,student3472@university.com,Female,24
S4473,Liam,Jones,student3473@university.com,Male,19
S4474,Ahmed,Smith,student3474@university.com,Male,21
S4475,John,Johnson,student3475@university.com,Female,18
S4476,Omar,Jones,student3476@university.com,Male,24
S4477,John,Brown,student3477@university.com,Male,21
S4478,Maria,Williams,student3478@university.com,Male,20
S4479,Emma,Johnson,student3479@university.com,Male,23
S4480,Emma,Smith,student3480@university.com,Male,18
S4481,Omar,Brown,student3481@university.com,Female,21
S4482,Ahmed,Jones,student3482@university.com,Male,18
S4483,Ahmed,Williams,student3483@university.com,Male,20
S4484,Emma,Smith,student3484@university.com,Female,22
S4485,Ahmed,Jones,student3485@university.com,Female,23
S4486,Emma,Jones,student3486@university.com,Female,23
S4487,Omar,Johnson,student3487@university.com,Male,19
S4488,Sara,Johnson,student3488@university.com,Male,23
S4489,Emma,Smith,student3489@university.com,Male,23
S4490,John,Davis,student3490@university.com,Male,21
S4491,Ahmed,Davis,student3491@university.com,Female,24
S4492,Emma,Jones,student3492@university.com,Female,23
S4493,Emma,Johnson,student3493@university.com,Male,23
S4494,Omar,Williams,student3494@university.com,Male,20
S4495,Ahmed,Williams,student3495@university.com,Male,24
S4496,Sara,Jones,student3496@university.com,Male,20
S4497,Omar,Johnson,student3497@university.com,Female,18
S4498,Sara,Smith,student3498@university.com,Female,18
S4499,Liam,Smith,student3499@university.com,Male,23
S4500,Omar,Smith,student3500@university.com,Female,23
S4501,Ahmed,Williams,student3501@university.com,Male,19
S4502,Ali,Johnson,student3502@university.com,Male,18
S4503,Ahmed,Johnson,student3503@university.com,Female,21
S4504,Ahmed,Williams,student3504@university.com,Male,23
S4505,Sara,Smith,student3505@university.com,Female,21
S4506,Sara,Smith,student3506@university.com,Male,23
S4507,Ahmed,Jones,student3507@university.com,Female,21
S4508,Ahmed,Davis,student3508@university.com,Male,22
S4509,Ahmed,Brown,student3509@university.com,Female,21
S4510,Sara,Davis,student3510@university.com,Male,24
S4511,Ahmed,Johnson,student3511@university.com,Male,18
S4512,Ahmed,Johnson,student3512@university.com,Female,23
S4513,Liam,Johnson,student3513@university.com,Male,18
S4514,Maria,Davis,student3514@university.com,Female,24
S4515,Ali,Brown,student3515@university.com,Female,24
S4516,John,Jones,student3516@university.com,Male,21
S4517,Ali,Davis,student3517@university.com,Male,20
S4518,Maria,Brown,student3518@university.com,Male,20
S4519,John,Smith,student3519@university.com,Male,24
S4520,Omar,Smith,student3520@university.com,Female,20
S4521,Ahmed,Johnson,student3521@university.com,Male,23
S4522,Maria,Williams,student3522@university.com,Male,19
S4523,Liam,Johnson,student3523@university.com,Male,22
S4524,Omar,Williams,student3524@university.com,Female,21
S4525,Ahmed,Brown,student3525@university.com,Male,19
S4526,Sara,Smith,student3526@university.com,Female,20
S4527,Emma,Davis,student3527@university.com,Male,21
S4528,Maria,Williams,student3528@university.com,Female,19
S4529,Sara,Brown,student3529@university.com,Male,18
S4530,Maria,Smith,student3530@university.com,Male,20
S4531,Liam,Davis,student3531@university.com,Female,19
S4532,Maria,Williams,student3532@university.com,Male,23
S4533,Sara,Johnson,student3533@university.com,Male,18
S4534,Liam,Johnson,student3534@university.com,Male,20
S4535,John,Johnson,student3535@university.com,Female,22
S4536,Ali,Brown,student3536@university.com,Male,24
S4537,Ahmed,Johnson,student3537@university.com,Female,20
S4538,Maria,Jones,student3538@university.com,Female,23
S4539,Ahmed,Smith,student3539@university.com,Female,22
S4540,Emma,Brown,student3540@university.com,Male,22
S4541,Sara,Davis,student3541@university.com,Female,22
S4542,Ahmed,Johnson,student3542@university.com,Female,21
S4543,Sara,Smith,student3543@university.com,Male,21
S4544,Ahmed,Williams,student3544@university.com,Female,24
S4545,Ali,Johnson,student3545@university.com,Female,22
S4546,Ali,Smith,student3546@university.com,Male,24
S4547,Liam,Jones,student3547@university.com,Male,18
S4548,Ali,Williams,student3548@university.com,Female,22
S4549,Liam,Jones,student3549@university.com,Male,19
S4550,Ali,Davis,student3550@university.com,Male,22
S4551,Ali,Smith,student3551@university.com,Male,21
S4552,Ali,Jones,student3552@university.com,Female,21
S4553,Sara,Davis,student3553@university.com,Female,19
S4554,Maria,Smith,student3554@university.com,Male,19
S4555,Liam,Smith,student3555@university.com,Female,20
S4556,Ahmed,Jones,student3556@university.com,Male,18
S4557,Ali,Smith,student3557@university.com,Male,18
S4558,Sara,Johnson,student3558@university.com,Male,18
S4559,Sara,Smith,student3559@university.com,Male,23
S4560,Sara,Brown,student3560@university.com,Male,21
S4561,Liam,Davis,student3561@university.com,Female,18
S4562,Maria,Smith,student3562@university.com,Female,20
S4563,Liam,Brown,student3563@university.com,Female,20
S4564,Ahmed,Smith,student3564@university.com,Female,18
S4565,Maria,Smith,student3565@university.com,Male,19
S4566,John,Jones,student3566@university.com,Male,20
S4567,Omar,Johnson,student3567@university.com,Female,24
S4568,Sara,Davis,student3568@university.com,Female,19
S4569,Liam,Johnson,student3569@university.com,Male,24
S4570,John,Williams,student3570@university.com,Male,21
S4571,Emma,Jones,student3571@university.com,Male,23
S4572,Liam,Jones,student3572@university.com,Female,20
S4573,Ali,Johnson,student3573@university.com,Male,19
S4574,Omar,Jones,student3574@university.com,Male,24
S4575,Ali,Johnson,student3575@university.com,Female,18
S4576,Maria,Jones,student3576@university.com,Female,24
S4577,Omar,Smith,student3577@university.com,Female,24
S4578,Liam,Johnson,student3578@university.com,Male,21
S4579,Ahmed,Johnson,student3579@university.com,Male,22
S4580,John,Brown,student3580@university.com,Female,22
S4581,Ahmed,Jones,student3581@university.com,Male,18
S4582,Liam,Jones,student3582@university.com,Male,21
S4583,Maria,Johnson,student3583@university.com,Male,21
S4584,Ali,Smith,student3584@university.com,Female,21
S4585,Omar,Smith,student3585@university.com,Female,21
S4586,Ahmed,Davis,student3586@university.com,Male,22
S4587,Liam,Smith,student3587@university.com,Male,19
S4588,Ahmed,Jones,student3588@university.com,Male,21
S4589,Liam,Brown,student3589@university.com,Male,19
S4590,Ali,Johnson,student3590@university.com,Female,24
S4591,Omar,Williams,student3591@university.com,Female,24
S4592,John,Brown,student3592@university.com,Male,21
S4593,Ali,Williams,student3593@university.com,Male,20
S4594,Ahmed,Brown,student3594@university.com,Female,23
S4595,John,Smith,student3595@university.com,Male,20
S4596,Liam,Jones,student3596@university.com,Female,24
S4597,John,Williams,student3597@university.com,Male,23
S4598,Liam,Brown,student3598@university.com,Female,20
S4599,Ali,Jones,student3599@university.com,Male,21
S4600,Ahmed,Williams,student3600@university.com,Male,19
S4601,Maria,Johnson,student3601@university.com,Female,23
S4602,Ahmed,Brown,student3602@university.com,Female,22
S4603,Liam,Johnson,student3603@university.com,Male,18
S4604,Sara,Smith,student3604@university.com,Male,23
S4605,Omar,Johnson,student3605@university.com,Female,23
S4606,Emma,Johnson,student3606@university.com,Female,22
S4607,Maria,Davis,student3607@university.com,Male,21
S4608,John,Brown,student3608@university.com,Male,20
S4609,Maria,Smith,student3609@university.com,Female,20
S4610,Omar,Johnson,student3610@university.com,Female,24
S4611,John,Jones,student3611@university.com,Female,19
S4612,Omar,Williams,student3612@university.com,Female,21
S4613,John,Johnson,student3613@university.com,Female,22
S4614,Maria,Smith,student3614@university.com,Male,21
S4615,John,Johnson,student3615@university.com,Male,21
S4616,John,Williams,student3616@university.com,Female,20
S4617,Sara,Smith,student3617@university.com,Male,22
S4618,Ahmed,Brown,student3618@university.com,Male,18
S4619,Ahmed,Smith,student3619@university.com,Female,23
S4620,Emma,Brown,student3620@university.com,Male,20
S4621,Emma,Smith,student3621@university.com,Male,22
S4622,Liam,Williams,student3622@university.com,Male,19
S4623,Liam,Williams,student3623@university.com,Female,23
S4624,Liam,Smith,student3624@university.com,Female,23
S4625,Sara,Johnson,student3625@university.com,Male,20
S4626,Emma,Williams,student3626@university.com,Male,24
S4627,Omar,Brown,student3627@university.com,Male,19
S4628,Liam,Brown,student3628@university.com,Male,20
S4629,Liam,Jones,student3629@university.com,Male,21
S4630,Maria,Davis,student3630@university.com,Male,24
S4631,Ali,Davis,student3631@university.com,Female,22
S4632,Omar,Davis,student3632@university.com,Male,19
S4633,Liam,Brown,student3633@university.com,Male,23
S4634,Liam,Jones,student3634@university.com,Female,20
S4635,Liam,Davis,student3635@university.com,Male,23
S4636,Ali,Davis,student3636@university.com,Male,19
S4637,Ali,Smith,student3637@university.com,Male,23
S4638,Sara,Smith,student3638@university.com,Male,20
S4639,Omar,Smith,student3639@university.com,Female,24
S4640,Sara,Johnson,student3640@university.com,Male,20
S4641,John,Davis,student3641@university.com,Female,18
S4642,Ali,Johnson,student3642@university.com,Male,23
S4643,Maria,Jones,student3643@university.com,Male,18
S4644,Emma,Brown,student3644@university.com,Female,24
S4645,Maria,Davis,student3645@university.com,Male,18
S4646,Emma,Brown,student3646@university.com,Female,23
S4647,Ali,Smith,student3647@university.com,Female,19
S4648,Ali,Davis,student3648@university.com,Female,21
S4649,Ali,Williams,student3649@university.com,Male,24
S4650,Sara,Johnson,student3650@university.com,Male,20
S4651,Omar,Johnson,student3651@university.com,Male,22
S4652,Emma,Davis,student3652@university.com,Male,24
S4653,Omar,Smith,student3653@university.com,Female,18
S4654,Sara,Johnson,student3654@university.com,Male,19
S4655,Sara,Smith,student3655@university.com,Male,23
S4656,Ahmed,Jones,student3656@university.com,Female,19
S4657,Maria,Brown,student3657@university.com,Female,19
S4658,Maria,Williams,student3658@university.com,Male,23
S4659,John,Brown,student3659@university.com,Female,22
S4660,Liam,Brown,student3660@university.com,Female,23
S4661,Sara,Jones,student3661@university.com,Female,22
S4662,Emma,Johnson,student3662@university.com,Female,23
S4663,Ahmed,Williams,student3663@university.com,Female,18
S4664,Ahmed,Johnson,student3664@university.com,Male,22
S4665,Liam,Davis,student3665@university.com,Male,18
S4666,Omar,Brown,student3666@university.com,Male,24
S4667,Liam,Davis,student3667@university.com,Male,22
S4668,Liam,Smith,student3668@university.com,Male,22
S4669,Liam,Brown,student3669@university.com,Male,23
S4670,Maria,Johnson,student3670@university.com,Male,22
S4671,Sara,Brown,student3671@university.com,Female,18
S4672,John,Smith,student3672@university.com,Male,24
S4673,Sara,Jones,student3673@university.com,Male,23
S4674,Omar,Davis,student3674@university.com,Male,20
S4675,Ali,Davis,student3675@university.com,Female,24
S4676,Liam,Johnson,student3676@university.com,Male,24
S4677,Sara,Brown,student3677@university.com,Male,18
S4678,Omar,Johnson,student3678@university.com,Female,24
S4679,Ali,Jones,student3679@university.com,Male,20
S4680,Ali,Brown,student3680@university.com,Male,19
S4681,Liam,Brown,student3681@university.com,Female,23
S4682,John,Johnson,student3682@university.com,Male,19
S4683,Emma,Johnson,student3683@university.com,Female,23
S4684,Maria,Smith,student3684@university.com,Male,24
S4685,Sara,Jones,student3685@university.com,Male,23
S4686,Ali,Smith,student3686@university.com,Male,18
S4687,Sara,Davis,student3687@university.com,Female,20
S4688,Emma,Brown,student3688@university.com,Female,23
S4689,Maria,Johnson,student3689@university.com,Female,20
S4690,Emma,Brown,student3690@university.com,Male,23
S4691,Maria,Brown,student3691@university.com,Male,20
S4692,Ahmed,Williams,student3692@university.com,Female,19
S4693,Maria,Davis,student3693@university.com,Female,18
S4694,Liam,Williams,student3694@university.com,Male,23
S4695,John,Brown,student3695@university.com,Male,21
S4696,Emma,Johnson,student3696@university.com,Male,20
S4697,Ali,Brown,student3697@university.com,Male,20
S4698,Liam,Davis,student3698@university.com,Female,21
S4699,Ahmed,Williams,student3699@university.com,Male,18
S4700,John,Johnson,student3700@university.com,Male,20
S4701,Sara,Brown,student3701@university.com,Male,18
S4702,Liam,Jones,student3702@university.com,Male,20
S4703,Emma,Davis,student3703@university.com,Male,24
S4704,Omar,Davis,student3704@university.com,Male,22
S4705,Omar,Jones,student3705@university.com,Male,24
S4706,Ali,Brown,student3706@university.com,Female,20
S4707,Maria,Davis,student3707@university.com,Female,22
S4708,Ali,Johnson,student3708@university.com,Female,23
S4709,Omar,Brown,student3709@university.com,Male,18
S4710,Sara,Brown,student3710@university.com,Female,20
S4711,Ahmed,Williams,student3711@university.com,Male,19
S4712,Ahmed,Davis,student3712@university.com,Male,19
S4713,Emma,Davis,student3713@university.com,Male,21
S4714,Ahmed,Jones,student3714@university.com,Male,19
S4715,Emma,Williams,student3715@university.com,Female,22
S4716,Liam,Williams,student3716@university.com,Male,19
S4717,Emma,Davis,student3717@university.com,Male,19
S4718,Liam,Brown,student3718@university.com,Female,19
S4719,Emma,Williams,student3719@university.com,Female,20
S4720,Omar,Jones,student3720@university.com,Female,21
S4721,Omar,Williams,student3721@university.com,Male,18
S4722,Maria,Jones,student3722@university.com,Female,21
S4723,Liam,Williams,student3723@university.com,Male,22
S4724,John,Jones,student3724@university.com,Male,20
S4725,Liam,Williams,student3725@university.com,Female,23
S4726,Emma,Williams,student3726@university.com,Female,20
S4727,Emma,Johnson,student3727@university.com,Female,24
S4728,John,Jones,student3728@university.com,Male,19
S4729,Ali,Jones,student3729@university.com,Male,19
S4730,Emma,Jones,student3730@university.com,Male,22
S4731,Maria,Smith,student3731@university.com,Male,23
S4732,Ahmed,Williams,student3732@university.com,Male,24
S4733,Ahmed,Jones,student3733@university.com,Male,20
S4734,Sara,Davis,student3734@university.com,Female,23
S4735,Sara,Smith,student3735@university.com,Male,18
S4736,Ahmed,Johnson,student3736@university.com,Female,21
S4737,Ahmed,Jones,student3737@university.com,Female,20
S4738,Omar,Jones,student3738@university.com,Female,23
S4739,Maria,Smith,student3739@university.com,Female,18
S4740,John,Williams,student3740@university.com,Female,18
S4741,Sara,Davis,student3741@university.com,Male,24
S4742,Omar,Johnson,student3742@university.com,Male,24
S4743,Omar,Jones,student3743@university.com,Male,21
S4744,John,Williams,student3744@university.com,Male,18
S4745,Omar,Davis,student3745@university.com,Female,22
S4746,Liam,Davis,student3746@university.com,Female,18
S4747,Maria,Johnson,student3747@university.com,Female,23
S4748,Ahmed,Brown,student3748@university.com,Male,24
S4749,Emma,Davis,student3749@university.com,Male,22
S4750,John,Brown,student3750@university.com,Male,24
S4751,Ahmed,Davis,student3751@university.com,Male,24
S4752,Ahmed,Johnson,student3752@university.com,Female,24
S4753,Ali,Smith,student3753@university.com,Female,18
S4754,Liam,Johnson,student3754@university.com,Male,19
S4755,John,Johnson,student3755@university.com,Male,18
S4756,Omar,Smith,student3756@university.com,Female,24
S4757,Emma,Smith,student3757@university.com,Female,22
S4758,John,Williams,student3758@university.com,Female,18
S4759,Omar,Davis,student3759@university.com,Female,24
S4760,Ahmed,Williams,student3760@university.com,Male,24
S4761,Emma,Smith,student3761@university.com,Female,18
S4762,Omar,Brown,student3762@university.com,Female,18
S4763,Maria,Brown,student3763@university.com,Female,22
S4764,Omar,Johnson,student3764@university.com,Female,18
S4765,Ali,Jones,student3765@university.com,Male,21
S4766,Liam,Johnson,student3766@university.com,Male,23
S4767,Ahmed,Johnson,student3767@university.com,Male,21
S4768,Omar,Jones,student3768@university.com,Male,22
S4769,Liam,Davis,student3769@university.com,Male,19
S4770,Sara,Smith,student3770@university.com,Male,21
S4771,Sara,Brown,student3771@university.com,Female,24
S4772,Liam,Johnson,student3772@university.com,Female,23
S4773,Liam,Jones,student3773@university.com,Female,20
S4774,Ali,Williams,student3774@university.com,Female,23
S4775,Maria,Johnson,student3775@university.com,Male,21
S4776,Ahmed,Brown,student3776@university.com,Female,20
S4777,John,Smith,student3777@university.com,Male,22
S4778,Ali,Johnson,student3778@university.com,Female,23
S4779,Maria,Johnson,student3779@university.com,Female,19
S4780,Liam,Davis,student3780@university.com,Female,20
S4781,John,Jones,student3781@university.com,Male,20
S4782,Liam,Williams,student3782@university.com,Female,23
S4783,Liam,Williams,student3783@university.com,Male,21
S4784,Sara,Smith,student3784@university.com,Male,20
S4785,Sara,Brown,student3785@university.com,Female,22
S4786,John,Smith,student3786@university.com,Male,23
S4787,Ali,Johnson,student3787@university.com,Male,22
S4788,Sara,Johnson,student3788@university.com,Female,23
S4789,Ahmed,Williams,student3789@university.com,Female,22
S4790,Liam,Brown,student3790@university.com,Female,21
S4791,Emma,Jones,student3791@university.com,Female,23
S4792,Omar,Brown,student3792@university.com,Female,24
S4793,John,Johnson,student3793@university.com,Female,19
S4794,John,Jones,student3794@university.com,Male,21
S4795,Sara,Brown,student3795@university.com,Female,22
S4796,Ali,Brown,student3796@university.com,Female,23
S4797,Liam,Jones,student3797@university.com,Male,21
S4798,Ahmed,Johnson,student3798@university.com,Female,22
S4799,Ali,Brown,student3799@university.com,Male,18
S4800,Maria,Jones,student3800@university.com,Female,18
S4801,Maria,Davis,student3801@university.com,Female,20
S4802,Emma,Davis,student3802@university.com,Male,19
S4803,Sara,Johnson,student3803@university.com,Female,18
S4804,Sara,Jones,student3804@university.com,Male,24
S4805,Sara,Davis,student3805@university.com,Female,22
S4806,Emma,Jones,student3806@university.com,Female,21
S4807,Maria,Brown,student3807@university.com,Male,23
S4808,Ali,Johnson,student3808@university.com,Female,21
S4809,Emma,Davis,student3809@university.com,Female,20
S4810,Emma,Brown,student3810@university.com,Male,21
S4811,Ali,Smith,student3811@university.com,Female,18
S4812,Sara,Smith,student3812@university.com,Male,21
S4813,Ahmed,Johnson,student3813@university.com,Female,18
S4814,Ali,Davis,student3814@university.com,Male,18
S4815,Maria,Davis,student3815@university.com,Female,19
S4816,John,Davis,student3816@university.com,Male,20
S4817,Liam,Jones,student3817@university.com,Male,24
S4818,John,Brown,student3818@university.com,Female,24
S4819,Omar,Davis,student3819@university.com,Female,22
S4820,Omar,Brown,student3820@university.com,Male,24
S4821,Emma,Johnson,student3821@university.com,Female,18
S4822,Liam,Davis,student3822@university.com,Male,23
S4823,John,Johnson,student3823@university.com,Female,20
S4824,Ahmed,Davis,student3824@university.com,Female,22
S4825,Sara,Smith,student3825@university.com,Male,24
S4826,Maria,Williams,student3826@university.com,Male,24
S4827,Omar,Johnson,student3827@university.com,Female,23
S4828,Ahmed,Davis,student3828@university.com,Female,21
S4829,Maria,Williams,student3829@university.com,Female,20
S4830,Maria,Johnson,student3830@university.com,Female,23
S4831,Sara,Jones,student3831@university.com,Female,24
S4832,Liam,Davis,student3832@university.com,Male,20
S4833,Emma,Jones,student3833@university.com,Female,20
S4834,John,Smith,student3834@university.com,Female,24
S4835,Sara,Davis,student3835@university.com,Male,21
S4836,Ahmed,Smith,student3836@university.com,Male,21
S4837,Emma,Williams,student3837@university.com,Male,24
S4838,Ahmed,Johnson,student3838@university.com,Female,20
S4839,Emma,Brown,student3839@university.com,Male,23
S4840,Liam,Smith,student3840@university.com,Male,19
S4841,Omar,Brown,student3841@university.com,Male,18
S4842,Ahmed,Brown,student3842@university.com,Male,21
S4843,Sara,Johnson,student3843@university.com,Female,24
S4844,Emma,Williams,student3844@university.com,Female,19
S4845,Emma,Johnson,student3845@university.com,Female,21
S4846,Maria,Davis,student3846@university.com,Male,20
S4847,Maria,Smith,student3847@university.com,Male,24
S4848,Ali,Brown,student3848@university.com,Male,19
S4849,Ahmed,Johnson,student3849@university.com,Male,24
S4850,Maria,Johnson,student3850@university.com,Male,23
S4851,Ali,Johnson,student3851@university.com,Male,23
S4852,Omar,Smith,student3852@university.com,Female,22
S4853,Omar,Williams,student3853@university.com,Female,18
S4854,Maria,Johnson,student3854@university.com,Male,18
S4855,Ahmed,Smith,student3855@university.com,Female,21
S4856,Emma,Brown,student3856@university.com,Male,18
S4857,John,Davis,student3857@university.com,Male,24
S4858,Liam,Jones,student3858@university.com,Female,24
S4859,Ahmed,Smith,student3859@university.com,Male,22
S4860,Liam,Jones,student3860@university.com,Female,23
S4861,Sara,Johnson,student3861@university.com,Male,19
S4862,Omar,Johnson,student3862@university.com,Male,19
S4863,Maria,Smith,student3863@university.com,Female,23
S4864,Maria,Jones,student3864@university.com,Male,20
S4865,Liam,Johnson,student3865@university.com,Male,23
S4866,Emma,Brown,student3866@university.com,Male,19
S4867,Liam,Williams,student3867@university.com,Female,21
S4868,Sara,Williams,student3868@university.com,Male,22
S4869,Emma,Johnson,student3869@university.com,Male,23
S4870,Sara,Jones,student3870@university.com,Male,20
S4871,John,Davis,student3871@university.com,Female,21
S4872,Omar,Johnson,student3872@university.com,Female,23
S4873,Maria,Davis,student3873@university.com,Female,21
S4874,Maria,Davis,student3874@university.com,Female,23
S4875,John,Jones,student3875@university.com,Female,21
S4876,Ali,Davis,student3876@university.com,Male,24
S4877,Omar,Brown,student3877@university.com,Female,18
S4878,Emma,Jones,student3878@university.com,Female,21
S4879,John,Johnson,student3879@university.com,Male,24
S4880,Emma,Brown,student3880@university.com,Female,18
S4881,Liam,Smith,student3881@university.com,Male,19
S4882,Ahmed,Williams,student3882@university.com,Female,18
S4883,Maria,Johnson,student3883@university.com,Male,21
S4884,Emma,Johnson,student3884@university.com,Male,22
S4885,Sara,Johnson,student3885@university.com,Female,22
S4886,Emma,Brown,student3886@university.com,Female,19
S4887,Ahmed,Smith,student3887@university.com,Male,21
S4888,Omar,Jones,student3888@university.com,Male,18
S4889,Maria,Smith,student3889@university.com,Male,22
S4890,Liam,Brown,student3890@university.com,Male,23
S4891,John,Johnson,student3891@university.com,Male,20
S4892,Liam,Williams,student3892@university.com,Male,21
S4893,Ahmed,Johnson,student3893@university.com,Male,24
S4894,Maria,Jones,student3894@university.com,Female,24
S4895,Emma,Davis,student3895@university.com,Male,23
S4896,Omar,Williams,student3896@university.com,Female,23
S4897,Ali,Johnson,student3897@university.com,Female,21
S4898,Omar,Williams,student3898@university.com,Male,20
S4899,Ali,Davis,student3899@university.com,Male,22
S4900,Sara,Smith,student3900@university.com,Female,20
S4901,Omar,Brown,student3901@university.com,Male,19
S4902,Maria,Johnson,student3902@university.com,Male,18
S4903,Ali,Jones,student3903@university.com,Female,18
S4904,John,Smith,student3904@university.com,Female,23
S4905,Maria,Johnson,student3905@university.com,Female,22
S4906,John,Smith,student3906@university.com,Male,20
S4907,Omar,Jones,student3907@university.com,Male,23
S4908,John,Johnson,student3908@university.com,Female,21
S4909,Ali,Davis,student3909@university.com,Male,23
S4910,Maria,Davis,student3910@university.com,Female,21
S4911,Emma,Jones,student3911@university.com,Male,21
S4912,Ahmed,Williams,student3912@university.com,Female,19
S4913,Ali,Jones,student3913@university.com,Male,19
S4914,Ali,Williams,student3914@university.com,Female,21
S4915,Emma,Johnson,student3915@university.com,Male,22
S4916,Maria,Williams,student3916@university.com,Male,19
S4917,Maria,Johnson,student3917@university.com,Female,19
S4918,Liam,Johnson,student3918@university.com,Male,18
S4919,Omar,Brown,student3919@university.com,Male,23
S4920,John,Johnson,student3920@university.com,Female,18
S4921,Omar,Williams,student3921@university.com,Male,22
S4922,Emma,Brown,student3922@university.com,Male,19
S4923,Omar,Brown,student3923@university.com,Male,24
S4924,Emma,Johnson,student3924@university.com,Female,19
S4925,Maria,Jones,student3925@university.com,Female,20
S4926,John,Jones,student3926@university.com,Female,22
S4927,Omar,Davis,student3927@university.com,Female,24
S4928,Ali,Brown,student3928@university.com,Female,23
S4929,Sara,Johnson,student3929@university.com,Male,23
S4930,Liam,Jones,student3930@university.com,Male,24
S4931,Ahmed,Johnson,student3931@university.com,Female,23
S4932,Ali,Johnson,student3932@university.com,Male,24
S4933,Maria,Brown,student3933@university.com,Male,22
S4934,Ahmed,Davis,student3934@university.com,Male,24
S4935,Sara,Brown,student3935@university.com,Male,24
S4936,Sara,Smith,student3936@university.com,Female,20
S4937,John,Jones,student3937@university.com,Female,20
S4938,Ahmed,Jones,student3938@university.com,Male,18
S4939,John,Jones,student3939@university.com,Male,22
S4940,Ali,Williams,student3940@university.com,Female,22
S4941,Emma,Johnson,student3941@university.com,Male,20
S4942,Emma,Brown,student3942@university.com,Male,21
S4943,Emma,Jones,student3943@university.com,Male,21
S4944,Ahmed,Smith,student3944@university.com,Female,18
S4945,Emma,Jones,student3945@university.com,Female,21
S4946,Ali,Davis,student3946@university.com,Male,21
S4947,John,Johnson,student3947@university.com,Male,21
S4948,Ahmed,Johnson,student3948@university.com,Male,19
S4949,John,Brown,student3949@university.com,Male,18
S4950,Ahmed,Williams,student3950@university.com,Male,20
S4951,John,Brown,student3951@university.com,Male,21
S4952,Sara,Jones,student3952@university.com,Female,23
S4953,John,Davis,student3953@university.com,Female,24
S4954,Emma,Smith,student3954@university.com,Male,19
S4955,Sara,Brown,student3955@university.com,Female,21
S4956,John,Williams,student3956@university.com,Male,24
S4957,Ahmed,Brown,student3957@university.com,Male,24
S4958,Ahmed,Johnson,student3958@university.com,Female,19
S4959,Liam,Jones,student3959@university.com,Female,18
S4960,Ahmed,Jones,student3960@university.com,Male,23
S4961,Maria,Jones,student3961@university.com,Male,23
S4962,Ali,Jones,student3962@university.com,Female,23
S4963,Ahmed,Jones,student3963@university.com,Female,21
S4964,Sara,Jones,student3964@university.com,Male,19
S4965,Liam,Smith,student3965@university.com,Male,23
S4966,Ahmed,Williams,student3966@university.com,Male,24
S4967,Maria,Jones,student3967@university.com,Female,24
S4968,Emma,Williams,student3968@university.com,Male,22
S4969,Sara,Davis,student3969@university.com,Female,22
S4970,Maria,Jones,student3970@university.com,Male,19
S4971,Emma,Brown,student3971@university.com,Female,21
S4972,Omar,Jones,student3972@university.com,Female,21
S4973,Omar,Johnson,student3973@university.com,Female,18
S4974,Sara,Smith,student3974@university.com,Female,18
S4975,John,Brown,student3975@university.com,Male,23
S4976,Ali,Brown,student3976@university.com,Female,20
S4977,Liam,Johnson,student3977@university.com,Female,24
S4978,Ali,Jones,student3978@university.com,Female,18
S4979,Maria,Smith,student3979@university.com,Male,21
S4980,Emma,Brown,student3980@university.com,Male,24
S4981,Ali,Smith,student3981@university.com,Male,20
S4982,Emma,Brown,student3982@university.com,Male,18
S4983,Emma,Jones,student3983@university.com,Male,19
S4984,Maria,Davis,student3984@university.com,Male,22
S4985,Maria,Brown,student3985@university.com,Female,18
S4986,Maria,Davis,student3986@university.com,Female,18
S4987,Ali,Brown,student3987@university.com,Female,19
S4988,Omar,Williams,student3988@university.com,Male,21
S4989,Maria,Jones,student3989@university.com,Female,23
S4990,Liam,Johnson,student3990@university.com,Female,19
S4991,Ali,Davis,student3991@university.com,Male,23
S4992,Maria,Johnson,student3992@university.com,Female,18
S4993,Ahmed,Jones,student3993@university.com,Male,21
S4994,Emma,Johnson,student3994@university.com,Female,20
S4995,Liam,Jones,student3995@university.com,Male,18
S4996,Maria,Johnson,student3996@university.com,Male,19
S4997,Sara,Davis,student3997@university.com,Male,20
S4998,Emma,Williams,student3998@university.com,Female,22
S4999,Emma,Johnson,student3999@university.com,Female,20
S5000,Maria,Davis,student4000@university.com,Male,19
S5001,Omar,Brown,student4001@university.com,Male,24
S5002,John,Jones,student4002@university.com,Female,20
S5003,Omar,Smith,student4003@university.com,Female,19
S5004,Maria,Smith,student4004@university.com,Male,24
S5005,Emma,Jones,student4005@university.com,Female,18
S5006,Liam,Williams,student4006@university.com,Female,24
S5007,Sara,Johnson,student4007@university.com,Female,21
S5008,Liam,Williams,student4008@university.com,Male,22
S5009,Liam,Smith,student4009@university.com,Male,24
S5010,Emma,Davis,student4010@university.com,Female,21
S5011,Omar,Jones,student4011@university.com,Male,21
S5012,Sara,Jones,student4012@university.com,Female,21
S5013,Ali,Williams,student4013@university.com,Female,24
S5014,Ahmed,Davis,student4014@university.com,Male,19
S5015,Emma,Williams,student4015@university.com,Male,19
S5016,Maria,Johnson,student4016@university.com,Male,22
S5017,Ali,Brown,student4017@university.com,Female,19
S5018,Ahmed,Davis,student4018@university.com,Female,23
S5019,Maria,Brown,student4019@university.com,Male,19
S5020,Liam,Johnson,student4020@university.com,Male,19
S5021,John,Brown,student4021@university.com,Male,19
S5022,Maria,Smith,student4022@university.com,Female,18
S5023,Sara,Brown,student4023@university.com,Female,22
S5024,Sara,Johnson,student4024@university.com,Female,23
S5025,John,Brown,student4025@university.com,Male,19
S5026,Ali,Jones,student4026@university.com,Male,22
S5027,Ahmed,Williams,student4027@university.com,Female,20
S5028,Maria,Smith,student4028@university.com,Male,18
S5029,Sara,Jones,student4029@university.com,Male,24
S5030,Ali,Jones,student4030@university.com,Male,19
S5031,John,Johnson,student4031@university.com,Male,23
S5032,Omar,Williams,student4032@university.com,Female,18
S5033,Emma,Williams,student4033@university.com,Male,23
S5034,Omar,Davis,student4034@university.com,Female,24
S5035,Omar,Smith,student4035@university.com,Female,24
S5036,Sara,Johnson,student4036@university.com,Male,18
S5037,Liam,Smith,student4037@university.com,Female,20
S5038,Liam,Davis,student4038@university.com,Female,22
S5039,John,Brown,student4039@university.com,Male,18
S5040,Maria,Jones,student4040@university.com,Female,21
S5041,Liam,Smith,student4041@university.com,Female,24
S5042,Omar,Jones,student4042@university.com,Female,20
S5043,Liam,Johnson,student4043@university.com,Female,24
S5044,Omar,Brown,student4044@university.com,Female,21
S5045,Ahmed,Johnson,student4045@university.com,Female,20
S5046,Sara,Brown,student4046@university.com,Female,24
S5047,Sara,Brown,student4047@university.com,Female,21
S5048,Maria,Jones,student4048@university.com,Male,21
S5049,Liam,Johnson,student4049@university.com,Male,24
S5050,Liam,Johnson,student4050@university.com,Male,24
S5051,Emma,Smith,student4051@university.com,Female,23
S5052,Ali,Johnson,student4052@university.com,Female,18
S5053,Ahmed,Smith,student4053@university.com,Female,18
S5054,Sara,Williams,student4054@university.com,Male,20
S5055,Ahmed,Williams,student4055@university.com,Male,22
S5056,Sara,Williams,student4056@university.com,Male,24
S5057,Ahmed,Davis,student4057@university.com,Female,23
S5058,John,Johnson,student4058@university.com,Male,18
S5059,Omar,Davis,student4059@university.com,Male,18
S5060,Sara,Johnson,student4060@university.com,Female,23
S5061,Ahmed,Smith,student4061@university.com,Male,19
S5062,Liam,Davis,student4062@university.com,Female,23
S5063,Ali,Davis,student4063@university.com,Male,18
S5064,John,Davis,student4064@university.com,Female,22
S5065,John,Brown,student4065@university.com,Female,19
S5066,Ali,Smith,student4066@university.com,Female,21
S5067,Ahmed,Williams,student4067@university.com,Female,23
S5068,Liam,Smith,student4068@university.com,Female,21
S5069,Maria,Brown,student4069@university.com,Male,19
S5070,Ali,Johnson,student4070@university.com,Female,19
S5071,Ahmed,Smith,student4071@university.com,Female,19
S5072,Ali,Davis,student4072@university.com,Female,20
S5073,Ali,Williams,student4073@university.com,Female,23
S5074,Sara,Williams,student4074@university.com,Male,24
S5075,Ahmed,Johnson,student4075@university.com,Female,22
S5076,Maria,Smith,student4076@university.com,Male,22
S5077,Omar,Brown,student4077@university.com,Female,21
S5078,Sara,Johnson,student4078@university.com,Female,21
S5079,Ali,Smith,student4079@university.com,Male,24
S5080,Omar,Jones,student4080@university.com,Male,21
S5081,Emma,Williams,student4081@university.com,Male,23
S5082,Omar,Brown,student4082@university.com,Female,18
S5083,Ali,Davis,student4083@university.com,Male,21
S5084,Ali,Brown,student4084@university.com,Female,19
S5085,Liam,Davis,student4085@university.com,Male,21
S5086,Ahmed,Brown,student4086@university.com,Male,19
S5087,Ahmed,Williams,student4087@university.com,Female,20
S5088,Sara,Davis,student4088@university.com,Male,18
S5089,Maria,Smith,student4089@university.com,Male,18
S5090,Sara,Davis,student4090@university.com,Female,24
S5091,John,Johnson,student4091@university.com,Female,23
S5092,Ali,Smith,student4092@university.com,Female,23
S5093,Omar,Johnson,student4093@university.com,Male,22
S5094,Emma,Brown,student4094@university.com,Male,20
S5095,Ali,Smith,student4095@university.com,Male,24
S5096,Ali,Brown,student4096@university.com,Male,23
S5097,Sara,Jones,student4097@university.com,Male,19
S5098,Emma,Brown,student4098@university.com,Female,20
S5099,Emma,Brown,student4099@university.com,Male,18
S5100,Emma,Johnson,student4100@university.com,Female,19
S5101,Sara,Davis,student4101@university.com,Male,24
S5102,Ali,Jones,student4102@university.com,Female,24
S5103,Sara,Brown,student4103@university.com,Male,20
S5104,Ahmed,Brown,student4104@university.com,Male,18
S5105,Ahmed,Jones,student4105@university.com,Female,23
S5106,Sara,Jones,student4106@university.com,Male,19
S5107,Emma,Smith,student4107@university.com,Female,19
S5108,Liam,Johnson,student4108@university.com,Male,18
S5109,Ali,Jones,student4109@university.com,Male,19
S5110,Sara,Jones,student4110@university.com,Female,23
S5111,Sara,Williams,student4111@university.com,Male,23
S5112,Sara,Davis,student4112@university.com,Female,23
S5113,Liam,Jones,student4113@university.com,Male,18
S5114,Liam,Johnson,student4114@university.com,Male,21
S5115,John,Davis,student4115@university.com,Male,21
S5116,Ahmed,Davis,student4116@university.com,Male,24
S5117,Omar,Brown,student4117@university.com,Male,24
S5118,Emma,Brown,student4118@university.com,Male,19
S5119,Maria,Brown,student4119@university.com,Male,23
S5120,Liam,Brown,student4120@university.com,Female,19
S5121,Omar,Williams,student4121@university.com,Male,18
S5122,Liam,Jones,student4122@university.com,Male,19
S5123,Emma,Brown,student4123@university.com,Male,22
S5124,Maria,Smith,student4124@university.com,Female,21
S5125,John,Brown,student4125@university.com,Female,19
S5126,Sara,Jones,student4126@university.com,Male,19
S5127,John,Brown,student4127@university.com,Male,20
S5128,Liam,Williams,student4128@university.com,Male,19
S5129,John,Johnson,student4129@university.com,Female,22
S5130,Omar,Johnson,student4130@university.com,Male,21
S5131,Ali,Jones,student4131@university.com,Female,20
S5132,Liam,Johnson,student4132@university.com,Male,18
S5133,Liam,Johnson,student4133@university.com,Female,24
S5134,Omar,Smith,student4134@university.com,Female,18
S5135,Ahmed,Jones,student4135@university.com,Male,21
S5136,Maria,Jones,student4136@university.com,Male,24
S5137,Sara,Johnson,student4137@university.com,Male,18
S5138,Omar,Johnson,student4138@university.com,Male,22
S5139,Maria,Johnson,student4139@university.com,Male,19
S5140,Emma,Davis,student4140@university.com,Male,21
S5141,Maria,Williams,student4141@university.com,Male,24
S5142,Emma,Brown,student4142@university.com,Female,20
S5143,Omar,Williams,student4143@university.com,Male,19
S5144,Liam,Jones,student4144@university.com,Male,18
S5145,Liam,Smith,student4145@university.com,Female,18
S5146,Ahmed,Brown,student4146@university.com,Male,20
S5147,Omar,Smith,student4147@university.com,Male,22
S5148,Emma,Davis,student4148@university.com,Male,20
S5149,Maria,Jones,student4149@university.com,Male,21
S5150,Maria,Davis,student4150@university.com,Female,20
S5151,Emma,Jones,student4151@university.com,Female,18
S5152,John,Smith,student4152@university.com,Male,22
S5153,Ahmed,Smith,student4153@university.com,Male,22
S5154,Ali,Smith,student4154@university.com,Female,23
S5155,Liam,Jones,student4155@university.com,Male,20
S5156,Sara,Johnson,student4156@university.com,Female,21
S5157,Maria,Smith,student4157@university.com,Female,18
S5158,Sara,Davis,student4158@university.com,Female,19
S5159,Ali,Brown,student4159@university.com,Male,22
S5160,Omar,Jones,student4160@university.com,Male,20
S5161,Sara,Davis,student4161@university.com,Male,23
S5162,Ali,Williams,student4162@university.com,Female,21
S5163,Liam,Williams,student4163@university.com,Male,21
S5164,Emma,Brown,student4164@university.com,Male,24
S5165,John,Johnson,student4165@university.com,Female,18
S5166,Liam,Smith,student4166@university.com,Male,22
S5167,Maria,Jones,student4167@university.com,Male,18
S5168,Ali,Davis,student4168@university.com,Male,23
S5169,Sara,Smith,student4169@university.com,Female,19
S5170,Maria,Davis,student4170@university.com,Male,19
S5171,John,Jones,student4171@university.com,Female,19
S5172,Emma,Williams,student4172@university.com,Female,21
S5173,Omar,Smith,student4173@university.com,Female,22
S5174,Maria,Brown,student4174@university.com,Male,18
S5175,Omar,Johnson,student4175@university.com,Male,18
S5176,Ali,Brown,student4176@university.com,Male,23
S5177,John,Johnson,student4177@university.com,Female,19
S5178,Sara,Davis,student4178@university.com,Female,22
S5179,John,Smith,student4179@university.com,Male,22
S5180,John,Smith,student4180@university.com,Female,23
S5181,Ahmed,Johnson,student4181@university.com,Male,20
S5182,John,Williams,student4182@university.com,Male,22
S5183,John,Jones,student4183@university.com,Male,22
S5184,Liam,Brown,student4184@university.com,Male,18
S5185,Maria,Davis,student4185@university.com,Male,23
S5186,Sara,Brown,student4186@university.com,Male,22
S5187,Liam,Brown,student4187@university.com,Male,22
S5188,Liam,Davis,student4188@university.com,Female,18
S5189,Maria,Davis,student4189@university.com,Male,22
S5190,Maria,Smith,student4190@university.com,Female,18
S5191,Ali,Brown,student4191@university.com,Female,20
S5192,Maria,Jones,student4192@university.com,Male,21
S5193,Ahmed,Jones,student4193@university.com,Female,24
S5194,Ahmed,Johnson,student4194@university.com,Female,18
S5195,Liam,Davis,student4195@university.com,Female,18
S5196,Omar,Smith,student4196@university.com,Male,22
S5197,Ali,Jones,student4197@university.com,Male,18
S5198,Omar,Williams,student4198@university.com,Male,23
S5199,Omar,Smith,student4199@university.com,Male,19
S5200,Liam,Smith,student4200@university.com,Male,19
S5201,Emma,Jones,student4201@university.com,Female,20
S5202,Liam,Williams,student4202@university.com,Female,18
S5203,Sara,Johnson,student4203@university.com,Male,23
S5204,Sara,Jones,student4204@university.com,Female,22
S5205,Maria,Williams,student4205@university.com,Female,22
S5206,Maria,Smith,student4206@university.com,Female,24
S5207,Emma,Williams,student4207@university.com,Female,21
S5208,Maria,Smith,student4208@university.com,Male,20
S5209,Sara,Jones,student4209@university.com,Male,23
S5210,Omar,Davis,student4210@university.com,Male,23
S5211,Liam,Jones,student4211@university.com,Female,24
S5212,John,Brown,student4212@university.com,Female,24
S5213,Ahmed,Brown,student4213@university.com,Male,22
S5214,John,Brown,student4214@university.com,Male,21
S5215,John,Jones,student4215@university.com,Female,22
S5216,Sara,Johnson,student4216@university.com,Male,21
S5217,John,Jones,student4217@university.com,Male,19
S5218,Liam,Davis,student4218@university.com,Female,23
S5219,Emma,Williams,student4219@university.com,Female,24
S5220,Ali,Jones,student4220@university.com,Male,19
S5221,Maria,Jones,student4221@university.com,Female,22
S5222,Ali,Smith,student4222@university.com,Male,20
S5223,Omar,Smith,student4223@university.com,Female,18
S5224,Liam,Smith,student4224@university.com,Female,20
S5225,Liam,Jones,student4225@university.com,Male,20
S5226,Ahmed,Johnson,student4226@university.com,Female,18
S5227,Liam,Williams,student4227@university.com,Male,23
S5228,Maria,Williams,student4228@university.com,Female,19
S5229,Liam,Davis,student4229@university.com,Male,19
S5230,John,Johnson,student4230@university.com,Female,23
S5231,Ahmed,Johnson,student4231@university.com,Female,18
S5232,Maria,Williams,student4232@university.com,Male,21
S5233,Emma,Brown,student4233@university.com,Female,20
S5234,Emma,Smith,student4234@university.com,Male,22
S5235,Emma,Smith,student4235@university.com,Female,19
S5236,Emma,Williams,student4236@university.com,Female,23
S5237,John,Johnson,student4237@university.com,Male,22
S5238,Liam,Davis,student4238@university.com,Female,24
S5239,Ali,Brown,student4239@university.com,Female,18
S5240,Maria,Williams,student4240@university.com,Male,22
S5241,John,Smith,student4241@university.com,Female,22
S5242,Emma,Jones,student4242@university.com,Male,20
S5243,Omar,Johnson,student4243@university.com,Male,18
S5244,Liam,Jones,student4244@university.com,Male,22
S5245,Ali,Davis,student4245@university.com,Female,19
S5246,Omar,Williams,student4246@university.com,Female,18
S5247,Ahmed,Smith,student4247@university.com,Male,19
S5248,Omar,Brown,student4248@university.com,Female,23
S5249,Ahmed,Jones,student4249@university.com,Male,23
S5250,Ahmed,Brown,student4250@university.com,Female,24
S5251,Emma,Davis,student4251@university.com,Male,21
S5252,Ahmed,Smith,student4252@university.com,Male,23
S5253,Sara,Jones,student4253@university.com,Female,22
S5254,Maria,Davis,student4254@university.com,Male,18
S5255,Maria,Brown,student4255@university.com,Male,23
S5256,Emma,Brown,student4256@university.com,Female,19
S5257,Sara,Jones,student4257@university.com,Male,22
S5258,Omar,Smith,student4258@university.com,Male,23
S5259,John,Brown,student4259@university.com,Female,20
S5260,Omar,Williams,student4260@university.com,Male,19
S5261,Liam,Davis,student4261@university.com,Male,24
S5262,John,Jones,student4262@university.com,Male,24
S5263,Ahmed,Johnson,student4263@university.com,Male,24
S5264,Ali,Johnson,student4264@university.com,Male,19
S5265,John,Smith,student4265@university.com,Male,24
S5266,Ali,Williams,student4266@university.com,Male,21
S5267,Maria,Brown,student4267@university.com,Male,20
S5268,Ali,Johnson,student4268@university.com,Female,21
S5269,Maria,Smith,student4269@university.com,Male,23
S5270,Sara,Davis,student4270@university.com,Male,20
S5271,Sara,Williams,student4271@university.com,Female,19
S5272,Emma,Williams,student4272@university.com,Male,21
S5273,Emma,Smith,student4273@university.com,Male,22
S5274,Ahmed,Smith,student4274@university.com,Male,20
S5275,John,Brown,student4275@university.com,Male,19
S5276,Ahmed,Smith,student4276@university.com,Male,18
S5277,Maria,Brown,student4277@university.com,Male,20
S5278,Ahmed,Brown,student4278@university.com,Female,20
S5279,Ali,Jones,student4279@university.com,Female,23
S5280,Maria,Williams,student4280@university.com,Female,22
S5281,Emma,Davis,student4281@university.com,Female,23
S5282,Sara,Williams,student4282@university.com,Female,24
S5283,Emma,Williams,student4283@university.com,Male,20
S5284,John,Jones,student4284@university.com,Male,20
S5285,Maria,Brown,student4285@university.com,Male,24
S5286,Maria,Brown,student4286@university.com,Male,22
S5287,Ali,Smith,student4287@university.com,Male,22
S5288,John,Jones,student4288@university.com,Female,21
S5289,Sara,Smith,student4289@university.com,Female,19
S5290,Omar,Jones,student4290@university.com,Male,19
S5291,Maria,Smith,student4291@university.com,Male,21
S5292,Maria,Johnson,student4292@university.com,Male,19
S5293,Ali,Williams,student4293@university.com,Female,20
S5294,Ahmed,Williams,student4294@university.com,Female,21
S5295,Liam,Davis,student4295@university.com,Male,21
S5296,Sara,Brown,student4296@university.com,Female,19
S5297,Emma,Davis,student4297@university.com,Male,18
S5298,John,Johnson,student4298@university.com,Female,19
S5299,Maria,Davis,student4299@university.com,Female,23
S5300,Maria,Williams,student4300@university.com,Male,18
S5301,Emma,Brown,student4301@university.com,Female,21
S5302,Sara,Johnson,student4302@university.com,Female,18
S5303,Liam,Williams,student4303@university.com,Male,20
S5304,Ahmed,Smith,student4304@university.com,Female,22
S5305,Maria,Jones,student4305@university.com,Male,18
S5306,Liam,Johnson,student4306@university.com,Female,23
S5307,Sara,Brown,student4307@university.com,Male,22
S5308,Emma,Davis,student4308@university.com,Male,20
S5309,Ali,Davis,student4309@university.com,Female,23
S5310,Ahmed,Johnson,student4310@university.com,Female,24
S5311,John,Brown,student4311@university.com,Male,22
S5312,Maria,Johnson,student4312@university.com,Female,24
S5313,Sara,Brown,student4313@university.com,Female,20
S5314,Ali,Davis,student4314@university.com,Female,22
S5315,John,Williams,student4315@university.com,Male,22
S5316,Omar,Smith,student4316@university.com,Male,19
S5317,Sara,Williams,student4317@university.com,Male,23
S5318,Sara,Smith,student4318@university.com,Female,23
S5319,John,Davis,student4319@university.com,Female,18
S5320,Ali,Williams,student4320@university.com,Male,24
S5321,Omar,Williams,student4321@university.com,Male,24
S5322,Liam,Johnson,student4322@university.com,Female,23
S5323,Liam,Jones,student4323@university.com,Female,23
S5324,Emma,Davis,student4324@university.com,Female,22
S5325,Ali,Brown,student4325@university.com,Female,24
S5326,Ahmed,Davis,student4326@university.com,Male,21
S5327,Maria,Brown,student4327@university.com,Female,19
S5328,John,Brown,student4328@university.com,Female,18
S5329,Emma,Smith,student4329@university.com,Male,19
S5330,Omar,Brown,student4330@university.com,Male,18
S5331,John,Brown,student4331@university.com,Female,20
S5332,John,Johnson,student4332@university.com,Male,22
S5333,Ali,Williams,student4333@university.com,Female,23
S5334,Maria,Davis,student4334@university.com,Female,23
S5335,Ahmed,Davis,student4335@university.com,Male,21
S5336,Liam,Brown,student4336@university.com,Male,24
S5337,Sara,Jones,student4337@university.com,Female,24
S5338,Sara,Davis,student4338@university.com,Male,19
S5339,John,Brown,student4339@university.com,Female,19
S5340,Liam,Smith,student4340@university.com,Female,19
S5341,Liam,Smith,student4341@university.com,Female,24
S5342,Maria,Smith,student4342@university.com,Male,23
S5343,Omar,Brown,student4343@university.com,Female,24
S5344,Omar,Johnson,student4344@university.com,Female,19
S5345,Emma,Jones,student4345@university.com,Female,22
S5346,Ali,Brown,student4346@university.com,Male,18
S5347,Maria,Johnson,student4347@university.com,Female,23
S5348,Maria,Johnson,student4348@university.com,Female,22
S5349,Ali,Davis,student4349@university.com,Female,20
S5350,Liam,Brown,student4350@university.com,Male,22
S5351,Omar,Brown,student4351@university.com,Female,22
S5352,Omar,Johnson,student4352@university.com,Female,20
S5353,Liam,Johnson,student4353@university.com,Male,22
S5354,Omar,Johnson,student4354@university.com,Male,18
S5355,John,Davis,student4355@university.com,Female,23
S5356,Maria,Brown,student4356@university.com,Female,21
S5357,Sara,Johnson,student4357@university.com,Female,24
S5358,Ali,Smith,student4358@university.com,Male,20
S5359,Omar,Brown,student4359@university.com,Male,23
S5360,Emma,Davis,student4360@university.com,Female,19
S5361,Omar,Smith,student4361@university.com,Male,18
S5362,Omar,Williams,student4362@university.com,Female,21
S5363,Ahmed,Brown,student4363@university.com,Female,18
S5364,John,Williams,student4364@university.com,Male,18
S5365,Ali,Johnson,student4365@university.com,Female,19
S5366,Ahmed,Davis,student4366@university.com,Male,21
S5367,Ahmed,Johnson,student4367@university.com,Male,24
S5368,Emma,Davis,student4368@university.com,Female,18
S5369,Maria,Jones,student4369@university.com,Male,19
S5370,Emma,Johnson,student4370@university.com,Female,20
S5371,Maria,Williams,student4371@university.com,Male,19
S5372,Maria,Davis,student4372@university.com,Female,22
S5373,Ali,Johnson,student4373@university.com,Female,23
S5374,Omar,Brown,student4374@university.com,Female,19
S5375,Ali,Davis,student4375@university.com,Male,19
S5376,John,Davis,student4376@university.com,Female,19
S5377,Maria,Johnson,student4377@university.com,Male,24
S5378,Ahmed,Jones,student4378@university.com,Male,18
S5379,Omar,Johnson,student4379@university.com,Male,24
S5380,Sara,Williams,student4380@university.com,Male,21
S5381,John,Williams,student4381@university.com,Male,19
S5382,Ali,Davis,student4382@university.com,Female,19
S5383,Emma,Davis,student4383@university.com,Male,22
S5384,John,Johnson,student4384@university.com,Female,22
S5385,John,Williams,student4385@university.com,Female,20
S5386,Omar,Williams,student4386@university.com,Male,20
S5387,John,Jones,student4387@university.com,Female,22
S5388,John,Brown,student4388@university.com,Female,21
S5389,Sara,Jones,student4389@university.com,Male,20
S5390,Liam,Smith,student4390@university.com,Female,23
S5391,Emma,Jones,student4391@university.com,Male,23
S5392,Emma,Johnson,student4392@university.com,Male,21
S5393,Emma,Brown,student4393@university.com,Male,22
S5394,Maria,Johnson,student4394@university.com,Female,20
S5395,Ahmed,Smith,student4395@university.com,Female,19
S5396,Liam,Brown,student4396@university.com,Female,22
S5397,Emma,Davis,student4397@university.com,Female,20
S5398,John,Williams,student4398@university.com,Male,21
S5399,John,Jones,student4399@university.com,Male,23
S5400,Emma,Johnson,student4400@university.com,Female,21
S5401,Omar,Smith,student4401@university.com,Male,20
S5402,Emma,Williams,student4402@university.com,Female,21
S5403,John,Jones,student4403@university.com,Male,20
S5404,Maria,Williams,student4404@university.com,Male,20
S5405,Ali,Jones,student4405@university.com,Male,21
S5406,Ali,Davis,student4406@university.com,Male,18
S5407,Liam,Brown,student4407@university.com,Male,19
S5408,Liam,Williams,student4408@university.com,Female,22
S5409,Emma,Williams,student4409@university.com,Female,23
S5410,Sara,Williams,student4410@university.com,Male,19
S5411,Emma,Brown,student4411@university.com,Female,22
S5412,Omar,Smith,student4412@university.com,Male,22
S5413,Emma,Jones,student4413@university.com,Male,23
S5414,Liam,Davis,student4414@university.com,Male,19
S5415,Ali,Williams,student4415@university.com,Male,23
S5416,John,Brown,student4416@university.com,Female,20
S5417,Emma,Smith,student4417@university.com,Male,23
S5418,John,Jones,student4418@university.com,Female,21
S5419,John,Brown,student4419@university.com,Male,18
S5420,Sara,Davis,student4420@university.com,Male,18
S5421,John,Davis,student4421@university.com,Female,18
S5422,Ali,Jones,student4422@university.com,Male,19
S5423,Maria,Williams,student4423@university.com,Male,19
S5424,Maria,Davis,student4424@university.com,Female,20
S5425,Ahmed,Smith,student4425@university.com,Female,24
S5426,Omar,Brown,student4426@university.com,Female,18
S5427,Emma,Smith,student4427@university.com,Male,20
S5428,Omar,Williams,student4428@university.com,Male,24
S5429,Ali,Smith,student4429@university.com,Female,18
S5430,John,Smith,student4430@university.com,Female,19
S5431,Maria,Johnson,student4431@university.com,Male,24
S5432,Omar,Smith,student4432@university.com,Male,21
S5433,Ali,Jones,student4433@university.com,Female,21
S5434,Maria,Brown,student4434@university.com,Female,21
S5435,John,Johnson,student4435@university.com,Female,23
S5436,Omar,Brown,student4436@university.com,Female,21
S5437,Maria,Brown,student4437@university.com,Male,22
S5438,Emma,Williams,student4438@university.com,Male,18
S5439,Liam,Williams,student4439@university.com,Male,21
S5440,Emma,Johnson,student4440@university.com,Male,24
S5441,Ahmed,Davis,student4441@university.com,Female,22
S5442,Ahmed,Williams,student4442@university.com,Male,22
S5443,Maria,Williams,student4443@university.com,Female,22
S5444,Liam,Williams,student4444@university.com,Male,20
S5445,Ali,Brown,student4445@university.com,Male,24
S5446,Emma,Johnson,student4446@university.com,Male,20
S5447,Ali,Brown,student4447@university.com,Female,22
S5448,Liam,Jones,student4448@university.com,Male,23
S5449,Ali,Brown,student4449@university.com,Female,21
S5450,Liam,Jones,student4450@university.com,Female,18
S5451,Maria,Smith,student4451@university.com,Male,24
S5452,Ali,Smith,student4452@university.com,Female,23
S5453,Emma,Jones,student4453@university.com,Male,19
S5454,John,Jones,student4454@university.com,Female,20
S5455,Ahmed,Brown,student4455@university.com,Male,21
S5456,John,Jones,student4456@university.com,Female,21
S5457,Ali,Johnson,student4457@university.com,Female,19
S5458,John,Smith,student4458@university.com,Male,19
S5459,Emma,Smith,student4459@university.com,Male,24
S5460,Emma,Davis,student4460@university.com,Male,21
S5461,Ali,Jones,student4461@university.com,Male,19
S5462,Maria,Williams,student4462@university.com,Female,21
S5463,John,Williams,student4463@university.com,Female,23
S5464,Maria,Jones,student4464@university.com,Female,24
S5465,Maria,Johnson,student4465@university.com,Female,19
S5466,Liam,Williams,student4466@university.com,Male,23
S5467,Sara,Davis,student4467@university.com,Female,23
S5468,Ali,Jones,student4468@university.com,Male,19
S5469,Ahmed,Johnson,student4469@university.com,Female,24
S5470,Emma,Johnson,student4470@university.com,Male,21
S5471,Emma,Brown,student4471@university.com,Male,22
S5472,Ali,Johnson,student4472@university.com,Male,21
S5473,Liam,Williams,student4473@university.com,Male,18
S5474,Omar,Williams,student4474@university.com,Male,19
S5475,Omar,Jones,student4475@university.com,Female,20
S5476,Omar,Jones,student4476@university.com,Male,24
S5477,Liam,Johnson,student4477@university.com,Female,19
S5478,Ahmed,Davis,student4478@university.com,Female,18
S5479,Emma,Smith,student4479@university.com,Male,23
S5480,Ali,Brown,student4480@university.com,Female,20
S5481,Liam,Smith,student4481@university.com,Female,20
S5482,Emma,Johnson,student4482@university.com,Female,21
S5483,Maria,Johnson,student4483@university.com,Male,22
S5484,John,Smith,student4484@university.com,Male,21
S5485,John,Brown,student4485@university.com,Male,24
S5486,Liam,Smith,student4486@university.com,Male,20
S5487,Emma,Jones,student4487@university.com,Female,20
S5488,Sara,Williams,student4488@university.com,Female,22
S5489,Ahmed,Davis,student4489@university.com,Female,24
S5490,Omar,Jones,student4490@university.com,Female,19
S5491,Ahmed,Williams,student4491@university.com,Female,22
S5492,Ahmed,Davis,student4492@university.com,Female,23
S5493,Liam,Davis,student4493@university.com,Male,21
S5494,Maria,Davis,student4494@university.com,Female,19
S5495,Ahmed,Johnson,student4495@university.com,Female,21
S5496,John,Davis,student4496@university.com,Female,22
S5497,Maria,Brown,student4497@university.com,Male,19
S5498,Ali,Smith,student4498@university.com,Female,22
S5499,Ahmed,Brown,student4499@university.com,Female,23
S5500,Ahmed,Smith,student4500@university.com,Male,18
S5501,Ali,Jones,student4501@university.com,Female,20
S5502,Ahmed,Jones,student4502@university.com,Male,24
S5503,Ali,Smith,student4503@university.com,Male,19
S5504,Maria,Brown,student4504@university.com,Female,20
S5505,John,Smith,student4505@university.com,Female,18
S5506,Ali,Davis,student4506@university.com,Male,19
S5507,Sara,Johnson,student4507@university.com,Female,20
S5508,Liam,Jones,student4508@university.com,Female,20
S5509,Liam,Johnson,student4509@university.com,Male,19
S5510,Ali,Davis,student4510@university.com,Male,20
S5511,Liam,Davis,student4511@university.com,Female,20
S5512,Ahmed,Jones,student4512@university.com,Male,19
S5513,Omar,Jones,student4513@university.com,Female,24
S5514,Omar,Davis,student4514@university.com,Female,20
S5515,Liam,Williams,student4515@university.com,Female,20
S5516,Maria,Johnson,student4516@university.com,Female,24
S5517,Emma,Johnson,student4517@university.com,Male,21
S5518,Maria,Williams,student4518@university.com,Female,23
S5519,Emma,Brown,student4519@university.com,Male,21
S5520,Omar,Johnson,student4520@university.com,Female,18
S5521,Omar,Smith,student4521@university.com,Female,21
S5522,Ali,Davis,student4522@university.com,Male,21
S5523,John,Davis,student4523@university.com,Female,18
S5524,Sara,Williams,student4524@university.com,Male,20
S5525,Maria,Johnson,student4525@university.com,Male,20
S5526,Ahmed,Brown,student4526@university.com,Female,21
S5527,Emma,Johnson,student4527@university.com,Female,18
S5528,Liam,Davis,student4528@university.com,Female,20
S5529,Ahmed,Jones,student4529@university.com,Female,22
S5530,John,Smith,student4530@university.com,Male,19
S5531,Emma,Williams,student4531@university.com,Female,19
S5532,Maria,Jones,student4532@university.com,Female,23
S5533,Ali,Brown,student4533@university.com,Female,19
S5534,Ahmed,Jones,student4534@university.com,Female,21
S5535,John,Jones,student4535@university.com,Female,19
S5536,Maria,Brown,student4536@university.com,Male,19
S5537,Omar,Jones,student4537@university.com,Female,22
S5538,Omar,Williams,student4538@university.com,Male,20
S5539,Maria,Davis,student4539@university.com,Female,22
S5540,Maria,Johnson,student4540@university.com,Female,21
S5541,Maria,Jones,student4541@university.com,Female,19
S5542,Emma,Williams,student4542@university.com,Male,24
S5543,Maria,Johnson,student4543@university.com,Female,20
S5544,Ahmed,Johnson,student4544@university.com,Male,23
S5545,John,Jones,student4545@university.com,Male,23
S5546,Emma,Williams,student4546@university.com,Female,19
S5547,Maria,Davis,student4547@university.com,Male,19
S5548,Sara,Jones,student4548@university.com,Female,23
S5549,Liam,Brown,student4549@university.com,Female,23
S5550,Sara,Johnson,student4550@university.com,Male,24
S5551,John,Jones,student4551@university.com,Female,21
S5552,Omar,Johnson,student4552@university.com,Female,19
S5553,Ali,Williams,student4553@university.com,Male,23
S5554,Ali,Smith,student4554@university.com,Male,24
S5555,Liam,Jones,student4555@university.com,Male,18
S5556,Omar,Davis,student4556@university.com,Male,23
S5557,Emma,Jones,student4557@university.com,Male,20
S5558,Emma,Johnson,student4558@university.com,Male,20
S5559,Emma,Williams,student4559@university.com,Female,18
S5560,Ali,Brown,student4560@university.com,Male,21
S5561,Sara,Davis,student4561@university.com,Male,19
S5562,Ali,Williams,student4562@university.com,Female,19
S5563,Ahmed,Jones,student4563@university.com,Female,23
S5564,Maria,Brown,student4564@university.com,Male,20
S5565,Emma,Williams,student4565@university.com,Male,21
S5566,Sara,Smith,student4566@university.com,Female,21
S5567,John,Davis,student4567@university.com,Male,21
S5568,Liam,Johnson,student4568@university.com,Male,23
S5569,John,Williams,student4569@university.com,Female,19
S5570,Maria,Williams,student4570@university.com,Male,21
S5571,Sara,Smith,student4571@university.com,Female,23
S5572,Ali,Jones,student4572@university.com,Male,23
S5573,Ali,Davis,student4573@university.com,Female,18
S5574,Ahmed,Davis,student4574@university.com,Female,22
S5575,Ahmed,Johnson,student4575@university.com,Female,21
S5576,Ali,Williams,student4576@university.com,Male,22
S5577,John,Brown,student4577@university.com,Female,19
S5578,Liam,Williams,student4578@university.com,Male,23
S5579,Emma,Johnson,student4579@university.com,Female,24
S5580,John,Williams,student4580@university.com,Female,21
S5581,Liam,Smith,student4581@university.com,Female,24
S5582,Ahmed,Williams,student4582@university.com,Male,20
S5583,Maria,Williams,student4583@university.com,Male,19
S5584,Liam,Brown,student4584@university.com,Female,18
S5585,Ali,Smith,student4585@university.com,Male,18
S5586,Ahmed,Smith,student4586@university.com,Male,22
S5587,Ahmed,Williams,student4587@university.com,Male,23
S5588,Emma,Davis,student4588@university.com,Female,22
S5589,Ali,Brown,student4589@university.com,Male,20
S5590,Emma,Williams,student4590@university.com,Female,20
S5591,Ali,Williams,student4591@university.com,Female,18
S5592,Emma,Johnson,student4592@university.com,Female,24
S5593,Liam,Johnson,student4593@university.com,Male,21
S5594,John,Davis,student4594@university.com,Female,18
S5595,Maria,Brown,student4595@university.com,Male,18
S5596,Maria,Jones,student4596@university.com,Male,24
S5597,Ali,Johnson,student4597@university.com,Female,24
S5598,Sara,Jones,student4598@university.com,Female,20
S5599,Omar,Smith,student4599@university.com,Female,24
S5600,Ahmed,Johnson,student4600@university.com,Male,22
S5601,Ahmed,Johnson,student4601@university.com,Male,20
S5602,Ali,Brown,student4602@university.com,Female,24
S5603,Liam,Davis,student4603@university.com,Female,23
S5604,Emma,Jones,student4604@university.com,Male,20
S5605,Sara,Johnson,student4605@university.com,Male,20
S5606,John,Johnson,student4606@university.com,Female,18
S5607,Emma,Brown,student4607@university.com,Male,21
S5608,Emma,Brown,student4608@university.com,Male,18
S5609,Ali,Davis,student4609@university.com,Male,19
S5610,Ali,Jones,student4610@university.com,Male,20
S5611,Liam,Smith,student4611@university.com,Male,24
S5612,Ahmed,Davis,student4612@university.com,Male,24
S5613,Ali,Smith,student4613@university.com,Female,24
S5614,Ali,Williams,student4614@university.com,Male,20
S5615,Ali,Johnson,student4615@university.com,Female,24
S5616,Liam,Jones,student4616@university.com,Female,19
S5617,Ahmed,Davis,student4617@university.com,Male,20
S5618,John,Johnson,student4618@university.com,Female,24
S5619,John,Jones,student4619@university.com,Female,20
S5620,Omar,Jones,student4620@university.com,Female,23
S5621,Omar,Jones,student4621@university.com,Male,20
S5622,Ali,Johnson,student4622@university.com,Female,19
S5623,Omar,Davis,student4623@university.com,Male,18
S5624,Ahmed,Brown,student4624@university.com,Female,20
S5625,Liam,Johnson,student4625@university.com,Female,21
S5626,John,Jones,student4626@university.com,Female,19
S5627,Emma,Davis,student4627@university.com,Female,22
S5628,John,Williams,student4628@university.com,Male,23
S5629,John,Smith,student4629@university.com,Female,19
S5630,Ahmed,Jones,student4630@university.com,Female,18
S5631,Omar,Williams,student4631@university.com,Male,24
S5632,Emma,Brown,student4632@university.com,Male,24
S5633,Ahmed,Jones,student4633@university.com,Male,19
S5634,Ali,Williams,student4634@university.com,Female,22
S5635,Liam,Jones,student4635@university.com,Male,24
S5636,Maria,Johnson,student4636@university.com,Male,23
S5637,John,Davis,student4637@university.com,Male,21
S5638,Maria,Williams,student4638@university.com,Male,22
S5639,Liam,Davis,student4639@university.com,Male,19
S5640,Liam,Johnson,student4640@university.com,Male,22
S5641,Ahmed,Johnson,student4641@university.com,Female,24
S5642,Ahmed,Davis,student4642@university.com,Male,24
S5643,Ahmed,Williams,student4643@university.com,Female,19
S5644,Maria,Davis,student4644@university.com,Male,24
S5645,Ahmed,Davis,student4645@university.com,Male,24
S5646,Liam,Smith,student4646@university.com,Male,21
S5647,Ali,Williams,student4647@university.com,Female,21
S5648,Ahmed,Smith,student4648@university.com,Male,18
S5649,Sara,Jones,student4649@university.com,Male,21
S5650,Omar,Davis,student4650@university.com,Male,20
S5651,Maria,Jones,student4651@university.com,Male,22
S5652,Sara,Williams,student4652@university.com,Female,22
S5653,Ahmed,Davis,student4653@university.com,Female,19
S5654,Liam,Jones,student4654@university.com,Female,21
S5655,Ali,Brown,student4655@university.com,Female,18
S5656,John,Johnson,student4656@university.com,Female,24
S5657,Emma,Davis,student4657@university.com,Male,18
S5658,Omar,Johnson,student4658@university.com,Male,18
S5659,Emma,Smith,student4659@university.com,Male,23
S5660,Ahmed,Jones,student4660@university.com,Female,24
S5661,Omar,Smith,student4661@university.com,Male,20
S5662,Omar,Davis,student4662@university.com,Female,21
S5663,Ali,Johnson,student4663@university.com,Male,24
S5664,Omar,Johnson,student4664@university.com,Female,18
S5665,Maria,Jones,student4665@university.com,Male,24
S5666,Sara,Davis,student4666@university.com,Male,20
S5667,Sara,Brown,student4667@university.com,Male,22
S5668,Sara,Brown,student4668@university.com,Male,19
S5669,Maria,Jones,student4669@university.com,Female,21
S5670,Emma,Davis,student4670@university.com,Male,21
S5671,Ali,Jones,student4671@university.com,Male,23
S5672,Omar,Davis,student4672@university.com,Male,22
S5673,Maria,Smith,student4673@university.com,Female,21
S5674,Sara,Jones,student4674@university.com,Male,23
S5675,Ahmed,Davis,student4675@university.com,Male,23
S5676,John,Brown,student4676@university.com,Male,23
S5677,Omar,Davis,student4677@university.com,Male,21
S5678,Maria,Davis,student4678@university.com,Male,21
S5679,Liam,Jones,student4679@university.com,Female,21
S5680,Maria,Smith,student4680@university.com,Female,20
S5681,Ali,Smith,student4681@university.com,Female,23
S5682,Ali,Smith,student4682@university.com,Male,20
S5683,Maria,Smith,student4683@university.com,Female,19
S5684,Sara,Williams,student4684@university.com,Male,21
S5685,John,Jones,student4685@university.com,Male,24
S5686,Omar,Johnson,student4686@university.com,Male,22
S5687,Ali,Jones,student4687@university.com,Male,18
S5688,Omar,Williams,student4688@university.com,Female,19
S5689,Sara,Smith,student4689@university.com,Female,24
S5690,Omar,Williams,student4690@university.com,Female,18
S5691,Ahmed,Brown,student4691@university.com,Male,18
S5692,Ali,Brown,student4692@university.com,Female,21
S5693,Sara,Jones,student4693@university.com,Female,22
S5694,Sara,Jones,student4694@university.com,Male,18
S5695,John,Johnson,student4695@university.com,Female,23
S5696,John,Johnson,student4696@university.com,Male,24
S5697,Ahmed,Brown,student4697@university.com,Female,18
S5698,Sara,Smith,student4698@university.com,Female,19
S5699,Emma,Williams,student4699@university.com,Female,22
S5700,Sara,Johnson,student4700@university.com,Male,22
S5701,John,Davis,student4701@university.com,Female,18
S5702,Emma,Johnson,student4702@university.com,Female,22
S5703,Ali,Smith,student4703@university.com,Female,19
S5704,Ali,Smith,student4704@university.com,Female,24
S5705,Omar,Jones,student4705@university.com,Male,19
S5706,Maria,Williams,student4706@university.com,Male,19
S5707,John,Smith,student4707@university.com,Female,23
S5708,Maria,Johnson,student4708@university.com,Female,21
S5709,Emma,Johnson,student4709@university.com,Female,18
S5710,John,Brown,student4710@university.com,Male,24
S5711,Ahmed,Smith,student4711@university.com,Female,22
S5712,Sara,Davis,student4712@university.com,Female,19
S5713,Ahmed,Jones,student4713@university.com,Male,18
S5714,Emma,Williams,student4714@university.com,Male,24
S5715,John,Davis,student4715@university.com,Male,24
S5716,Liam,Jones,student4716@university.com,Female,18
S5717,Emma,Johnson,student4717@university.com,Male,21
S5718,Liam,Davis,student4718@university.com,Male,23
S5719,Sara,Jones,student4719@university.com,Female,22
S5720,Ali,Johnson,student4720@university.com,Male,23
S5721,Ali,Johnson,student4721@university.com,Female,24
S5722,Emma,Johnson,student4722@university.com,Female,22
S5723,Maria,Johnson,student4723@university.com,Male,24
S5724,John,Johnson,student4724@university.com,Female,19
S5725,John,Brown,student4725@university.com,Male,19
S5726,Ali,Davis,student4726@university.com,Male,18
S5727,Omar,Jones,student4727@university.com,Male,22
S5728,Ahmed,Brown,student4728@university.com,Female,22
S5729,Omar,Brown,student4729@university.com,Male,24
S5730,Sara,Smith,student4730@university.com,Female,23
S5731,Ahmed,Smith,student4731@university.com,Female,19
S5732,Ahmed,Smith,student4732@university.com,Female,20
S5733,Emma,Williams,student4733@university.com,Male,18
S5734,Ali,Smith,student4734@university.com,Female,22
S5735,Omar,Jones,student4735@university.com,Female,21
S5736,Omar,Brown,student4736@university.com,Male,21
S5737,Ali,Jones,student4737@university.com,Male,20
S5738,Omar,Davis,student4738@university.com,Female,19
S5739,Liam,Smith,student4739@university.com,Female,19
S5740,Ali,Williams,student4740@university.com,Male,19
S5741,Emma,Davis,student4741@university.com,Female,23
S5742,Maria,Williams,student4742@university.com,Female,24
S5743,Ahmed,Davis,student4743@university.com,Female,21
S5744,Emma,Brown,student4744@university.com,Female,19
S5745,John,Jones,student4745@university.com,Male,21
S5746,Sara,Johnson,student4746@university.com,Female,20
S5747,Maria,Jones,student4747@university.com,Male,18
S5748,John,Smith,student4748@university.com,Female,24
S5749,Ahmed,Johnson,student4749@university.com,Male,23
S5750,Omar,Williams,student4750@university.com,Female,22
S5751,Ali,Brown,student4751@university.com,Male,20
S5752,Ahmed,Brown,student4752@university.com,Female,24
S5753,Emma,Williams,student4753@university.com,Male,21
S5754,Sara,Smith,student4754@university.com,Female,20
S5755,Emma,Williams,student4755@university.com,Female,22
S5756,Maria,Davis,student4756@university.com,Male,24
S5757,Maria,Smith,student4757@university.com,Male,23
S5758,Sara,Johnson,student4758@university.com,Male,18
S5759,Liam,Williams,student4759@university.com,Male,22
S5760,John,Smith,student4760@university.com,Male,24
S5761,John,Johnson,student4761@university.com,Female,23
S5762,Maria,Williams,student4762@university.com,Male,21
S5763,Maria,Brown,student4763@university.com,Male,22
S5764,Omar,Williams,student4764@university.com,Female,20
S5765,Ali,Jones,student4765@university.com,Male,19
S5766,Omar,Williams,student4766@university.com,Male,20
S5767,Omar,Jones,student4767@university.com,Male,21
S5768,Liam,Johnson,student4768@university.com,Female,24
S5769,John,Williams,student4769@university.com,Male,18
S5770,Liam,Johnson,student4770@university.com,Female,22
S5771,Liam,Johnson,student4771@university.com,Female,24
S5772,Sara,Smith,student4772@university.com,Male,18
S5773,John,Johnson,student4773@university.com,Female,21
S5774,Ali,Johnson,student4774@university.com,Male,22
S5775,Emma,Williams,student4775@university.com,Male,23
S5776,Maria,Williams,student4776@university.com,Male,23
S5777,Maria,Brown,student4777@university.com,Male,24
S5778,Ali,Smith,student4778@university.com,Male,20
S5779,Liam,Johnson,student4779@university.com,Female,24
S5780,Omar,Smith,student4780@university.com,Female,20
S5781,Sara,Jones,student4781@university.com,Female,21
S5782,Liam,Johnson,student4782@university.com,Female,23
S5783,Maria,Smith,student4783@university.com,Male,22
S5784,Ahmed,Brown,student4784@university.com,Male,23
S5785,Omar,Brown,student4785@university.com,Female,20
S5786,Maria,Johnson,student4786@university.com,Male,24
S5787,Ahmed,Jones,student4787@university.com,Female,21
S5788,Liam,Brown,student4788@university.com,Female,23
S5789,Ali,Brown,student4789@university.com,Female,21
S5790,Ali,Jones,student4790@university.com,Female,23
S5791,Omar,Smith,student4791@university.com,Male,24
S5792,Maria,Brown,student4792@university.com,Male,18
S5793,John,Williams,student4793@university.com,Female,24
S5794,Ahmed,Davis,student4794@university.com,Female,23
S5795,Sara,Davis,student4795@university.com,Female,20
S5796,Maria,Brown,student4796@university.com,Female,24
S5797,Sara,Smith,student4797@university.com,Female,22
S5798,Maria,Smith,student4798@university.com,Male,20
S5799,John,Johnson,student4799@university.com,Female,20
S5800,John,Williams,student4800@university.com,Female,20
S5801,Omar,Smith,student4801@university.com,Male,21
S5802,Omar,Jones,student4802@university.com,Male,19
S5803,John,Williams,student4803@university.com,Male,19
S5804,Emma,Davis,student4804@university.com,Male,18
S5805,John,Williams,student4805@university.com,Male,20
S5806,Ali,Jones,student4806@university.com,Male,19
S5807,Ali,Brown,student4807@university.com,Male,18
S5808,Emma,Jones,student4808@university.com,Male,21
S5809,Liam,Jones,student4809@university.com,Male,20
S5810,Ahmed,Brown,student4810@university.com,Female,22
S5811,Liam,Brown,student4811@university.com,Male,21
S5812,Sara,Brown,student4812@university.com,Female,18
S5813,Liam,Brown,student4813@university.com,Female,21
S5814,Maria,Brown,student4814@university.com,Female,22
S5815,Liam,Jones,student4815@university.com,Female,21
S5816,Maria,Johnson,student4816@university.com,Female,18
S5817,Emma,Johnson,student4817@university.com,Female,22
S5818,Ali,Smith,student4818@university.com,Female,22
S5819,Omar,Johnson,student4819@university.com,Female,21
S5820,Maria,Davis,student4820@university.com,Male,22
S5821,Ali,Johnson,student4821@university.com,Female,24
S5822,Ahmed,Jones,student4822@university.com,Female,21
S5823,Sara,Brown,student4823@university.com,Female,20
S5824,Ahmed,Brown,student4824@university.com,Female,22
S5825,Emma,Jones,student4825@university.com,Male,21
S5826,Liam,Davis,student4826@university.com,Female,20
S5827,Liam,Johnson,student4827@university.com,Male,22
S5828,John,Jones,student4828@university.com,Male,20
S5829,John,Smith,student4829@university.com,Female,23
S5830,John,Brown,student4830@university.com,Female,22
S5831,Ahmed,Williams,student4831@university.com,Male,23
S5832,Maria,Smith,student4832@university.com,Female,18
S5833,Sara,Davis,student4833@university.com,Female,18
S5834,John,Smith,student4834@university.com,Male,21
S5835,Emma,Jones,student4835@university.com,Male,19
S5836,Emma,Johnson,student4836@university.com,Female,23
S5837,John,Brown,student4837@university.com,Female,23
S5838,Liam,Davis,student4838@university.com,Female,18
S5839,John,Davis,student4839@university.com,Male,23
S5840,Sara,Williams,student4840@university.com,Female,19
S5841,John,Smith,student4841@university.com,Male,20
S5842,Sara,Williams,student4842@university.com,Male,20
S5843,Emma,Johnson,student4843@university.com,Female,19
S5844,John,Johnson,student4844@university.com,Male,23
S5845,Ahmed,Williams,student4845@university.com,Female,23
S5846,Omar,Brown,student4846@university.com,Female,23
S5847,Ahmed,Johnson,student4847@university.com,Male,24
S5848,Emma,Williams,student4848@university.com,Female,21
S5849,Sara,Smith,student4849@university.com,Male,22
S5850,Ahmed,Williams,student4850@university.com,Male,19
S5851,Sara,Williams,student4851@university.com,Female,19
S5852,Ahmed,Jones,student4852@university.com,Female,24
S5853,Ahmed,Johnson,student4853@university.com,Female,19
S5854,Sara,Brown,student4854@university.com,Female,19
S5855,Maria,Brown,student4855@university.com,Male,24
S5856,Ahmed,Jones,student4856@university.com,Male,19
S5857,John,Davis,student4857@university.com,Male,23
S5858,Omar,Brown,student4858@university.com,Female,24
S5859,Emma,Williams,student4859@university.com,Male,21
S5860,Maria,Jones,student4860@university.com,Male,18
S5861,Sara,Smith,student4861@university.com,Female,23
S5862,Maria,Johnson,student4862@university.com,Female,23
S5863,Ali,Johnson,student4863@university.com,Female,22
S5864,Ali,Johnson,student4864@university.com,Male,24
S5865,Ahmed,Williams,student4865@university.com,Female,18
S5866,Ahmed,Smith,student4866@university.com,Male,19
S5867,John,Jones,student4867@university.com,Male,18
S5868,Omar,Jones,student4868@university.com,Male,21
S5869,Emma,Johnson,student4869@university.com,Male,20
S5870,Maria,Smith,student4870@university.com,Male,23
S5871,Ali,Smith,student4871@university.com,Female,24
S5872,Ahmed,Smith,student4872@university.com,Male,24
S5873,Liam,Brown,student4873@university.com,Female,18
S5874,Liam,Brown,student4874@university.com,Male,22
S5875,Emma,Johnson,student4875@university.com,Male,21
S5876,Maria,Smith,student4876@university.com,Female,20
S5877,Ahmed,Davis,student4877@university.com,Male,21
S5878,Ahmed,Smith,student4878@university.com,Male,24
S5879,Ali,Jones,student4879@university.com,Female,19
S5880,Ali,Jones,student4880@university.com,Female,20
S5881,Ahmed,Johnson,student4881@university.com,Male,24
S5882,Sara,Davis,student4882@university.com,Male,22
S5883,Ahmed,Smith,student4883@university.com,Male,20
S5884,Emma,Davis,student4884@university.com,Female,24
S5885,Ahmed,Johnson,student4885@university.com,Male,22
S5886,John,Jones,student4886@university.com,Female,19
S5887,Omar,Jones,student4887@university.com,Female,22
S5888,John,Brown,student4888@university.com,Male,21
S5889,John,Johnson,student4889@university.com,Female,18
S5890,Sara,Johnson,student4890@university.com,Male,21
S5891,Sara,Smith,student4891@university.com,Male,24
S5892,Liam,Smith,student4892@university.com,Female,24
S5893,Ahmed,Brown,student4893@university.com,Female,23
S5894,John,Williams,student4894@university.com,Female,21
S5895,Sara,Davis,student4895@university.com,Female,20
S5896,Ali,Williams,student4896@university.com,Female,19
S5897,Ahmed,Williams,student4897@university.com,Female,23
S5898,Emma,Johnson,student4898@university.com,Male,23
S5899,Omar,Davis,student4899@university.com,Male,23
S5900,Maria,Johnson,student4900@university.com,Male,24
S5901,Ahmed,Davis,student4901@university.com,Female,18
S5902,Maria,Jones,student4902@university.com,Female,22
S5903,John,Johnson,student4903@university.com,Female,20
S5904,Omar,Johnson,student4904@university.com,Male,24
S5905,Maria,Johnson,student4905@university.com,Male,19
S5906,John,Brown,student4906@university.com,Female,24
S5907,Ali,Johnson,student4907@university.com,Female,18
S5908,Maria,Smith,student4908@university.com,Female,24
S5909,Omar,Smith,student4909@university.com,Female,24
S5910,Liam,Davis,student4910@university.com,Male,21
S5911,Ahmed,Jones,student4911@university.com,Male,19
S5912,John,Brown,student4912@university.com,Male,23
S5913,Ahmed,Davis,student4913@university.com,Female,19
S5914,Omar,Smith,student4914@university.com,Male,19
S5915,Sara,Brown,student4915@university.com,Female,21
S5916,John,Brown,student4916@university.com,Female,22
S5917,Maria,Jones,student4917@university.com,Female,24
S5918,John,Brown,student4918@university.com,Male,20
S5919,Ahmed,Johnson,student4919@university.com,Male,23
S5920,Ali,Brown,student4920@university.com,Female,22
S5921,John,Jones,student4921@university.com,Male,18
S5922,Maria,Davis,student4922@university.com,Female,24
S5923,Sara,Jones,student4923@university.com,Female,23
S5924,Liam,Jones,student4924@university.com,Female,20
S5925,Emma,Smith,student4925@university.com,Male,24
S5926,Ali,Johnson,student4926@university.com,Male,18
S5927,Liam,Smith,student4927@university.com,Female,21
S5928,Sara,Davis,student4928@university.com,Male,22
S5929,John,Williams,student4929@university.com,Male,24
S5930,Ahmed,Davis,student4930@university.com,Male,23
S5931,Omar,Johnson,student4931@university.com,Male,19
S5932,Ahmed,Brown,student4932@university.com,Female,20
S5933,Liam,Jones,student4933@university.com,Male,24
S5934,Maria,Williams,student4934@university.com,Female,23
S5935,Ahmed,Johnson,student4935@university.com,Female,19
S5936,Ali,Smith,student4936@university.com,Male,23
S5937,Ahmed,Jones,student4937@university.com,Female,24
S5938,Maria,Davis,student4938@university.com,Female,18
S5939,Emma,Smith,student4939@university.com,Male,19
S5940,John,Johnson,student4940@university.com,Female,19
S5941,Omar,Johnson,student4941@university.com,Female,23
S5942,Liam,Davis,student4942@university.com,Male,21
S5943,John,Williams,student4943@university.com,Male,24
S5944,Ahmed,Davis,student4944@university.com,Male,21
S5945,Sara,Brown,student4945@university.com,Male,22
S5946,John,Smith,student4946@university.com,Male,18
S5947,Emma,Williams,student4947@university.com,Female,21
S5948,Ahmed,Jones,student4948@university.com,Female,23
S5949,Omar,Brown,student4949@university.com,Male,24
S5950,Maria,Williams,student4950@university.com,Male,21
S5951,Emma,Smith,student4951@university.com,Female,22
S5952,Ahmed,Johnson,student4952@university.com,Male,20
S5953,Emma,Jones,student4953@university.com,Male,22
S5954,John,Davis,student4954@university.com,Female,19
S5955,Omar,Smith,student4955@university.com,Female,24
S5956,Maria,Brown,student4956@university.com,Female,19
S5957,Ahmed,Brown,student4957@university.com,Male,21
S5958,Ali,Johnson,student4958@university.com,Female,21
S5959,Liam,Johnson,student4959@university.com,Male,22
S5960,Maria,Jones,student4960@university.com,Female,22
S5961,Ali,Davis,student4961@university.com,Male,23
S5962,Emma,Jones,student4962@university.com,Male,18
S5963,Sara,Johnson,student4963@university.com,Male,23
S5964,Maria,Johnson,student4964@university.com,Female,19
S5965,Emma,Brown,student4965@university.com,Female,23
S5966,Ali,Johnson,student4966@university.com,Female,22
S5967,John,Williams,student4967@university.com,Male,24
S5968,John,Smith,student4968@university.com,Female,23
S5969,Sara,Johnson,student4969@university.com,Female,20
S5970,Liam,Jones,student4970@university.com,Male,18
S5971,Maria,Davis,student4971@university.com,Male,22
S5972,Maria,Davis,student4972@university.com,Female,24
S5973,Maria,Davis,student4973@university.com,Female,21
S5974,Liam,Williams,student4974@university.com,Female,23
S5975,Emma,Jones,student4975@university.com,Male,22
S5976,Omar,Williams,student4976@university.com,Female,21
S5977,Omar,Johnson,student4977@university.com,Male,21
S5978,Sara,Smith,student4978@university.com,Male,19
S5979,Maria,Davis,student4979@university.com,Female,19
S5980,Emma,Jones,student4980@university.com,Female,24
S5981,John,Davis,student4981@university.com,Male,22
S5982,Ali,Williams,student4982@university.com,Male,24
S5983,Emma,Brown,student4983@university.com,Female,22
S5984,Liam,Johnson,student4984@university.com,Female,20
S5985,Omar,Smith,student4985@university.com,Female,18
S5986,Omar,Johnson,student4986@university.com,Male,18
S5987,John,Brown,student4987@university.com,Male,22
S5988,John,Smith,student4988@university.com,Female,19
S5989,Liam,Brown,student4989@university.com,Male,23
S5990,Ali,Johnson,student4990@university.com,Male,24
S5991,John,Williams,student4991@university.com,Female,20
S5992,Sara,Johnson,student4992@university.com,Male,18
S5993,Ali,Johnson,student4993@university.com,Female,22
S5994,John,Johnson,student4994@university.com,Female,19
S5995,Ahmed,Jones,student4995@university.com,Male,19
S5996,Emma,Brown,student4996@university.com,Male,19
S5997,John,Brown,student4997@university.com,Female,24
S5998,Sara,Davis,student4998@university.com,Male,23
S5999,Maria,Brown,student4999@university.com,Female,21
