Student_ID,Department,Attendance_in_percent,Midterm_Score,Final_Score,Assignments_Avg,Quizzes_Avg,Participation_Score,Projects_Score,Total_Score,Grade
S1000,Engineering,52.29,55.03,57.82,84.22,74.06,3.99,85.9,56.09,F
S1001,Engineering,97.27,97.23,45.8,,94.24,8.32,55.65,50.64,A
S1002,Business,57.19,67.05,93.68,67.7,85.7,5.05,73.79,70.3,D
S1003,Mathematics,95.15,47.79,80.63,66.06,93.51,6.54,92.12,61.63,A
S1004,CS,54.18,46.59,78.89,96.85,83.7,5.97,68.42,66.13,F
S1005,Engineering,,78.85,43.53,71.4,52.2,6.38,67.29,62.08,B
S1006,Business,57.6,66.26,89.07,84.52,98.4,2.3,93.65,83.21,F
S1007,Engineering,51.91,45.67,73.96,80.12,95.9,3.73,93.24,81.93,F
S1008,CS,85.97,84.42,90.87,57.05,56.33,0.51,94.01,95.62,A
S1009,Engineering,64.01,87.96,98.47,96.98,55.63,5.88,78.6,84.99,A
S1010,CS,85.72,83.52,97.43,67.29,76.95,4.59,97.62,58.25,A
S1011,Engineering,77.75,52.14,91.37,52.24,87.85,7.61,90.95,87.58,C
S1012,Engineering,55.44,81.39,40.66,65.02,69.11,2.06,70.78,59.06,F
S1013,Business,96.61,40.64,93.14,66.78,56.82,4.37,81.48,77.93,A
S1014,Engineering,72.62,58.31,44.5,54.64,75.53,1.81,56.09,53.85,B
S1015,CS,86.72,63.93,91.07,81,66.88,6.14,77.57,52.37,A
S1016,CS,75.05,90.11,56.81,67.34,67.59,8.48,63.16,73.21,F
S1017,Business,80.22,63.42,76.6,81.46,82.25,7.65,64.18,55.25,F
S1018,CS,65.14,40.68,42.28,50.34,94.28,9.44,56.29,65.33,B
S1019,Engineering,60.02,61.14,86.27,99.1,77.93,9.72,67.91,66.94,D
S1020,CS,77.13,69.94,46.7,,84.38,7.72,74.07,88.47,D
S1021,Business,72.01,96.94,64.64,82.97,83,2.87,80.02,66.63,C
S1022,Engineering,69.51,96.46,89.05,85.79,77.56,2.19,65.24,74.72,C
S1023,CS,83.63,50.85,81.72,58.58,65.54,4.48,89.61,88.63,D
S1024,CS,84.53,51.11,40.36,55.59,68.89,9.94,76.05,60.24,A
S1025,Business,52.3,49.8,64.18,57.63,65.79,4.13,81.9,90.24,C
S1026,Engineering,66.94,87.34,42.52,62.34,95.87,1.99,63.91,91.59,A
S1027,Business,70.59,40.36,80.41,58.41,91.33,9.44,90.71,99.44,D
S1028,Business,54.84,47.63,98.14,83.7,78.97,3.86,81.21,72.2,D
S1029,Mathematics,61.8,72.28,79.32,71.04,95.61,6.91,93.12,68.53,A
S1030,CS,52.58,54.85,53.46,76.89,94.32,7.88,58,85.1,F
S1031,Mathematics,99.81,45.54,61.31,52.37,96.38,8.43,69.03,52.91,B
S1032,CS,,61.59,98.6,93.06,61.09,8.21,55.65,51.99,D
S1033,CS,54.37,56.45,53.44,58.53,85.88,8.36,60.78,66.75,D
S1034,Business,51.01,70.67,73.69,68.01,80.46,6.68,69.73,86.48,F
S1035,CS,85.96,98.75,64.03,53.6,86.69,4.04,94.73,55.82,A
S1036,CS,71.96,47.46,86.1,56.84,63.17,6.67,77.85,81.78,F
S1037,CS,89.34,62.36,92.04,83.29,84.74,8.37,66.52,63.48,A
S1038,Engineering,96.17,95.92,60.45,84.63,70.49,3.51,87.34,82.58,A
S1039,Engineering,79.97,92.61,79.62,83.85,91.7,2.97,50.98,72.85,A
S1040,Business,59.36,63.66,72.94,77.61,89.77,3.44,68.5,55.76,C
S1041,Business,89.11,81.94,56.71,97.63,60.57,5.51,80.04,62.36,A
S1042,Engineering,97.79,45.27,56.32,75.36,59.19,0.52,79.16,60.99,A
S1043,CS,79.01,82.75,72.32,72.47,85.89,7.79,80.38,58.23,A
S1044,Mathematics,84.1,98.37,49.24,62.38,77.52,1.39,60.58,73.42,D
S1045,CS,66.87,72.25,88.65,54.94,77.86,1.33,66.85,97.73,C
S1046,CS,,69.91,44.14,77.41,87.63,1.98,96.58,82.9,C
S1047,CS,86.73,51.24,45.67,65.74,92.75,5.77,98.7,91.8,A
S1048,Engineering,96.39,78.03,60.53,76.2,61.95,2.86,65.6,99.05,B
S1049,CS,81.45,75.43,47.09,60.31,77.78,3.68,82.23,77.03,B
S1050,CS,89.49,79.12,68.54,91.91,91.45,9.32,62.06,61.9,A
S1051,CS,58.58,41.56,63.98,99.98,93.64,8.47,68.43,96.39,D
S1052,CS,60.6,72.92,83.31,66.12,64.37,8.52,89.62,84.95,B
S1053,Engineering,76.6,75.7,97.18,92.12,55.21,5.78,75.06,97.95,C
S1054,Business,,52.45,85.21,93.65,61.64,8.66,92.48,82.55,B
S1055,Business,81.75,52.5,50.77,,97.27,7.79,81.44,88.76,A
S1056,CS,64.58,56.57,96.13,67.14,73.12,9.53,81.45,94.53,F
S1057,CS,89.58,82.7,63.53,87.8,70.93,0.64,51.69,87.96,A
S1058,Mathematics,90.41,76.38,68.45,61.44,50.65,0.29,87.48,78.13,B
S1059,CS,73.19,90.75,65.29,81.24,52.55,1.75,98.89,73.6,F
S1060,Business,59.04,57.74,56.83,85.24,83.43,9.29,73.65,91.17,D
S1061,CS,82.34,94.72,93.7,,79.49,6.06,57.93,88.6,B
S1062,Mathematics,99.64,84.62,59.93,60.36,78.78,4.26,98.85,68.32,A
S1063,CS,81.13,63.7,74.72,92.44,55.52,5.13,64.51,74.92,F
S1064,Engineering,51.79,45.72,54.4,71.05,67.6,8.3,70.46,81.75,C
S1065,Business,50.86,55.42,87.84,60.82,90.62,9.29,53.87,51.42,F
S1066,Engineering,66.02,97.41,86.45,77.13,58.75,7.3,55.54,62.38,A
S1067,CS,59.79,58.62,57.78,93.17,94.13,7.6,60.83,62.51,D
S1068,Engineering,90.65,59.79,80.89,98.35,56.07,3.2,77.42,94.16,A
S1069,Business,92.24,51.38,82.23,87.41,58.46,4.67,77.89,66.57,A
S1070,CS,62.93,88.41,73.75,50.28,73.89,8.85,80.31,77.26,B
S1071,CS,66.28,56.54,76.04,56.74,97.26,7.86,79.19,91.58,C
S1072,Engineering,61.81,59.82,74.47,53.81,66.48,6.84,74.76,62.98,B
S1073,CS,95.42,64.86,44.91,55.06,82.91,0.65,90.1,56.19,A
S1074,Engineering,75.13,66.02,80.22,69.15,79.43,0.4,96.69,97.42,A
S1075,CS,82.81,64.68,68.19,66.92,57.48,1.3,63.49,85.23,F
S1076,Engineering,70.77,70.22,66.31,,62.41,5.81,56.51,58.85,A
S1077,CS,81.55,88.87,91.6,94.11,96.51,5.36,71.25,90.99,D
S1078,Engineering,69.29,89.16,41.39,80.77,59.24,9.43,51.32,89.36,A
S1079,CS,66.98,87.9,55.08,,84.75,6.95,94.17,91.88,A
S1080,CS,81.72,46.07,47.28,,98.23,2.94,61.99,63.81,A
S1081,CS,,87.98,42.12,70.51,55.98,1.61,77.46,72.43,D
S1082,Mathematics,,47.22,56.54,65.88,69.96,8.5,55.75,84.68,A
S1083,CS,57.47,47.48,99.31,71.92,61.2,4.6,77.66,69.53,D
S1084,Business,68.43,96.87,56.21,80.52,61.08,6.53,51.95,53.5,F
S1085,CS,70.76,89.16,79.82,74.65,55.95,5.65,88.44,56.82,C
S1086,CS,81.43,73.14,47.1,91.9,82.48,1.07,97.77,79.86,C
S1087,Engineering,95.73,92.5,76.11,95.01,87.32,0.57,65.35,68.76,B
S1088,Engineering,,99.36,99.07,73.48,83.84,3.77,62.91,50.27,C
S1089,Mathematics,,76.64,57.51,61.99,96.23,3.62,72.4,88.34,F
S1090,Mathematics,59.69,76.77,90.88,97.26,57.28,6.74,81,70.84,C
S1091,Business,75.11,85.27,99.85,86.75,65.99,6.32,59.45,65.69,B
S1092,Engineering,71.49,53.93,75.31,82.01,67.23,9.69,90.17,85.68,D
S1093,Engineering,86.45,50.03,58.56,87.27,61.6,8.58,59.93,72.76,A
S1094,CS,,85.57,80.41,,57.11,4.97,50.27,84.74,F
S1095,Mathematics,79.72,60.69,90.69,53.38,74.34,5,76.21,50.66,D
S1096,Engineering,94.19,48.1,50.28,57.66,91.72,6.74,55.76,50.47,A
S1097,Engineering,95.53,58.89,67.15,57.37,97.73,1.14,84.91,78,A
S1098,CS,97.94,61.52,59.15,71.03,56.47,10,58.37,99.11,B
S1099,CS,88.66,97.91,57,57.87,91.16,5.19,90.87,63.62,B
S1100,Mathematics,95.3,81.88,91.65,92.73,91.23,9.1,73.52,84.14,A
S1101,CS,61.73,71.85,65.3,78.9,69.45,9.67,78.31,58.61,F
S1102,Engineering,59.88,98.13,60.34,68.41,55.5,5.82,59.33,65.58,F
S1103,CS,50.32,94.19,76.21,53.48,99.5,1.03,57.33,53.9,D
S1104,Business,85.34,70.72,53.16,79.55,82.78,5.73,81.56,94.04,A
S1105,CS,96.87,94.34,53.79,55.83,99.11,5.98,62.77,65.52,A
S1106,Business,59.35,64.26,71.22,87.16,74.18,7.89,69.3,61.52,D
S1107,CS,81.85,53.83,64.56,90.14,69.76,0.48,73.97,86.53,F
S1108,Business,87.32,53.96,57.7,77.2,62.36,4.66,61.48,59.97,A
S1109,Business,96.38,79.74,43.24,57.48,99.18,9.23,89.77,62.01,B
S1110,CS,82.34,70.06,71.25,89.34,62.66,9.91,96.97,55.18,F
S1111,Engineering,98.51,79.54,89,65.39,51.19,1.91,71.59,98.14,B
S1112,CS,67.23,81.16,91.08,61.13,75.62,8.71,95.88,62.38,B
S1113,CS,67.5,41.34,54.13,73.53,68.85,1.46,94.13,99.78,C
S1114,Business,77.15,43.24,75.98,96.13,63.07,8.41,58.3,58.81,C
S1115,Engineering,69.18,71.96,91.35,64.87,81.73,2.77,58.67,51.03,B
S1116,CS,50.07,51.46,64.52,95.28,68.21,9.6,73.87,94.78,D
S1117,CS,,77.95,95.93,52.68,70.11,6.95,76.29,79,B
S1118,CS,87.59,73.13,94.18,54.18,51.15,3.99,67.06,67.57,B
S1119,Business,87.35,75.15,52.49,84.93,79.45,2.81,65.65,75.67,A
S1120,CS,67.25,58.15,55.54,59.53,56.1,2.35,71.57,63.04,B
S1121,Mathematics,76.11,78.39,50.83,65.83,60.69,6.81,84.52,81.74,C
S1122,Mathematics,68,89.77,51.76,56.82,85.86,8.96,54.22,80.82,B
S1123,CS,50.8,99.88,94.47,66.61,65.66,7.55,85.53,54.01,D
S1124,CS,78.12,90.31,95.87,64.02,58.16,8.35,96.31,95.53,D
S1125,Business,56.19,73.45,43.11,86.82,78.87,7.81,88.18,73.03,C
S1126,CS,54,51.61,75.62,85.1,60.75,9.79,59.58,59.76,F
S1127,CS,87.77,80.89,73.85,97.75,63.55,7.58,54.37,65.37,A
S1128,CS,50.48,96.26,63.43,86.22,81.07,2.1,74.52,93.31,D
S1129,Engineering,97.95,52.71,77.9,84.74,86.99,7.92,97.82,69.16,A
S1130,Business,75.76,55.36,96.84,84.71,86.98,3.22,90.95,78.1,A
S1131,CS,99.15,48.94,50.22,94.15,74.11,9.96,78.14,97.38,A
S1132,CS,52.9,84.2,47.22,64.81,72.71,3.77,57.15,82.59,D
S1133,Mathematics,79.18,64.39,42,,89.38,2.93,85.69,83.79,D
S1134,Business,67.47,43.76,61.83,87.06,59.65,2.39,90.65,62.43,A
S1135,Engineering,92.17,92.5,60.26,61.44,57.61,6.59,96.75,83.41,A
S1136,Business,,73.46,65.85,95.6,83.23,1.09,80.61,69.69,F
S1137,Engineering,63.02,59.87,70.2,76.74,70.48,9.54,75.72,95.55,C
S1138,Business,92.88,60.64,85.47,,85.5,2.94,80.96,56.48,A
S1139,CS,68.73,57.42,63.53,88.8,62.83,2.95,97.16,64.28,D
S1140,CS,50.84,67.33,59.84,65.62,66.24,0.46,81.41,53.3,D
S1141,Business,69.51,60.22,89.61,98.16,94.83,2.46,62.88,69.05,B
S1142,Engineering,82.73,72.88,90.99,,71.08,4.19,81.81,57.42,A
S1143,Mathematics,62.72,86.41,53.97,83.34,79.55,3.7,93.99,92.26,B
S1144,CS,71.6,80.47,58.88,55.68,55.33,2.73,78.35,96.25,D
S1145,Mathematics,52.84,57.67,89.51,63.16,58.94,0.41,75.13,83.47,F
S1146,Mathematics,79.4,71.72,44.76,75.77,51.79,3.01,86.67,55.17,F
S1147,CS,87.81,90.41,59.55,92.57,71.22,7.78,83.05,67.08,A
S1148,Business,70.67,44.09,66.9,59.24,99.45,4.39,52.83,98.22,D
S1149,Engineering,71.01,44.7,51.22,55.22,93.69,2.91,86.27,56.82,C
S1150,Mathematics,54.41,73.37,50.79,53.72,81.65,3.05,70.38,77.82,C
S1151,Engineering,60.1,78.35,65.49,75.35,93.05,5.54,97.04,67.65,A
S1152,Business,57.73,52.68,85.27,94.24,79.71,3.02,98.54,99.96,C
S1153,Engineering,74.08,84.71,90.41,52.12,68.44,6.31,72.44,64.27,D
S1154,CS,76.46,78.78,98.75,60.62,58.68,9.89,98.44,52.39,A
S1155,CS,,95.4,44.44,84.66,82.65,0.41,65.54,85.11,F
S1156,Engineering,53.66,50.14,53,91.29,59.65,1.69,84.13,66.34,D
S1157,Business,79.99,85.08,85.4,90.37,70.87,1.79,53.75,82.88,B
S1158,Engineering,76.32,45.02,72.44,89.25,91.29,4.47,57.25,55.23,F
S1159,Engineering,75.81,73.92,59.66,56.49,56.46,0.41,93.23,76.15,D
S1160,CS,93.66,73.11,52.34,69.86,56.45,4.78,94.69,68.76,A
S1161,Engineering,60.28,63.3,56.83,99.24,61.22,9.29,76.63,76.84,C
S1162,CS,52.04,90.67,65.76,99.44,77.6,0.12,66.99,92.67,D
S1163,Business,83.61,40.26,50.63,,62.59,3.65,72.55,98.64,A
S1164,Mathematics,,71.21,97.85,85.46,75.16,7.61,93.48,87.66,F
S1165,Engineering,50.88,53.03,46.46,97.56,65.1,1.54,60.55,88.34,D
S1166,CS,62.57,84.61,99.13,72.5,75.31,0.78,64.74,76.45,C
S1167,CS,65.47,42.58,90.51,56.84,63.88,6.31,89.27,54.87,A
S1168,Engineering,80.84,89.89,65.39,83.45,99,0.1,96.76,83.35,A
S1169,Engineering,58.63,90.29,84.39,98.01,74.64,8.02,54.65,57.39,D
S1170,Business,70.65,89.97,80.29,84.86,87.18,0.67,90.19,62.28,D
S1171,CS,74.12,49.15,52.8,90.17,85.03,5.24,82.25,85.38,C
S1172,Business,72.96,77.82,60.34,,74.53,7.4,61.54,82.85,F
S1173,Engineering,98.7,40.86,70.79,54.82,61.94,2.42,87.79,65.72,B
S1174,CS,,90.88,78.27,58.44,75.54,1.04,86.4,88.6,C
S1175,Engineering,97.55,83.38,72.57,99.13,84.05,1.76,57.1,96.97,A
S1176,CS,79.1,71.87,68.38,74.66,73,8.55,75.11,77.26,F
S1177,Engineering,89.79,83.84,66.59,50.6,54.1,7.06,87.91,83.88,A
S1178,Business,71.52,45.66,69.9,97.77,50.9,1.98,59.58,63.59,B
S1179,Engineering,72.69,71.72,66.06,74.89,66.39,7.16,73.14,98.54,F
S1180,Business,93.97,57.48,72.48,91.81,57.51,7.09,56.04,63.69,A
S1181,Engineering,94.8,98.36,93.28,77.42,95.31,9.98,65.34,94.37,A
S1182,CS,61.93,91.43,77.97,55.09,58.79,3.92,60.9,96.39,A
S1183,Engineering,59.96,84,83.36,80.78,69.71,8.65,75.25,85.98,C
S1184,Engineering,74.81,96.02,75.85,,85.6,4.46,57.06,90.58,D
S1185,CS,95.01,60.81,78.58,51.74,90.77,8.98,69.16,72.89,A
S1186,CS,66.12,94.05,74.7,92.09,73.89,0.92,63.76,95.98,A
S1187,Engineering,82.6,59.51,41.61,61.77,59.06,1.75,87.3,87.13,F
S1188,CS,85.41,83.97,99.98,69.69,63.54,8.5,84.98,66.34,A
S1189,CS,88.93,84.19,42.02,68.64,70.95,8.19,54.75,51.75,A
S1190,Engineering,78.2,41.1,63.71,,68.23,3.05,97.67,77.04,F
S1191,CS,70.12,61.66,46.31,75.22,67.43,5.97,87.23,92.03,F
S1192,Mathematics,98.35,41.17,45.82,72.36,56.59,3.83,80.8,93.03,B
S1193,CS,80.57,99.83,87.61,,95.67,0.1,73.89,91.76,F
S1194,Business,86.43,47.33,65.56,52.45,51.49,0.26,58.9,60.74,A
S1195,Engineering,67.25,72.57,88.07,54.32,72,0.54,98.1,71.31,C
S1196,Business,83.5,87.43,56.37,51.08,99.02,5.94,50.39,80.69,C
S1197,CS,62.89,52.08,55.39,84.4,82.99,2.79,84.62,83.38,D
S1198,Mathematics,62.25,69.1,55.07,76.28,67.77,1.44,75.37,66.73,D
S1199,Engineering,85.74,76.45,76.97,93.8,57.3,9.41,95.13,84.63,A
S1200,Business,76.07,49.61,88.9,74.93,98.19,1.21,69.03,79.54,C
S1201,CS,84.16,86.71,67.14,61.09,50.7,6.74,75.93,78.34,C
S1202,CS,63.47,57.96,62.75,90.26,84.07,8.94,87.12,83.15,B
S1203,Engineering,79.94,52.66,98.41,64.72,94.01,1.64,52.38,80.17,A
S1204,CS,72.2,73.5,47.01,96.78,51.26,2.15,52.72,58.34,C
S1205,Engineering,79.85,64.62,69.2,62.52,86.26,5.74,60.58,93.72,C
S1206,CS,64.54,95.22,64.51,58.39,99.94,5.08,57.32,62.03,D
S1207,Engineering,85.77,92.8,45.89,74.67,81.98,5.21,50.32,87.22,B
S1208,Mathematics,90.3,69,56.09,52.53,70.73,5.55,81.15,58.82,B
S1209,Engineering,63,61.56,41.71,51.82,93.72,9.5,89.8,83.05,D
S1210,Business,65.03,59.53,92.62,74.8,77.71,0.54,97.86,94.78,C
S1211,Engineering,83.06,56.05,76.47,60.76,87.47,7.6,72.05,50.49,F
S1212,Engineering,,72.67,88.9,50.47,79.39,2.33,63.99,98.98,B
S1213,Mathematics,85.2,88.3,71.29,64.8,51.91,3.74,93.2,51.48,A
S1214,Business,84.13,58.65,75.97,73.87,60.66,0.89,92.22,50.57,A
S1215,Business,69.64,51.41,82.05,69.71,53.94,4.46,81.24,92.88,B
S1216,CS,69.74,68.53,94.48,56.77,55.33,8.04,63.66,85.44,D
S1217,Engineering,62.74,44.14,45.51,78.98,50.77,0.99,95.43,55.29,B
S1218,CS,57.84,82.08,59.86,,71.06,2.76,58.92,96.87,C
S1219,Engineering,,71.1,82.54,83.78,58.93,3.73,52.18,83.6,A
S1220,Engineering,54.66,69.78,97.5,69.69,92.78,1.04,89.83,55.55,F
S1221,Business,96.89,58.03,98.85,56.88,87.5,7.62,78.18,93.03,A
S1222,Business,91.33,94.28,78.29,74.97,78.66,7.87,62.32,74.05,A
S1223,Engineering,92.88,45.43,51.62,94.52,74.45,8.36,83.54,63.91,B
S1224,CS,95.33,92.19,47.15,73.44,62.79,5.84,88.34,91.25,A
S1225,Business,70.43,62.6,96.76,59.78,73.75,5.07,92.23,86.92,B
S1226,CS,92.34,92.84,66.04,54.65,82.06,2.63,64.11,81.15,B
S1227,Engineering,,83.73,51.69,97.2,89.11,6.55,51.28,94.93,B
S1228,CS,51.08,46.25,96.03,87.15,54.08,4.45,75.5,93.06,D
S1229,CS,89.24,89.89,46.27,,85.42,9.71,92.8,61.34,B
S1230,Mathematics,53.74,80.93,83.77,64.77,87.14,9.68,60.39,93.93,D
S1231,CS,99.43,41.94,77.52,94.76,77.95,9.05,71.06,68.7,B
S1232,Engineering,83.74,48.02,45.26,58.88,60.72,3.6,62.82,71.59,C
S1233,CS,87.67,78.14,60.32,76.75,76.96,3.68,50.67,98.62,A
S1234,Mathematics,62.29,79.76,49,85.68,75.14,8.53,94.93,87.99,D
S1235,Business,83.69,84.8,76.27,69.82,73.79,7.29,56.75,66.07,D
S1236,CS,52.16,83.21,68.63,52,73.03,7.04,88.34,82.4,D
S1237,CS,91.89,79.57,40.26,61.39,55.54,2.8,67.33,76.97,B
S1238,Engineering,,85.97,98.54,95.09,59.14,8.33,63.88,55.83,B
S1239,CS,84.87,74.51,60.98,,54.87,5.79,97.05,94.39,F
S1240,Engineering,61.22,55.65,55.49,90.77,62.12,4.47,82.86,91.09,F
S1241,CS,53.42,94.74,53.35,77.78,63.17,8.65,84.35,88.89,D
S1242,CS,74.07,41.09,49.53,97.18,62.25,3.94,87.98,77.96,D
S1243,Engineering,58.46,61.99,99.95,,60.55,6.54,67.05,61.04,F
S1244,CS,86.47,83.73,57.71,,86.77,4.66,78.18,94.19,B
S1245,Business,61.88,65.63,64.33,65.91,90.93,5.93,63.51,67.65,B
S1246,CS,67.12,41.49,92.28,80.08,66.36,0.41,91.73,51.01,C
S1247,CS,78.37,43.96,78.51,83.74,65.26,4.61,79.97,99.09,B
S1248,Mathematics,64.25,78.92,62.12,,92.2,5.56,62.17,93.06,B
S1249,Engineering,,97.89,93.9,91.11,81.2,4.93,94.99,81.13,B
S1250,Business,90.78,73.11,84.98,59.17,64.67,8.47,79.04,50.62,A
S1251,CS,58.96,70.41,53.67,,85.68,3.11,74.75,61.39,D
S1252,Engineering,54.11,59.1,78.62,84.32,67.23,8.84,51.72,72.6,C
S1253,Business,66.42,55.4,95.34,,79.33,4.03,95.49,81.4,C
S1254,CS,71.22,41.26,69.79,71.99,99.63,6.95,97.61,85.41,C
S1255,Business,77.13,56.38,84.02,98.19,65.08,0.87,78.13,89.41,C
S1256,Engineering,68.62,66.95,98.27,81.29,96.53,2,72.13,77.78,A
S1257,CS,89.5,51.88,81.42,97.45,66.03,7.61,67.98,82.81,A
S1258,Engineering,51.97,45.24,46.15,86.12,77.01,0.12,63.4,90.56,D
S1259,Engineering,71.59,83.06,54.67,86.23,73,9.69,78.73,85.99,C
S1260,CS,69.11,93.68,75.71,79.59,89.16,1.91,56.4,97.74,A
S1261,Engineering,82.38,96.21,56.53,57.11,53.05,9.01,95.96,93.73,F
S1262,CS,98.31,77.08,97.45,,81.36,5.16,58.8,58.47,A
S1263,Engineering,75.52,43.17,64.32,62.63,88.03,5.65,87.28,97.37,C
S1264,Business,99.34,84.45,67.43,99.93,73.61,0.84,65.34,60.21,B
S1265,Engineering,65.11,46.61,82.1,63.35,55.26,3.65,61.3,99.56,F
S1266,Mathematics,51.54,80.18,71.45,61.53,62.24,1.56,77.89,85.07,D
S1267,CS,58.28,86.76,62.93,81.19,83.98,5.26,88.26,81.38,F
S1268,Engineering,69.76,83.55,44.6,75.55,94.77,5.51,86.34,66.22,B
S1269,Business,,97.11,75.79,51.07,71.08,7.1,61.69,56.66,B
S1270,Engineering,,84.29,92.05,56.48,78.02,8.78,66.53,56.31,C
S1271,Engineering,71.63,81.59,81.15,90.55,61.42,4.68,93.44,93.33,B
S1272,CS,66.91,55.7,62.89,74.18,70.61,2.33,86.16,71.62,F
S1273,CS,,95.49,47.66,57.3,66.84,3.34,85.63,77.99,F
S1274,CS,64.81,50.77,88.98,73.26,82.78,8.47,63.45,96.59,B
S1275,Mathematics,94.32,94.29,96.5,62.66,99.23,1.46,89.6,62.77,B
S1276,CS,,58.76,63.3,61.18,90.67,6.27,67.92,88.2,F
S1277,Business,85.7,47.81,83.72,97.89,59.61,0.13,70.07,73.52,B
S1278,Engineering,80.6,89.6,64.65,68.1,78.88,2.46,64.38,60.64,C
S1279,CS,71.36,40.15,70.14,52.32,53.32,5.91,56.07,92.65,D
S1280,Engineering,61.95,89.93,90.19,98.52,62.35,4.56,71.02,84,F
S1281,Business,68.45,55.74,45.01,89.74,58.61,4.94,50.85,54.75,D
S1282,Business,79.61,93.08,71.82,62.72,66.78,6.61,72.8,77.09,D
S1283,CS,,81.49,52.88,70.44,83.94,2.35,86.25,92.59,F
S1284,CS,60.74,79.97,60.39,93.11,74.97,2.81,98.04,53.35,C
S1285,CS,55.82,61.92,78.67,67.87,96.65,6.84,53.93,70.81,F
S1286,CS,,43.56,41.63,78.37,60.64,5.38,64.06,90.26,A
S1287,Engineering,72.02,89.8,75.63,76.74,68.21,0.15,74.71,92.92,B
S1288,Business,81.26,50.25,57.01,70.06,66.49,6.7,58.52,88.77,A
S1289,CS,74.52,62.34,80.17,81.98,61.8,6.2,55.84,65.29,F
S1290,Business,93.63,76.02,48.49,73.66,99.66,0.79,72.62,75.35,B
S1291,Engineering,77.35,68.94,84.15,51.06,69.36,7.48,79.04,87.06,B
S1292,CS,74.04,51.92,78.74,90.72,97.03,5.22,91.01,57.63,A
S1293,CS,96.23,48.44,98.27,55.66,69.52,2.05,99.89,79.75,B
S1294,Business,,47.39,94.67,73.2,60.2,5.59,88.71,86.02,F
S1295,Business,55.58,91.78,57,79,55.96,5.95,61.07,92.5,D
S1296,Engineering,58.89,41.89,41.64,85.28,92.78,9.2,87.4,55.58,C
S1297,CS,89.36,98.62,79.32,70.54,51.6,7.42,76.86,66.48,A
S1298,CS,91.79,51.91,76.17,86.78,98.22,3.02,72.54,77.08,A
S1299,CS,77.26,46.62,41.65,56.57,70.91,1.18,96.79,85.05,A
S1300,Engineering,77.72,74.62,47.36,82.67,62.37,8.53,85.1,86.5,B
S1301,Business,81.6,44.8,75.08,91.32,80.87,8.46,84.08,62.66,C
S1302,CS,71.96,76.15,94.71,94.47,56.65,1.75,50.59,50.69,C
S1303,Business,84.01,91.04,94.39,,53.61,0.62,93.25,84.69,B
S1304,Engineering,55.42,42.87,49.09,65.64,91.39,7.12,89.67,95.46,D
S1305,Engineering,98.06,87.99,63.07,58.17,71.23,7.23,64.95,89.88,A
S1306,Mathematics,87.51,63.67,42.59,67.28,75.91,1.77,64.61,81.12,B
S1307,CS,81.56,49.57,68.16,77,58.83,6.68,52.67,98.88,D
S1308,Mathematics,65.82,50.57,85.19,59.82,53.07,2.79,52.54,71.66,B
S1309,CS,58.05,95.13,87.4,97.63,68.39,2.61,83.43,76.25,C
S1310,CS,70.47,46.64,69.94,94.86,75.31,3.25,59.31,50.61,C
S1311,Business,83.08,92.01,45.75,51.65,88.27,5.2,96.18,97.3,F
S1312,Mathematics,,72.65,62.88,78.1,75.05,8.04,92.12,79.17,F
S1313,Engineering,69.13,42.34,95.93,89.47,89.13,4.99,67.44,69.54,D
S1314,Engineering,80.66,67.87,53.78,62.27,55.77,2.98,69,52.23,B
S1315,Business,90.69,89.05,59.19,76.19,53.2,8.84,66.36,68.12,A
S1316,Business,51.31,83.57,84.81,70.3,57.94,0.55,54.62,50.18,F
S1317,CS,72.53,69.33,84.01,59.83,88.6,7.97,51.57,66.22,B
S1318,Business,,91.6,94.73,80.74,87.97,7.84,72.61,97.57,C
S1319,Engineering,77.31,47.22,63.29,99.68,57.07,2.54,97.15,57.71,B
S1320,Engineering,82.57,94.6,70.88,68.26,51.55,1.98,95.86,77.27,D
S1321,Engineering,75.83,90.79,68.04,77.62,84.26,8.75,90.49,59.33,A
S1322,Engineering,99.59,82.5,95.67,66.39,92.76,5.59,81.43,89.17,A
S1323,Mathematics,52.73,89.07,86.16,93.85,87.71,0.46,92.81,78.12,C
S1324,Engineering,74.55,72.63,89.89,,60.14,8.91,75.75,60.11,C
S1325,Mathematics,54.57,80.51,47.99,58.94,79.19,3.49,59.01,93.31,C
S1326,CS,57.99,73.64,87.51,95,87.87,3.42,84.21,89.2,D
S1327,Business,69.15,61.33,65.98,57.58,62.79,6.43,96.03,97.57,C
S1328,Business,57.78,74.13,41.4,54.77,76.39,6.61,50.98,50.03,D
S1329,Engineering,98.18,55.45,43.61,82.65,65.72,3.53,62.57,72.86,A
S1330,Engineering,97.34,66.42,80.67,69.3,61.28,1.43,63.27,99.99,B
S1331,Engineering,66.81,56.85,62.32,76.54,98.48,5.52,54.95,90.56,C
S1332,Business,81.99,47.37,92.09,82.63,95.63,6.25,61.27,91.56,C
S1333,Business,76.69,59.31,84.06,52.64,72.28,8.6,69.2,81.06,D
S1334,CS,90.78,91.12,41.3,64.65,56.84,4.84,96.99,85.64,A
S1335,Business,81.37,62.86,81.21,73.05,86.4,6.46,93.01,90.27,A
S1336,Engineering,50.01,84.88,51.54,63.33,62.79,0.54,97.3,54.61,D
S1337,CS,88.16,50.51,65.35,52.45,58.43,8.95,56.03,84.63,A
S1338,Business,87.34,65.47,77.48,54.33,69.08,3.27,51.4,90.77,A
S1339,Engineering,75.49,46.89,92.36,90.09,76.49,6.32,55.49,52.04,F
S1340,Business,95.15,48.32,67.37,95.57,54.87,9.16,95.71,64.85,A
S1341,CS,95.42,77.05,88.51,57.61,78.59,8.11,57.87,66.2,A
S1342,CS,76.2,76.45,86.98,,50.77,6.38,78.63,92.73,D
S1343,Engineering,80.4,52.8,64.87,82.61,94.59,7.04,61.38,89.02,D
S1344,CS,99.83,68.47,70.06,97.71,96.04,9.21,51.03,82.82,A
S1345,Business,64.94,91.8,82.03,64.98,86.65,8.12,54.23,90.24,B
S1346,CS,66.23,50.45,41.87,92.76,73.33,6.1,85.49,72.67,A
S1347,Engineering,59.14,41.15,93.45,75.3,62.74,6.59,59.12,93.74,D
S1348,CS,94.79,79.12,86.19,97.83,87.21,1.47,61.46,61.71,A
S1349,CS,87.22,43.21,54.96,56.81,96.59,4.7,68.86,85.23,A
S1350,Business,55.28,98.8,98.87,,57.93,3.01,82.86,62.09,F
S1351,CS,99.09,76.58,50.76,72.05,73.29,4.32,73.47,51.99,A
S1352,Engineering,86.55,68.22,94.85,97.65,65.76,6.62,97.23,64.21,B
S1353,Mathematics,92.53,65.8,59.47,72.93,67.84,1.49,71.71,74.65,A
S1354,Engineering,,74.38,85.79,76.5,70.29,0.17,59.96,92.17,A
S1355,Business,75.25,45.44,67.38,90.24,97.59,3.97,76.81,75.44,F
S1356,CS,84.93,95.8,84.19,86.13,62.93,3.22,72.54,58.96,A
S1357,CS,77.15,77.54,49.35,80.98,74.63,4.2,89.36,99.64,D
S1358,Business,83.33,51.04,56.17,70.85,97.57,9.31,96.76,63.5,A
S1359,Business,,73.75,45.99,89.62,73.8,7.07,91.81,99.26,B
S1360,Engineering,68.72,48,91.91,97.41,93.18,3.27,69.45,96.82,B
S1361,Engineering,92.43,41.05,57.78,50.49,52.94,1.79,60.81,77.12,A
S1362,Engineering,58.15,77.83,81.67,79.39,97.65,6.18,95.72,54.6,D
S1363,CS,63.54,78.91,89.21,93.3,59.38,6.58,69.3,84.77,B
S1364,Business,52.17,75.02,94.09,82.66,99,4.84,88.51,92.29,C
S1365,Engineering,68.22,51.01,46.38,90.04,58.78,2.13,99.48,72.27,B
S1366,Engineering,69,76.21,93.58,94.75,72.22,0.29,78.87,61.95,F
S1367,Business,90.26,43.39,51.84,87.55,65.43,2.66,73.99,90.14,A
S1368,CS,82.66,76.55,84.21,,71.66,4.57,84.99,77.25,F
S1369,CS,71.84,73.24,83.73,98.24,62.53,7.88,59.7,59.88,D
S1370,Business,82.61,79.32,40.51,93.18,98.27,8.54,74.41,97.48,C
S1371,Business,52.64,93.73,53.24,90.77,65.29,4.13,65.62,97.4,D
S1372,Engineering,59.01,91.02,69.51,54.32,82.66,7.96,58.21,68.35,C
S1373,CS,81.35,98.84,65.2,,56.87,9.93,80.51,53.2,D
S1374,CS,82.07,98.57,95.11,77.84,91.22,7.17,78.79,81.54,B
S1375,Engineering,88.71,86.34,61.58,85.48,77.13,7.29,88.06,65.86,B
S1376,CS,70.15,97.39,96.22,65.16,98.97,9.1,93.65,53.32,B
S1377,Business,86.13,92.04,67.57,54.67,71.17,3.38,61.02,94.59,A
S1378,Mathematics,,83.65,97.86,65.55,59.77,0.11,88.99,99.91,D
S1379,Business,,44.52,84.24,,67.3,9.87,68.37,67.52,C
S1380,CS,60.76,42.94,89.76,93.87,86.85,4.9,81.44,87.24,D
S1381,Business,77.58,90.26,46.29,95.65,82.96,7.86,92.51,53.29,A
S1382,CS,80.09,69.38,75.17,68.94,88.92,8.12,62.81,68.49,F
S1383,CS,99.93,88.88,48.56,68.63,53.67,3.98,80.05,55.44,A
S1384,CS,60.06,58.78,57.86,70.34,79.02,5.41,74.02,52.77,C
S1385,CS,76.16,63.86,77.41,68.79,96.61,5.4,89.53,79.44,A
S1386,Mathematics,67.31,82.01,83.57,83.31,55.4,2.2,84.86,90.1,D
S1387,CS,76.29,94.92,42.35,67.92,54.72,1.18,88.48,72.65,C
S1388,CS,61.61,45.27,71.86,51.02,85.83,5.44,64.4,76.21,D
S1389,Mathematics,52.38,91.69,73.92,71.95,65.76,1.2,85.22,63.54,F
S1390,CS,78.63,87.58,44.73,61.21,82.93,3.46,80.29,86.82,B
S1391,Business,66.79,58.93,70.04,51.44,77.27,1.86,72.83,68.05,C
S1392,CS,59.1,61.31,82.83,73.54,99.3,7.07,68.92,53.37,C
S1393,CS,66.2,42.79,43.19,60.3,94.45,8.72,66.58,58.28,D
S1394,Mathematics,52.46,40.94,85.62,72.64,83.9,5.78,50.48,56.42,D
S1395,CS,97.52,68.62,74.59,63.89,63.08,4.1,58.48,71.79,B
S1396,Engineering,79.06,45.73,89.99,80.19,63.1,9.97,52.95,53.26,F
S1397,CS,90.74,51.64,53.08,99.54,94.11,0.21,92.42,90.32,A
S1398,CS,71.16,90.81,90,77.36,79.27,3.04,93,95.4,F
S1399,CS,95.17,74.26,45.67,82.34,89.46,2.79,92.31,62.42,A
S1400,CS,74.17,78.02,64.23,95.96,72.49,3.56,90.9,74.28,D
S1401,CS,78.7,51.25,51.97,68.7,55.15,2.31,61.07,75.95,B
S1402,Business,74.59,89.72,92.56,,66.63,2.64,74.59,99.25,C
S1403,Engineering,86.66,92.08,82.3,64.14,58.06,2.58,95.39,53.28,B
S1404,CS,78.33,71.4,41.52,70.14,89.09,5.06,87.99,83.39,A
S1405,Engineering,63.58,94.75,40.57,82.25,85.03,3.91,50.09,67.29,B
S1406,Mathematics,57.28,90.69,57.47,50.23,54.42,6.39,72.97,75.09,D
S1407,Mathematics,80.31,83.88,48.6,92.67,81.07,5.14,50.53,60.85,C
S1408,Business,74.46,84.04,77.82,53.8,93.71,1.83,64.03,58.01,A
S1409,Business,54.8,46.32,79.83,95.03,84.87,8.1,71.79,62.18,C
S1410,CS,69.78,56.25,96.52,97.47,75.56,4.72,94.64,53.56,F
S1411,CS,75.74,44.01,97.12,99.51,65.59,1.53,82.72,63.9,D
S1412,Engineering,91.34,40.52,79.53,,94.35,1.67,68.12,84.52,A
S1413,Engineering,53.81,49.5,40.34,57.09,71.14,7.97,74.53,82.57,F
S1414,Engineering,67.42,92.83,61.54,85.31,92.77,7.03,90.87,77.72,A
S1415,Engineering,91.13,54.39,70.79,60.17,89.15,5.07,64.98,50.02,A
S1416,Mathematics,82.42,98.21,69.95,94.86,90.81,3.06,80.75,56.29,D
S1417,Business,64.5,75.84,76.2,65.83,99.49,4.61,63.11,92.14,A
S1418,Engineering,92.27,54.24,97.63,66.34,87.44,6.36,74,63.59,A
S1419,Business,74.66,69.83,93.11,95.88,51.7,8.79,51.23,95.61,C
S1420,CS,74.92,53.15,46.53,50.66,60.27,5.56,92.61,93.73,A
S1421,CS,98.83,99.04,55.96,59.7,51.76,2.77,52.42,57.75,A
S1422,CS,97.36,90.84,89.99,,59.5,0.43,61.22,94.91,B
S1423,Engineering,67.93,41.57,89.46,85.04,53.07,1.75,66.68,81.39,A
S1424,CS,57.03,96.87,56.52,82.38,75.08,6.5,81.26,81.51,F
S1425,Business,66.28,83.26,83.84,83.47,51.41,1.6,86,92.63,C
S1426,CS,51.52,44.94,80.32,94,73.63,4.82,54.02,70.25,D
S1427,Engineering,51.04,80.24,68.41,56.05,94.94,6.99,52.17,86.76,F
S1428,CS,69.78,78.82,52.09,76.11,87.43,3.08,89.95,83.39,C
S1429,CS,,53.13,93.32,86.27,97.2,6.69,85.61,88.58,F
S1430,Business,93.57,85.51,80.67,81.81,61.33,5.81,91.58,83.01,A
S1431,Engineering,75.57,45.22,50.14,72.42,76.55,4.39,83.83,54,B
S1432,Mathematics,78.26,69.37,82.29,50.86,65.93,8.97,87.55,64.64,F
S1433,Mathematics,50.3,40.6,84.49,53.02,74.69,6.92,68.95,97,D
S1434,CS,60.78,98.12,93.21,55.95,77.85,3.61,79.51,61.17,D
S1435,CS,,85.09,53.37,67.16,51.81,8.04,90.27,73.61,F
S1436,Business,87.73,49.53,99.33,55.88,61.66,7.38,58.61,67.85,A
S1437,Mathematics,57.28,60.5,49.2,71.3,85.24,7.92,71.14,54.31,C
S1438,Engineering,,49.63,76.04,58.93,88.65,6.41,87.02,59.06,C
S1439,Business,82.17,86,79.43,88.96,78.47,3.79,76.63,64.33,B
S1440,Business,61.47,43.53,65.14,93.57,63.54,3.49,84.08,73.17,D
S1441,CS,,90.42,68.5,69.48,70.25,6.54,64.64,93.73,A
S1442,Engineering,81.38,96.53,93.45,75.57,54.8,1.31,51.62,75.78,B
S1443,Business,95.04,80.6,78.72,97.67,97.66,8.2,51.46,82.6,A
S1444,Engineering,85.92,52.78,69.82,76.78,93.43,3.7,97.14,71.3,A
S1445,CS,,61.61,47.7,,53.28,6.3,97.23,93.5,D
S1446,CS,79.37,68.63,40.44,57.11,58.32,4.99,60.56,83.13,C
S1447,CS,65.54,76.28,47.5,93.11,79.05,5.19,57.37,54.53,A
S1448,CS,99.96,80.12,97.37,74.86,61.62,7.38,50.91,73.88,B
S1449,Mathematics,87.44,73.25,85.85,51.14,96.72,6.27,61.56,91.36,A
S1450,CS,80.72,61.08,98.03,98.61,87.78,2.5,66.72,86.68,F
S1451,CS,71.16,93.46,42.14,98.25,63.66,0.74,62.06,95.27,D
S1452,CS,80.91,44.88,80.81,69.16,50.31,8.4,89.87,61.38,C
S1453,Engineering,67.08,67.98,42.66,97.71,89.97,8.85,87.47,98.86,C
S1454,Engineering,51.44,86.53,86.92,57.05,71.2,1.64,54.05,64.25,D
S1455,CS,69.75,43.65,62.86,84.01,82.12,3.09,84.87,52.51,F
S1456,CS,96.52,82.32,45.75,59.6,64.35,2.82,76.03,74.78,A
S1457,CS,81.32,89.18,74.08,62.33,57.14,9.37,56.61,55.52,F
S1458,Engineering,54.2,79.65,56.81,88.97,83.77,2.05,86.98,84.07,F
S1459,CS,,40.78,79.57,68.87,72.52,1.67,54.3,95.03,C
S1460,Mathematics,63.44,50.81,79.49,50.36,61.76,1.82,58.86,96.07,D
S1461,Engineering,62.19,60.53,82.3,70.71,56.88,7.3,57.46,80.35,F
S1462,CS,64.85,54.02,99.55,61.4,79.02,8.88,96.95,76.76,F
S1463,Business,78.86,97.76,63.2,84.17,86.28,3.93,84.91,99.7,F
S1464,CS,77.23,79.1,67.92,59.72,64.19,1.36,70.56,78.97,F
S1465,Engineering,74.57,57.82,88.28,92.11,86.76,5.86,91.11,96.37,F
S1466,CS,85.88,95.78,74.7,63.35,59.16,2.1,60.8,95.83,A
S1467,Engineering,65.83,84.44,42.24,69.65,66.92,0.64,96.55,64.48,C
S1468,Business,89.1,57.08,90.58,64.9,87.24,8.86,84.85,50.69,B
S1469,Mathematics,,62.73,43.09,82.2,83.01,8.71,77.98,71.96,B
S1470,CS,89.13,51.97,50.25,55.06,63.53,9.76,89.73,93.07,B
S1471,CS,83.19,98.26,46.12,73.9,56.11,4.74,82.24,91.81,D
S1472,Engineering,84.16,71.04,44.68,,52.12,2.94,94.36,80.18,B
S1473,Mathematics,74.08,93.76,41.54,,91.9,7.7,91.46,57.83,B
S1474,Mathematics,83.35,60.79,43.3,53.67,53.76,1.8,59.89,55.38,B
S1475,CS,53.99,91.65,66.55,,55.74,2.43,61.98,97.73,D
S1476,CS,92.58,43.23,55.17,58.38,61.89,2.56,53.25,71.07,A
S1477,Engineering,52.78,98.93,47.59,54.43,72.28,9.52,61.01,82.41,C
S1478,CS,57.44,94.72,79.52,60.12,89.49,7.3,67.17,95.29,F
S1479,CS,78.84,61.79,53.57,55.13,62.37,1.34,51.44,93.49,A
S1480,CS,86.97,86.48,41.14,76.05,77.18,0.93,65.75,78.35,A
S1481,Engineering,53.81,85.14,65.11,99.41,54.52,8.43,88.58,74.4,F
S1482,Mathematics,,94.08,58.63,51.72,73.23,8.02,92.02,86.76,C
S1483,Mathematics,,58.44,59.12,73.06,58.88,6.71,50.44,67.48,F
S1484,CS,80.3,67.93,66.72,69.3,60.56,1.96,50.36,81.27,A
S1485,Engineering,74.06,91.9,80.13,66.98,68.34,4.8,57.32,51.16,A
S1486,Business,87.07,86.71,76.99,66.59,88.07,6.03,93.63,91.22,A
S1487,CS,66.42,63.61,96.24,94.75,87.2,9.32,73.46,99.9,C
S1488,Engineering,,90.74,71.06,,70.75,1.69,99.15,97.74,F
S1489,Engineering,95.81,42.82,68.35,88.75,55.93,5.15,94.37,67.99,A
S1490,CS,97.78,86.92,52.8,62.65,64.03,1.58,94.51,76.56,A
S1491,Engineering,96.35,52.41,85.32,69.16,75.27,4.44,56.42,61.81,A
S1492,CS,63.12,57.17,48.45,71.01,93.47,2,73.76,65.15,C
S1493,Engineering,61.62,69.59,69.47,65.24,98.41,8.36,99.68,72.87,F
S1494,CS,64.88,66.98,65.28,54.68,81.87,2.55,57.45,87.35,F
S1495,CS,72.07,71.23,79.5,55.72,67.53,4.17,78.71,50.89,D
S1496,CS,65.71,72.69,95.06,64.91,84.67,4.08,67.21,69.69,A
S1497,Business,68.71,59.89,96.8,91.09,66.81,8.66,69.39,77.82,F
S1498,Engineering,81.03,50.51,50.07,56.73,81.27,7.58,94.54,60.76,A
S1499,Engineering,88.13,86.11,55.71,,62.19,0.58,79.4,53.92,A
S1500,Engineering,86.78,64,88.7,64.44,63.35,0.67,87.94,76.98,A
S1501,Engineering,90.72,70.35,71.1,94.17,53.76,5.51,83.66,81.89,A
S1502,CS,51.61,78.68,67.18,71.42,71.01,4.28,76.45,82.05,C
S1503,Business,52.39,94.58,82.64,58.59,80.91,2.76,89.59,67.83,D
S1504,CS,89.47,82.45,76.12,99.29,89.44,7.93,98.54,61.87,A
S1505,CS,76.65,42.73,98.24,58.83,90.52,1.29,98.34,61.02,F
S1506,Business,78.91,90.31,75.04,78.38,99.62,9.74,89.47,52.03,F
S1507,CS,52.63,99.36,67.96,78.46,54.39,0.24,74.37,59.23,D
S1508,CS,62.77,68.35,72.57,68.64,74.66,1.18,58.16,90.93,A
S1509,Engineering,81.92,98.18,88.51,97.57,76.07,3.11,52.22,50.15,C
S1510,Engineering,92.96,72.84,76.76,92.19,90.23,5.09,61.57,52.19,A
S1511,Business,95.85,67.58,78.82,91.49,63.32,2.16,67.01,56.35,B
S1512,Engineering,75.02,59.88,98.29,,53.47,7.36,56.49,71.01,B
S1513,Engineering,77.27,79.45,77.1,72.86,65.69,3.58,61.24,66.69,F
S1514,Business,91.65,53.79,62.82,54.86,99.2,0.39,54.18,58.89,A
S1515,CS,76.88,46.3,81.48,88.27,94.97,8.78,76.18,55.55,A
S1516,CS,75.84,41.63,79.57,69.04,69.76,9.44,56.32,96.94,F
S1517,Engineering,95.25,57.54,40.83,59.52,93.81,6.19,87.14,95.56,B
S1518,CS,,63.75,68.04,74.16,51.64,8.07,66.63,88.59,B
S1519,Mathematics,95.45,73.12,84.57,96.29,65.71,1.21,83.6,62.6,B
S1520,Business,60.91,57.56,69.94,58.57,86.34,2.69,94.13,66.18,C
S1521,CS,76.22,99.04,86.78,92.43,61.07,3.25,54.3,83.29,A
S1522,CS,92.12,57.5,67.05,70.91,59.92,9.61,99.45,64.58,A
S1523,CS,55.56,66.46,99,,93.09,5.12,82.26,76.53,F
S1524,CS,89.73,46.2,57.57,92.42,80.8,0.07,52.67,82.56,A
S1525,CS,59.15,55.64,45.53,98.48,99.45,3.8,65.7,75.96,D
S1526,Engineering,,42.9,65.8,64.56,56.73,0.08,94.31,70.66,D
S1527,Business,80.6,73.57,72.5,65.18,67.81,2.38,79.81,67.39,D
S1528,Business,59.66,85.06,60.95,69.53,65.56,4.55,64.36,88.89,F
S1529,CS,73.67,51.74,54.54,90.71,94.01,3.23,97.02,86.95,C
S1530,CS,84.1,62.07,80.32,50.52,62.76,0.33,89.36,84.81,A
S1531,Engineering,,41,62.63,61.2,67.67,1.16,86.78,68.73,F
S1532,Business,71.36,90.37,77.88,85.29,57.14,5.51,94.42,88.79,B
S1533,Business,94.97,86.8,86.74,70.28,88.77,6.96,88.49,97.89,B
S1534,Mathematics,75.96,43.8,85.66,66.51,61.89,4.05,64.34,84.45,D
S1535,Engineering,75.29,61.89,62.52,93.61,53.42,7.31,79.19,70.39,C
S1536,Engineering,53.11,97.32,74.07,95.87,71.76,1.63,92.11,89.82,D
S1537,CS,96.11,63.52,66.98,97.4,69.57,1.22,59.04,80.47,A
S1538,Engineering,58.86,71.57,92.25,63.63,58.88,8.39,58.15,93.88,D
S1539,CS,76.42,61.31,92.73,95.63,56.68,3.39,57.95,85.66,A
S1540,Engineering,90.18,75.77,60.62,86.85,94.83,4.32,59.71,88.5,B
S1541,Engineering,60.77,98.69,45.5,57.71,53.39,9.48,55.16,83.37,C
S1542,CS,,99.85,50.05,80.51,54.97,4.24,91.88,54.6,C
S1543,CS,62.03,86.48,62.02,51.32,62.25,0.03,90.92,74.26,B
S1544,CS,87.98,64.26,73.85,85.42,97.64,9.38,57.57,52.82,A
S1545,CS,78.22,69.67,79.41,86.68,54.27,0.14,85.28,72.38,C
S1546,CS,,61.4,59.88,89.47,90.8,6.62,81.35,85.82,B
S1547,CS,94.73,99.13,80.05,58.63,94.6,3.23,63.81,71.06,A
S1548,CS,82.44,82.47,96.26,,68.89,4.7,61.37,50.08,C
S1549,CS,86.27,66.94,79.12,58.94,64.69,5.47,62.53,68.46,A
S1550,Mathematics,77.46,40.73,49.51,97.33,83.87,4.08,86.53,53.39,B
S1551,CS,69.22,71.23,74.78,83.75,85.13,7.74,65.97,89.03,A
S1552,CS,82.41,99.04,72.51,54.77,89,9.31,63.9,89.19,B
S1553,Engineering,95.41,71.38,92.24,,91.53,0.86,51.12,90.32,A
S1554,Business,70.83,50.95,61.02,,63.42,8,95.41,51.52,B
S1555,Engineering,65.72,41.33,65.38,73.83,84.35,1.29,87.64,51.61,D
S1556,CS,,61.28,75.92,,56.75,0.8,73.64,95.17,D
S1557,Engineering,71.77,95.09,71.47,64.04,75.54,9.56,97.15,56.18,F
S1558,Business,53.68,99.79,83.14,82.9,80.64,4.89,64.68,83.5,F
S1559,Business,74.92,96.72,42.42,58.85,58.09,1.53,83.74,89.77,D
S1560,Engineering,74.72,83.77,73.81,77.19,53.83,5.7,65.26,72.39,D
S1561,Business,79.42,73.49,47.3,97.89,59.74,2.63,65.73,77.32,B
S1562,Business,68.14,75.44,58.91,81.41,71.03,4.64,92.24,61.37,B
S1563,Engineering,80.66,72.34,79.7,52.5,94.39,6.25,89.35,96.18,C
S1564,Engineering,93.91,82.42,49.44,99.44,76.6,8.69,64.71,65.09,B
S1565,Engineering,97.77,65.13,58.53,57.84,87.42,0.03,54.07,60.89,B
S1566,Business,79.18,80.15,82.18,85.9,58.71,2.14,67.88,76.27,D
S1567,CS,,47.3,79.05,76.63,55.3,0.96,88,59.53,C
S1568,Mathematics,98.46,55.94,45.46,64.72,61.98,0.97,55.03,84.33,B
S1569,CS,85.29,90.16,74.64,58.87,65.69,9.46,83.61,75.76,A
S1570,Engineering,,94.22,48.84,58.89,77.41,9.36,94.49,57.39,F
S1571,Business,57.36,72.34,55.14,92.92,94.06,7.49,58.96,53.36,F
S1572,CS,57.17,41.9,67.55,93.65,71.3,6.43,93.11,56.85,F
S1573,Engineering,58.39,95.62,46.56,73.26,75.94,8.48,52.57,56.83,D
S1574,CS,52.28,82.12,99.62,55.18,50.23,0.58,83.34,65.64,D
S1575,CS,,64.84,49.92,94.21,51.67,1.19,89.55,91.66,A
S1576,CS,77.04,75.9,86.88,,54.19,3.17,72.24,52.86,B
S1577,CS,85,65.79,89.79,71.94,84.95,8.32,60.19,56.4,F
S1578,CS,91.41,67.92,99.67,70.37,74.31,4.72,96.24,65.14,B
S1579,Mathematics,89.58,93.21,65.72,68.25,59.65,5.04,51,77.67,A
S1580,Mathematics,94.13,49.67,92.45,76.3,79.63,2.29,77.75,88.14,B
S1581,CS,98.36,46.22,97.45,80.23,77.23,6.48,68.64,96.06,A
S1582,Business,71.95,40.16,50.37,73.32,54.44,8.88,73.05,70.6,D
S1583,CS,97.52,58.84,68.77,,82.02,3.3,76.83,55.29,A
S1584,CS,86.16,48.84,43.6,65.88,88.36,6.19,76.74,60.68,B
S1585,CS,53.53,53.2,77.24,,64.33,3.32,60.18,64.36,F
S1586,Mathematics,84.09,40.67,74.88,65,84.37,7.93,83.99,89.3,C
S1587,Mathematics,,53.63,52.25,87.67,59.99,4.75,50.96,84.33,D
S1588,CS,95.29,59.96,87.87,,87.84,3.39,51.06,60.45,B
S1589,CS,68.65,41.89,42.24,59.43,95.59,4.2,73.92,91.94,D
S1590,CS,79.25,76.47,88.37,90.06,72.09,0.91,77.1,92.96,B
S1591,Engineering,50.61,74.13,41.6,,62.23,8.66,63.74,94.12,F
S1592,Engineering,66.6,45.82,79.41,81.29,69.96,9.58,77.58,63.75,D
S1593,CS,53.11,75.7,44.73,98.51,62.5,4.77,75.81,56.69,D
S1594,Business,76.09,99.92,55.07,76.14,50.06,2.21,67.46,55.2,B
S1595,CS,90.87,96.67,83.31,59.37,82.52,6.65,82.59,70,A
S1596,Mathematics,,40.16,56.82,66.03,52.13,4.52,97.9,71.47,F
S1597,Engineering,,87.72,70.67,91.17,60.52,2.52,74.54,93.41,F
S1598,Engineering,60.2,61.22,94.91,67.58,86.12,0.38,89.3,63.39,A
S1599,Business,56.03,43.82,42.98,86.18,83.29,8.9,62.38,81.34,F
S1600,Business,75.55,57.76,88.66,88.87,53.67,7.97,88.1,89.41,F
S1601,CS,53.96,59.3,43.92,75.06,83,8.29,82.45,63.46,C
S1602,CS,,71.39,47.61,89.16,96.53,4.4,81.98,63.36,B
S1603,Mathematics,51.57,79.67,47.16,65.85,53.73,7.53,94.65,83.46,C
S1604,CS,55.34,84.94,99.65,,70.78,5.81,61.67,86.31,C
S1605,CS,77.5,54.75,50.81,84.33,86.47,3.75,68.42,97.99,C
S1606,Engineering,79.57,59.31,93.81,58.4,83.39,8.43,54.15,92.5,D
S1607,Business,51.45,58.5,99.46,63.68,61.33,9.99,86.31,91.1,C
S1608,Business,78.67,61.76,63.03,,58.15,8.99,92.19,84.62,C
S1609,Mathematics,91.93,99.98,77.86,,89.21,7.76,70.29,55.92,A
S1610,Engineering,86.12,86.68,86.75,74.67,97.81,7.48,67.84,90.46,A
S1611,CS,56.56,98.5,63.56,,88.38,6.5,82.93,96.77,D
S1612,Engineering,79.62,81.59,49.71,74.1,98.16,8.54,53.78,69.54,F
S1613,Business,83.61,64.38,66.03,94.07,80.25,4.93,64.69,65.68,F
S1614,CS,51.86,63.38,86.31,86.8,96.45,1.82,68.31,76.12,F
S1615,CS,92.77,69.31,86.85,65.73,84.52,7.68,75.93,97.82,A
S1616,CS,95.31,65.01,53.83,69.76,95.44,9.2,73.83,52.54,B
S1617,Engineering,92.52,89.7,50.5,83.38,58.08,3.41,60.43,85.44,B
S1618,Business,91.23,67.9,95.23,,90.78,7.83,77.04,90.73,A
S1619,Engineering,87.25,57.74,42.64,58.94,59.84,2.74,96.29,89.44,A
S1620,Mathematics,81.67,86.49,84.08,75.73,51.37,9.43,51.35,78.34,A
S1621,CS,83.93,91.27,42.79,55.94,75.88,6.83,84.02,96.03,A
S1622,Mathematics,,65.23,90.27,63.97,65.91,5.69,81.24,56.73,C
S1623,Business,83.12,80.07,94.32,84.3,52.18,7.8,96.22,62.26,C
S1624,CS,66.39,43.53,57.85,53.89,99.02,8.13,82.27,65.35,C
S1625,Mathematics,68.8,71.77,44.44,83.12,83.32,8.92,81.24,50.43,A
S1626,CS,94.85,42.7,68.84,95.04,95.09,9.01,88.49,68.53,A
S1627,Business,50.86,41.75,57.91,98.47,99.95,0.53,63.39,58.03,F
S1628,Business,84.94,76.78,65.03,60.83,69.6,1.23,79.79,86.23,C
S1629,Business,97.74,58.2,79.9,87.44,62.74,8.26,75.97,70.75,A
S1630,Engineering,85.31,84.55,52.59,96.32,59.19,9.46,71.92,85.22,A
S1631,CS,99.7,93.76,61.42,54.57,75.76,3.08,53.97,64.68,B
S1632,Engineering,84.38,48.36,86.95,70.7,80.3,0.09,64.63,56.6,C
S1633,CS,51.72,83.47,78.63,95.97,73.62,3.23,64,56.6,F
S1634,Business,91.35,70.87,59.58,60.14,69.36,3.83,86.21,60.16,B
S1635,Business,64.23,46.73,79.86,96.69,58.41,7.61,96.03,55.76,B
S1636,Mathematics,72.3,79.1,85.92,76.36,72.09,0.48,61.54,61.03,B
S1637,CS,65.6,76.57,75.55,54.99,54.26,2.13,53.73,78.95,C
S1638,Business,63.43,70.94,54.37,72.49,93.25,8.94,100,62.82,A
S1639,Mathematics,71.57,95.59,40.01,66.31,52.35,1.55,84.56,67.15,D
S1640,Business,68.94,71.26,88.17,64.11,69.03,7.59,94.32,52.64,D
S1641,CS,81.67,99.43,89.36,77.07,55.01,3.61,57.19,94.61,D
S1642,CS,,70.55,81.86,74.18,88.75,6.63,90.04,56.91,A
S1643,CS,64.85,46.95,44.59,74.1,65.64,0.74,90.67,67.43,B
S1644,Engineering,60.69,68.23,75.11,54.41,55.66,2.87,57.57,68.97,C
S1645,Engineering,83.34,50.94,89.26,90.12,76.57,4.25,58.07,88.61,B
S1646,Mathematics,83.52,75.83,63.38,74.07,95.81,8.57,64.77,74.18,D
S1647,CS,95.06,81.59,51.88,91.05,95.43,5.63,60.84,69.15,A
S1648,CS,50.8,68.11,75.26,91.23,62.48,0.45,98.77,84.79,D
S1649,Engineering,,45.86,89.58,65.86,85.98,8.02,68.15,79.85,A
S1650,Business,76.05,68.12,42.93,50.22,51.51,0.55,88.07,53.91,A
S1651,Mathematics,81.07,44.89,75.82,95.56,56.59,9.34,90.25,65.64,C
S1652,Business,54.57,80.93,78.59,,74.97,2.12,69.3,98.93,F
S1653,Engineering,71.63,87.42,76.14,55.36,61.44,4.88,84.13,74.17,F
S1654,Engineering,61.37,97.74,79,85.09,89.91,0.72,55.39,71.21,C
S1655,Business,62.71,48.93,77.88,51,96.55,5.62,69.85,57.5,C
S1656,Engineering,75.2,71.95,47.82,51.39,50.22,4.97,98.37,91.95,C
S1657,CS,90.62,74.05,54.1,,61.65,4.1,58.43,56.67,B
S1658,CS,87.19,95.35,77.14,54.8,71.98,0.36,69.29,55.25,A
S1659,CS,,77.64,41.06,98.22,78.15,8.79,89.53,71.95,B
S1660,Business,76.97,48.73,78.08,94.69,95.8,8.03,83.27,71.83,A
S1661,CS,71.37,66.18,79.92,82.49,94.59,6.33,81.58,99.07,D
S1662,CS,98.64,79.29,54.35,53.19,81.86,5.72,92.66,56.38,A
S1663,CS,78.01,82.02,75.89,66.24,62.87,6.95,51.45,74.19,D
S1664,Engineering,62.7,91.78,72.05,68.59,89.16,1.44,88.56,60.06,F
S1665,CS,61.5,50.83,55.64,74.04,60.13,9.33,94.13,85.09,A
S1666,Engineering,80.57,97.09,67.78,58.45,98.26,2.85,50.81,69.58,F
S1667,CS,76.14,43.55,94.58,78.88,50.29,6.56,77.95,82.42,A
S1668,CS,50.38,99.03,65.6,71.79,78.49,6.07,67.43,66.92,C
S1669,Engineering,91.5,91.47,77.79,,54.42,6.37,52.54,78.23,B
S1670,CS,85.21,79.62,42.12,96.81,70.38,8.79,70.89,73.46,A
S1671,CS,83.09,84.1,44.67,78.27,81.75,2.96,82.2,68.72,C
S1672,CS,53.44,44.36,44.88,82.22,84.48,7.49,95.95,76.88,F
S1673,Business,,42.49,86.69,56.89,89.28,5.98,81.03,69.19,B
S1674,Engineering,96.77,46.11,61.02,61.17,79.67,0.76,92.84,90.3,B
S1675,CS,93.13,45.24,53.66,95.04,62.57,4.14,56.08,74.76,A
S1676,CS,64.28,72.84,84.84,84.96,94.46,8.38,60.53,95.16,C
S1677,Mathematics,57.85,52.93,50.2,59.47,90.56,3.15,98.51,61.14,F
S1678,Engineering,72.45,91.61,54.79,78.51,58,4.82,94.37,55.61,D
S1679,Engineering,67.79,66.74,65.86,96.74,91.33,4.89,61.76,69.05,B
S1680,Business,84.11,81.73,59.89,67.26,98.63,6.18,81.05,59.18,C
S1681,Business,98.32,79.17,75.12,59.29,81.86,8.84,68.13,69.66,B
S1682,Business,68.15,59.19,60.27,97.1,64.09,1.74,73.43,60.37,C
S1683,Engineering,53.11,54.59,63.58,73.06,80.33,5.05,93.04,93.41,D
S1684,Engineering,94.88,60.55,91.77,70.86,67.13,4.24,86.79,78.4,A
S1685,CS,51.9,87.8,93.07,63.38,83.8,2.96,61.92,74.88,D
S1686,Mathematics,97.64,75.18,89.66,94.58,77.24,9.2,65.8,89.39,A
S1687,Engineering,83.23,55.21,91.89,92.28,96.47,0.08,64.49,56.52,F
S1688,CS,97.08,89.07,74.18,70.15,80.9,1.22,89.03,92.85,B
S1689,Mathematics,59.98,43.29,78.77,51.53,60.7,7.33,74.5,74.17,F
S1690,Mathematics,52.03,81.95,73.43,72.33,86.26,2.63,97.54,56.82,D
S1691,Mathematics,74.41,66.35,87.14,59.04,65.04,7.23,90.83,90.97,B
S1692,Business,72.53,83.88,73.06,57.14,63.62,8.32,60.56,73.04,D
S1693,Mathematics,,95.65,46.66,69.65,69.59,2.55,89.3,80.23,B
S1694,CS,97.88,85,88.57,54.95,50.6,1.92,75.3,94.68,A
S1695,Business,91.13,66.52,85.64,97.87,98.46,1.45,62.69,94.53,B
S1696,Business,83.08,49.06,89.22,,76.62,2,68.17,94.64,F
S1697,CS,58.14,88.38,51.43,,88.67,2.67,98.61,70.85,F
S1698,CS,86.72,67.64,56.3,58.14,62.89,8.69,74.2,87.48,B
S1699,Mathematics,86.35,44.52,57.75,,87.33,7.7,85.98,61.66,A
S1700,CS,71.25,83.14,70.48,53.94,78.36,0.02,73.85,91.56,B
S1701,Business,96.24,57.51,48.03,77.34,71.21,8.74,68.58,67.09,A
S1702,CS,,42.93,63.12,88.66,98.53,0.79,89.82,73.2,B
S1703,CS,63.37,94.17,50.93,97.5,74.69,6.55,92.42,94.57,F
S1704,Engineering,53.16,68.99,55.89,84.93,82.87,1.51,53.59,90.29,D
S1705,CS,89.77,56.86,82.38,,50.77,0.62,63.95,97.63,A
S1706,Engineering,81.09,82.98,91.29,54.43,65.07,7.6,75.39,68.17,F
S1707,Engineering,65.75,93.15,41.37,86.58,94.43,4.67,65.82,57.55,B
S1708,CS,58.19,40.02,73.95,60.77,87.95,5.99,89.18,95.52,D
S1709,CS,52.01,81.27,42.16,72.36,76.84,4.25,55.74,74.66,F
S1710,CS,58.34,86.02,45.11,98.83,95.01,0.67,89.89,94.47,F
S1711,CS,72.66,52.6,82.31,91,74.31,7.4,80.89,86.6,A
S1712,Business,62.36,69.38,84.14,92.33,78.33,8.2,64.47,93.74,F
S1713,Engineering,62.95,45.36,88.84,93.04,69.11,0.41,67.22,82.74,C
S1714,CS,93.78,84.8,68.45,80.98,81,3.76,59.14,90.62,A
S1715,Engineering,75.76,90.85,91.59,,65.95,5.57,62.63,56.02,F
S1716,CS,86.46,46.49,50.01,67.95,69.27,6.05,85.86,98.41,B
S1717,CS,51.79,88.99,54.98,,98.32,5.78,68.79,59.05,D
S1718,CS,68.26,86.29,48.07,63.98,55.57,6.93,84.37,51.23,C
S1719,Business,73.96,60.81,87.85,79.5,55.26,9.67,75.71,76.54,D
S1720,Mathematics,59.32,81.42,53.72,64.1,52.17,3.91,57.26,85.6,C
S1721,Business,56.01,40,49.33,55.6,66,5.57,74.95,85.82,F
S1722,CS,93.52,95.91,77.39,78.38,69.91,6.99,87.82,66.96,A
S1723,CS,96.97,73.02,44.62,67.67,54.73,5.92,64.88,87.69,A
S1724,Engineering,,77.22,42.69,79.16,77.46,3.87,82.4,92.13,A
S1725,Business,67.45,79.88,46.4,77.93,79.17,6.24,59.95,80.5,A
S1726,Mathematics,97.91,73.68,40.01,77.11,87.55,6.5,56.78,69.3,A
S1727,CS,54.16,91.41,81.82,56.17,98.8,5.85,68.01,80.68,F
S1728,CS,82.18,76.58,73.73,72.01,80.97,2.05,69.46,93.11,D
S1729,Engineering,98.61,94.47,52.59,90.6,55.58,5.06,88.05,95.02,A
S1730,Business,98.91,74.94,53.98,65.76,54.43,8.84,73,51.58,A
S1731,Business,73.56,50.27,88.66,72.19,88.88,8.69,54.06,56.12,F
S1732,Engineering,58.14,94.81,70.11,74.69,82.52,7.51,81.7,50.23,D
S1733,Mathematics,60.1,80.9,81.91,93.14,58.1,6.97,73.46,74.62,A
S1734,Engineering,94.48,81.95,67.17,82.78,62.67,1.53,66.58,71.82,A
S1735,Mathematics,95.58,99.13,54.26,55.01,87.51,4.59,90.11,77.29,B
S1736,Mathematics,80.39,44.51,98.22,93.26,78.31,1.11,57.72,84.18,B
S1737,Business,,65.72,73.94,91.6,79.25,8.17,95.66,68.29,A
S1738,CS,87,54.35,47.86,87.68,60.5,2.91,66.7,60.43,A
S1739,CS,83.09,77.83,64.37,73.3,81.45,7.67,73.05,69.74,B
S1740,Engineering,91.36,88.41,59.76,87.88,88.53,8.15,96.46,50.45,A
S1741,Engineering,84.27,97.98,52.85,73.94,94.26,8.92,88.06,91.47,D
S1742,Business,76.7,67.28,96.01,86.83,86.84,7.54,53.72,69.19,D
S1743,CS,61.85,87.17,92.86,94.01,78.82,5.65,78.91,81.14,F
S1744,CS,87.19,95.02,51.95,94.53,83.66,5.98,65.52,66.24,A
S1745,Business,73.67,81,61.13,72.73,74.26,3.21,75.42,80.74,A
S1746,CS,64.74,54.56,85.74,92.97,61.34,1.77,87.15,77.02,B
S1747,CS,90.1,76.47,52.51,,94.11,1.31,74.81,60.43,A
S1748,CS,84.84,98.2,75.49,55.09,76.63,1.82,53.55,81.27,C
S1749,Engineering,96.87,99.25,81.99,77.41,79.72,9.34,76.5,55.48,A
S1750,CS,58.27,78.54,79.24,82.59,99.51,1.64,51.21,74.05,D
S1751,Business,,93.22,82.38,57.65,99.25,7.24,67.42,85.99,F
S1752,Engineering,62.21,52.02,82.4,73.61,79.32,1.85,73.9,77.45,F
S1753,Mathematics,95.18,54.76,97.89,54.72,51.7,9.75,82.23,87.31,A
S1754,Engineering,54.97,97.17,60.79,80.1,69.81,3.67,75.31,63.66,D
S1755,CS,82.81,48.11,92.72,92.75,96.86,4.12,57.6,52.44,F
S1756,CS,89.55,51.47,41.31,86.88,64.42,4.05,96.61,52.8,A
S1757,CS,67.75,65.23,57.29,68.91,99.96,8.16,82.51,63.44,B
S1758,Engineering,97.71,75.38,42.92,99.69,54.22,2.18,65.85,70.38,A
S1759,CS,92.54,76.23,79.07,83.15,78.41,8.31,98.3,76.88,A
S1760,CS,64.73,57.52,46.05,90.76,75.77,6.57,94.13,87.88,D
S1761,Engineering,50.38,95.24,90.74,83.48,62.77,2.2,57.17,91.98,C
S1762,CS,64.83,94.91,78.8,99.47,97.43,0.65,82.77,84.68,B
S1763,CS,64.07,63.52,41.73,91.07,80.96,7.75,78,73.16,A
S1764,Business,94.5,66.06,82.89,75.97,61.51,2.19,59.64,63.22,A
S1765,Mathematics,98.36,82.15,91.72,68.34,69.2,8.89,61.67,71.39,A
S1766,CS,53.52,79.78,79.67,84.11,86.06,1.3,78.19,63.67,D
S1767,CS,73.56,62.94,41.83,79.51,64.88,6.16,66.06,81.22,A
S1768,Mathematics,77.42,64.85,91.48,81.47,93.98,6.92,91.74,90.91,C
S1769,CS,54.65,60.88,83.95,67.15,58.28,6.58,54.89,75.91,D
S1770,Mathematics,68.87,54.12,62.71,71.44,63.23,3.16,95.7,52.29,B
S1771,CS,65.85,67.49,59.72,77.9,57.24,8.76,92.03,96.99,D
S1772,Business,76.8,81.19,68.79,91.96,55.21,7.7,86.93,64.71,B
S1773,CS,83.06,84.52,92.03,88.15,65.02,5.1,63.13,95.73,D
S1774,Mathematics,85.17,86.73,55.12,,99.96,6.03,85.75,90.65,A
S1775,CS,56.84,62.48,46.06,62.28,54.72,5.66,71.94,70.66,F
S1776,Engineering,90.65,85.88,91.88,51.33,60.65,9.47,81.69,52.84,A
S1777,CS,83.93,40.39,41.58,,63.58,8.96,65.63,97.39,A
S1778,CS,94.45,68.62,94.66,61.22,80.96,2.35,91.79,82.95,A
S1779,Business,72.47,87.63,58.34,89.97,87.27,2.63,52.03,62.48,A
S1780,Engineering,,77.8,70.49,95.24,87.6,9.81,84.57,76.68,A
S1781,Mathematics,,68.44,47.94,69.59,50.43,2.37,91.43,81.77,D
S1782,Engineering,71.92,78.68,94.14,78.16,82.59,9.53,82.32,61.33,B
S1783,Business,69.06,94.42,84.99,85.3,81.54,6.5,59.6,54.68,C
S1784,Engineering,96.64,73.98,95.45,97.65,75.88,0.5,64.25,63.37,A
S1785,Mathematics,,87.99,80.99,95.65,68.96,3.36,75.75,52.38,F
S1786,Mathematics,96.41,98.84,51.08,52.86,89.87,4.76,66.47,53.5,A
S1787,CS,89.85,82.33,58.5,62.41,67.19,8.33,50.25,57.83,A
S1788,Business,80.46,74.4,69.21,52.46,61.5,3.29,52.03,57.92,F
S1789,Business,55.79,42.25,76.44,80.83,65.5,3.11,88.39,62.4,D
S1790,CS,64.57,62.47,95.59,85.52,71.98,9.2,54.19,96.87,F
S1791,Engineering,98.44,73.93,63.04,,60.7,0.79,96.4,78.79,A
S1792,CS,65.97,87.83,82.18,92.69,80.38,5.52,72.14,71.13,C
S1793,Business,54.66,66.29,97.66,72.64,94.21,5.04,87.91,78.19,F
S1794,CS,85.38,97.6,49.14,99.92,79.77,0.57,56.28,50.29,A
S1795,CS,86.7,56.31,91.76,50.02,72.33,0.88,96.33,94.74,A
S1796,Engineering,,84.67,65.24,55.47,89.84,3.82,51.69,76.62,D
S1797,Engineering,64.88,65.14,83.95,65.09,87.4,1.34,52.11,72.58,A
S1798,Business,73.44,69.16,57.61,51.28,68.35,4.78,52.73,97.08,C
S1799,Mathematics,51.09,88.15,60.04,89.12,80.21,6.09,55.17,86.52,D
S1800,Engineering,89.47,57.77,41.63,52.64,86.49,6.91,74.34,66.87,A
S1801,CS,65.85,45.81,98.28,87.45,62.27,5.46,89.41,96.81,F
S1802,Business,92.69,71.22,88.81,52.63,68.31,3.8,64.25,92.6,A
S1803,Engineering,90.13,71.73,45.64,62.64,55.29,1.3,87.29,97.73,B
S1804,Engineering,83.07,87.83,99.97,,99.38,2.47,88.7,54.81,A
S1805,CS,66.24,98.1,76.3,,54.29,4.19,95.41,97.76,C
S1806,Engineering,75.82,43.32,91.22,70.73,58.43,9.24,57.47,77.14,A
S1807,CS,72.24,75.5,44,98.5,73.99,2.03,56.78,83.61,B
S1808,Business,66.94,80.88,63.37,81.34,93.26,4.13,56.1,60.61,F
S1809,Engineering,92.41,99.15,80.18,70.79,67.79,7.32,67.97,57.02,B
S1810,Business,74.18,96.56,46.39,90.14,88.43,7.05,74.47,53.97,D
S1811,Engineering,,82.75,69.33,64.77,83.8,9.66,73.08,71.12,D
S1812,CS,55.26,71.31,66.56,,81.93,1.91,62.85,61.07,C
S1813,Business,57.05,49.69,52.96,82.83,92.25,0.17,81.1,54.08,D
S1814,Engineering,,63.05,58.02,69.52,50.71,3.22,66.91,97.75,F
S1815,CS,,75.11,98.03,56.8,96.46,1.5,68.3,86.67,F
S1816,Engineering,75.49,83.51,57.32,,91.46,5.48,55.28,75.89,D
S1817,CS,76.16,78.12,52.81,89.39,96.89,8.99,79.61,87.17,A
S1818,Business,60.76,82.85,72.17,83.8,89.68,6.88,82.76,80.57,F
S1819,Engineering,85.94,65.75,80.26,70.59,93.93,1.36,87.9,58.9,B
S1820,Business,54.24,83.66,83.51,94.81,60.15,1.16,95.2,81.67,F
S1821,CS,78.67,48.62,85.25,70.54,65.96,9.11,88.3,84.05,B
S1822,CS,78.54,49.76,42.21,,65.76,4.88,61.79,61.87,B
S1823,Mathematics,95.71,49.77,63.63,,55.46,9.24,61.78,66.01,A
S1824,Business,76.31,93.45,86.44,92.04,86.48,7.36,95.75,69.17,C
S1825,CS,,44.56,94.29,75.56,56.81,9.93,89.51,80.13,D
S1826,CS,78.64,88.09,76.13,84.03,52.63,8.71,89.11,56.34,A
S1827,CS,54.57,54.01,43.14,70.68,88.77,4.14,85.99,87.17,C
S1828,Engineering,60.19,68.11,63.8,82.36,95.23,7.58,63.36,67.3,D
S1829,Business,51.56,94.96,44.45,62.88,88.21,4.71,92.37,84.59,C
S1830,Business,,75.16,84.91,71.74,91.27,2.33,57.14,96.64,D
S1831,Engineering,54.23,52.61,43.81,60.48,79.78,2.41,67.5,93.49,C
S1832,Business,73.47,57.05,51.14,51.91,94.39,3.97,67.32,86.88,C
S1833,Engineering,96.65,95.23,65.02,79.43,74.84,1.11,78.01,59.67,B
S1834,CS,85.99,65.63,67.76,93.22,99.42,1.78,73.17,86.6,A
S1835,Engineering,,75.22,64.39,51.28,55.17,5.01,72.99,81.79,F
S1836,Mathematics,61.21,67.6,67.8,59.8,90.46,9.54,77.68,88.63,C
S1837,Business,83.68,62.71,82.79,73.01,82.07,5.78,70.77,93.44,B
S1838,Engineering,94.74,53.4,62.16,83.29,79.03,4.08,62.5,65.57,A
S1839,Engineering,51.65,81.17,72.87,58.56,86.29,2.43,83.21,82.22,F
S1840,Mathematics,90.62,83.09,58.2,52.83,92.01,1.96,89.53,63.76,B
S1841,Engineering,,56.49,61.22,75.95,93.14,6.58,73.95,67.31,F
S1842,CS,77.3,87.34,76.83,90.94,58.77,8.48,82.47,76.03,B
S1843,Mathematics,97.89,91.27,69.43,51.76,59.85,3.99,76.77,71.71,B
S1844,Business,87.38,95.24,83.38,67.47,50.81,5.51,52.95,80.03,B
S1845,CS,92.51,49.67,73.63,83.18,56.59,7.07,71.15,87.94,A
S1846,Engineering,67.7,58.24,88.21,56.54,63.19,0.58,50.49,80.25,A
S1847,Engineering,77.72,91.62,66.6,61.8,86.05,3.51,83.09,98.49,F
S1848,CS,80.77,51.91,69.46,76.77,73.79,7.3,75.41,86.91,A
S1849,Mathematics,66.08,40.21,80.2,97.66,87.9,6.85,56.34,99.25,A
S1850,Engineering,78.51,92.25,53.27,64.37,74.33,0.53,77.11,87.17,C
S1851,Business,61.83,59.59,63.16,74.38,77.78,2.38,94.92,75.4,A
S1852,CS,57.17,64.87,77.49,70,55.55,6.8,67.02,70.55,F
S1853,Engineering,68.7,66.78,41.73,94.87,88.83,2.71,99.12,86.78,F
S1854,CS,86.96,90.9,66.22,53.59,87.91,8.14,97.97,84.36,A
S1855,Business,95.81,60.27,75.93,78.31,65.38,0.3,89.27,83.44,B
S1856,Engineering,,93.54,98.04,92.31,66.43,1.9,90.69,86.09,B
S1857,Engineering,82.14,77.02,92.62,,60.98,2.81,70.53,93.61,C
S1858,CS,55.15,71.64,56.84,84.94,90.69,9.25,70.13,61.39,F
S1859,CS,95.22,59.54,70.43,69,87.35,7.96,97.72,78.24,B
S1860,CS,78.43,54.62,43.38,70.59,80.46,8.84,68.31,80.17,F
S1861,CS,89.02,77.44,54.45,67.58,61.94,4.4,54.84,64.64,B
S1862,Engineering,89.72,66.81,86.49,,58.59,8.23,57.64,99.4,A
S1863,Engineering,62.82,94.63,47.4,86.97,52.51,8.53,85.52,89.28,A
S1864,Engineering,76.46,69.5,55.46,90.97,52.28,4,69.15,66.06,F
S1865,Engineering,98.02,70.71,96.64,,59.36,9.94,59.97,67.92,A
S1866,CS,54.48,65,89.43,85.84,55.03,8.51,90.69,85.91,D
S1867,CS,84.15,87.36,86.91,95.81,77.81,9.74,74.43,50.57,A
S1868,CS,98.11,65.49,91.87,96.04,67.9,8.66,78.38,73.2,A
S1869,Business,65.03,56.16,84.98,85.2,72.25,7.76,57.7,67.16,A
S1870,Engineering,93.07,91.72,47.24,81.85,79.7,9.44,59.64,92.7,A
S1871,CS,96.68,75.81,70.99,76.58,82.96,4.2,56.29,89.56,B
S1872,CS,87.35,75.49,66.65,59.16,82.41,7.83,75.73,66.6,A
S1873,Business,61.57,76.65,58.67,,63.04,2.13,88.78,93.24,A
S1874,Business,66.7,83.13,90.04,74.29,90.48,7.33,86.61,95.68,B
S1875,Engineering,51.79,58.78,67.85,57.97,95.89,7.85,63.06,77.62,D
S1876,Engineering,91.57,42.03,43.62,78.85,65.8,7.17,92.58,57.96,A
S1877,CS,92.48,88.64,56.5,82.29,50.85,8.5,55.28,88.52,B
S1878,Mathematics,81.64,47.73,53.72,76.28,94.96,4.13,55.7,65.97,F
S1879,Business,67.63,83.31,93.25,51.82,96.18,5.45,92.47,76.36,C
S1880,CS,53.84,44.94,78.85,52.89,52.55,0.11,62.22,52.28,C
S1881,Business,87.65,62.52,73.62,,50.25,1.46,85.41,75,A
S1882,Business,86.33,43.78,70.4,57.68,90.82,6.44,50.45,69.01,A
S1883,CS,95.63,71.33,79.01,99.49,65.07,5.62,54.68,84.3,B
S1884,Engineering,86.53,79.19,85.29,67.22,95.73,1.97,80.46,52.04,A
S1885,CS,91.43,50.29,73.26,64.6,60.84,2.43,59.12,81.25,B
S1886,CS,87.3,62.3,96.3,52.61,93.06,3.44,51.41,88.6,A
S1887,Business,81.53,95.81,98.61,81.77,53.43,7.16,73.35,50.64,A
S1888,CS,71.35,66.54,99.72,82.61,63.03,6.1,66.53,87.5,A
S1889,Business,95.11,88.15,80.16,58.77,98.66,0.7,90.11,56.51,A
S1890,Mathematics,,95.63,95.96,95.96,61.56,7.6,90.94,84.9,A
S1891,CS,69.92,98.46,64.27,90.02,56.65,2.63,80.72,72.76,B
S1892,Engineering,54.17,93.9,91.58,61.52,92.85,6.72,64.65,77.6,F
S1893,Business,,59.04,94.55,74.29,55.89,1.23,73.08,66.87,B
S1894,Business,77.19,97.75,94.25,72.92,54.87,9.98,85.11,62.27,D
S1895,Business,63.78,88.74,89.85,67.43,66.17,0.8,53.47,53.55,B
S1896,CS,61.06,90.23,64.4,90.88,81.77,7.42,66.62,93.23,D
S1897,Engineering,76.37,40.91,49.53,55.46,85.54,5.41,91.12,80.52,C
S1898,Engineering,58.49,97.25,60.04,70.77,94.06,0.86,70.3,99.14,C
S1899,Mathematics,90.02,86.69,86.04,71.4,77.05,0.27,81.23,92.52,B
S1900,CS,74.22,86.08,53.97,73.44,69.67,3.63,54.82,93.48,D
S1901,Mathematics,78.69,44.89,68.7,,67.94,8.02,88.85,79.89,C
S1902,CS,57.37,53.95,73.92,60.91,92.35,0.41,55.02,54.05,F
S1903,Mathematics,66.23,97.74,76.23,55.15,86.19,7.04,93.08,95.67,D
S1904,Engineering,70.5,70.04,96.14,80.89,95.27,6.55,55.33,55.89,C
S1905,Engineering,,63.87,79.69,58.69,98.2,2.66,94.54,75.86,A
S1906,Engineering,88.51,90.4,87.18,53.75,65,0.77,68.19,92.84,A
S1907,CS,61.15,45.24,74.91,71.33,76.48,9.15,81.23,73.62,C
S1908,CS,80.81,65.02,90.01,60.98,81.59,3,92.33,58.28,A
S1909,CS,62.17,62.54,55.82,68.06,58.19,1.11,50.51,68.66,D
S1910,CS,99.41,60.99,52.59,62.99,52.67,6.82,63.28,99.42,A
S1911,CS,97.61,58.46,95.58,54.63,93.39,2.17,95.42,99.99,A
S1912,Business,78.16,52.6,81.61,78.02,76.78,4.76,69.41,85.54,D
S1913,Engineering,84.95,50.37,80.29,51.35,78.54,0.5,85.32,94.4,A
S1914,CS,90.07,78.42,68.04,98.32,77.75,9.93,57,52.21,B
S1915,Business,86.05,95.16,62.6,,87.75,4.48,83.92,63.8,A
S1916,Engineering,84.99,70.53,73.34,84.76,57.28,9.99,53.66,68.45,B
S1917,Mathematics,,57.88,47.23,90.52,80.7,3.86,85.87,50.6,C
S1918,Engineering,79.82,49.55,67.28,63.96,73.47,3.48,66.19,68.85,C
S1919,CS,81.82,89.81,67.32,87.44,94.85,9.15,73.29,54.65,C
S1920,Engineering,92.46,98.29,72.3,91.62,75.98,3.29,58.31,75.87,A
S1921,Engineering,83.49,60.95,78.08,62.07,97.15,4.32,81.39,50.22,F
S1922,CS,86.65,57.46,97.44,99.62,67.66,0.78,66.88,63.52,B
S1923,CS,61.71,76.09,79.13,51.03,98.34,9.55,69.17,93.31,D
S1924,CS,68.56,86.52,93.02,60.85,93.76,0.85,82.61,60.65,F
S1925,CS,57.37,67.32,73.38,89,79.21,7.71,58.94,53.24,C
S1926,Engineering,75.29,77.8,77.62,59.71,67.69,5.39,92.6,62.49,B
S1927,Engineering,72.79,82.99,44.19,84.91,68.8,0.61,86.96,91.38,F
S1928,CS,99.86,97.64,48,92.78,88.64,0.02,78.89,79.36,A
S1929,Engineering,80.56,49.9,74.78,97.96,79.03,9.36,56.42,79.3,B
S1930,Engineering,89.32,99.84,63.74,73.71,70.08,7.42,84.36,50.03,A
S1931,CS,66.7,63.53,87.93,,81.8,6.86,50.9,73.61,F
S1932,CS,91.58,83.39,72.59,70.58,86.66,4.39,90.22,63.28,A
S1933,CS,80.75,74.34,92.94,60.91,51.15,2.39,65.19,66.81,A
S1934,CS,84.85,69.2,98.34,75.7,54.49,6.8,55.86,79.93,A
S1935,CS,64.72,81.88,48.86,82.49,54.72,6.08,58.22,93.72,A
S1936,CS,77.43,63.75,63.69,72.9,61.6,7.26,98.16,59.08,B
S1937,Engineering,81.7,47.57,79.9,78.35,71.35,3.66,88.69,88.41,C
S1938,Engineering,79.45,69.33,58.33,70.82,90.18,9.87,61.89,52.45,D
S1939,CS,,71.31,56.02,76.24,67.55,0.67,98.17,66.34,F
S1940,CS,94.91,52.11,88.82,97.63,50.87,0.8,57.01,60.95,A
S1941,Engineering,98.55,96.14,98.82,74.99,74.17,9.17,86.68,95.78,A
S1942,Business,83.37,53.65,86.43,62.66,99.83,6.48,82.84,58.9,B
S1943,Business,98.6,64.55,71.42,87.94,67.45,3.26,91.07,78.93,A
S1944,Engineering,91.62,49.3,66.55,,98.06,7.62,69.08,58.24,A
S1945,CS,63.54,72.15,72.38,90.81,55.07,4.53,70.09,73.67,B
S1946,CS,,58.46,67.77,52.84,58.65,0.21,81.23,70.67,D
S1947,Business,61.92,69.36,70.17,66.61,86.21,6.51,69.91,52.07,D
S1948,CS,50.21,53.48,52.21,54.72,75.06,2.43,52.07,91.29,F
S1949,Mathematics,59.4,43.23,94.22,54.27,88.26,1.15,86.49,89.01,F
S1950,Engineering,50.2,86.75,85.27,82.92,93.18,2.25,82.05,63.89,D
S1951,Engineering,85.99,78.47,80.86,69.27,62.55,4.76,71.19,80.7,A
S1952,CS,71.28,60.44,97,93.57,84.14,0.5,65.14,68.13,A
S1953,Engineering,65.63,42.85,57.06,75.82,80.38,8.83,66.04,88.46,C
S1954,Engineering,88.09,91.93,44.87,64.77,93.08,5.6,87.05,84.62,A
S1955,CS,,50.19,89.57,86.04,71.51,2.93,86.46,54.52,D
S1956,CS,98.76,95.84,99.91,,52.59,6.87,90.95,92.21,A
S1957,Business,82.1,68.72,74.71,89.98,78.71,8.04,88.11,58.97,B
S1958,Engineering,73.08,60.42,43.53,,97.94,6.14,87.9,58.71,D
S1959,Engineering,65.26,84.51,86.83,58.35,50.73,2.02,62.59,86.69,A
S1960,CS,61.12,92.61,44.42,83.52,62.01,1.1,55.08,59.16,D
S1961,Business,60.65,62.24,72.4,69.58,65.8,8.6,88.09,56.12,A
S1962,Business,70.46,64.44,56.65,73.16,88.29,2.35,54.93,66.78,A
S1963,Engineering,99.59,65.99,94.9,96.08,66.16,0.2,99.11,91.94,B
S1964,Engineering,50.04,95.34,67.08,68,61.95,6.43,93.75,58.84,C
S1965,Engineering,59.86,81.55,93.91,80.6,82.43,1.53,76.67,66.95,D
S1966,Engineering,59.42,54.86,57.94,68.17,52.32,9.91,67.61,64.31,D
S1967,CS,85.86,51.1,63.24,54.74,58.53,8.7,76.34,67.8,A
S1968,Mathematics,,53.82,96.83,72.68,70.4,6.08,86.72,85.71,F
S1969,Engineering,72.86,55.81,52.08,79.85,67.78,8.34,87.82,70.27,B
S1970,CS,57.43,53.81,74.71,70.38,67.36,4.71,53.68,87.98,D
S1971,Engineering,70.25,79.51,63.31,69.53,55.43,7.88,90.24,82.02,D
S1972,Business,55.16,46.96,86.45,91.02,68.04,6.47,82.07,68.05,C
S1973,CS,76.65,63.24,47.76,51.48,89.9,0.29,52.03,71.61,C
S1974,CS,54.9,77.5,66.23,64.78,70.69,9.49,65.66,85.18,C
S1975,Engineering,89.53,57.45,81.94,90.59,79.31,8.61,75.53,76.74,A
S1976,CS,78.33,43.92,64.42,96.03,58.18,9.53,59.42,93.42,C
S1977,Business,86.2,44.91,43.51,70.61,53.49,7.31,57.76,96.66,B
S1978,CS,70.93,47.56,82.31,94.44,94,4.12,50.71,85.89,B
S1979,Business,69.07,90.15,70.19,59.95,66.57,2.07,95.58,99.46,A
S1980,CS,54.91,79.47,40.68,61.07,67.52,1.8,52.81,79.83,D
S1981,CS,76.19,43.87,76.76,,93.88,1.45,68.3,51.99,A
S1982,Business,75.73,63.46,95.19,95.16,85.39,2.21,60.29,75.24,B
S1983,Engineering,73.41,56.72,46.66,61.14,87.81,5.51,87.05,61.5,C
S1984,CS,87.03,74.68,75.44,52.97,84.1,6.84,85.36,66.69,B
S1985,CS,,71.37,83.72,,55.29,3.14,90.31,74.5,D
S1986,Engineering,87.54,68.87,44.25,63.07,97.9,5.49,80.84,64.75,A
S1987,Engineering,57.19,58.87,41.36,88.07,95.46,3.41,79.58,65.48,C
S1988,Mathematics,81.1,48.27,67.85,75.5,61.81,6.97,70.36,70.1,D
S1989,Mathematics,54.02,84.54,87.47,72.78,90.2,9.88,81.82,64.32,F
S1990,Engineering,84.73,92.79,49.64,79.21,70.47,6.89,55.76,58.48,C
S1991,Engineering,69.09,96.65,90.2,94.51,84.19,0.59,84.23,88.28,B
S1992,Engineering,56.62,43.52,79.39,54.52,58.28,4.77,55.19,69.76,C
S1993,Engineering,93.1,84.39,59.93,84.74,76.93,7.7,93.09,91.59,A
S1994,CS,80.7,83.59,70.95,96.34,56.33,5.42,75.28,94.14,A
S1995,CS,67.74,96.83,97.93,60.67,76.81,9.51,76.52,87.55,B
S1996,CS,51.54,55.17,52.99,91.89,62.18,0.55,79.24,69.83,D
S1997,CS,76.87,84.53,69.97,84.9,72.62,2.91,88.8,86.07,B
S1998,CS,96.16,43.28,77.47,50.72,83.4,2.21,73.92,57.76,A
S1999,Engineering,79.82,77.87,48.28,61.58,93.85,7.68,71.38,83.06,F
S2000,Business,98.58,61.05,42.61,80.29,58.26,5.24,64.42,70.3,B
S2001,Engineering,,86.13,40.81,75.12,94.66,1.38,56.4,82.78,B
S2002,CS,,91.8,59.48,76.4,69.5,2.86,59.52,87.74,F
S2003,CS,89.91,61.89,44.44,61.6,92.19,5.23,50.03,78.13,B
S2004,Engineering,76.28,71.54,88.23,,75.63,9.96,93.47,82.12,B
S2005,CS,,47.04,99.84,63.32,93.11,3.64,88.25,60.68,A
S2006,Engineering,79.14,65.01,43.68,69.47,83.14,1.57,60.93,79.63,F
S2007,Mathematics,80.59,61.65,65.96,68.45,75.44,4.97,50.12,73.02,A
S2008,CS,86.44,50.99,41.54,83.6,65.63,3.1,74.61,71.4,B
S2009,CS,88.06,93.67,48.04,54.51,98.45,5.66,70.63,70.52,A
S2010,Engineering,88.54,48.89,59.38,60.28,90.04,4.67,88.8,65.55,A
S2011,Mathematics,83.17,78.14,63.62,60.02,69.06,6.89,70.14,65.27,B
S2012,Business,60.79,93.41,96.39,55.42,58.34,9.14,93.21,84.99,F
S2013,Business,70.21,94.72,63.75,60.38,88.98,2.01,54.79,77.89,D
S2014,CS,88.81,87.59,69.78,80.35,99.5,8.21,68.29,51.5,A
S2015,Mathematics,,50.57,54.74,86.61,63.95,9.49,96.7,52.43,D
S2016,CS,53.95,89.05,40.01,83.02,95.79,3.74,50.59,78.51,D
S2017,CS,76.78,56.59,93.96,73.76,56.27,1.14,69.54,92.31,C
S2018,Business,65.63,95.34,44.9,52.62,97.61,8.22,62.99,52.2,F
S2019,Mathematics,61.27,82.55,97.85,97.95,87.27,7.01,76.59,75.36,B
S2020,CS,75.29,87.12,47.85,58.4,67.33,2.13,63.94,92.56,F
S2021,CS,80.3,45.1,76.29,83.42,65.23,4.45,93.5,50.22,C
S2022,CS,,74.97,99.96,95.64,82.17,5.78,96.86,63.79,A
S2023,CS,89.01,89.27,48.31,84.89,79.68,1.7,92.46,96,A
S2024,CS,90.99,91.7,65.44,60.9,95.95,7.15,69.93,54.07,B
S2025,Mathematics,98.28,41.72,86.83,65.79,88.31,6.9,99.5,80.35,A
S2026,Engineering,59.03,96.35,41.93,,77.02,8.87,86.75,75.37,D
S2027,Business,79.73,42.6,81.39,80.64,96.38,5.67,67.78,57.58,B
S2028,Business,,76.87,44.82,80.65,79.64,5.74,54.68,52.12,F
S2029,Engineering,66.74,81.6,54.19,86.28,92.48,6.19,83.35,75.13,F
S2030,Business,78.28,46.44,49.6,50.55,92.05,2.74,86.43,86.76,A
S2031,Engineering,89.12,42.88,94.44,90.89,95.96,7.59,56.12,58.86,B
S2032,CS,51.15,87.09,50.83,86.94,53.38,6.62,77.49,84.57,F
S2033,Engineering,98.47,63.08,42.43,57.04,79.19,8.39,99.35,77.32,A
S2034,Engineering,90.49,46.43,75.26,67.38,73.42,7.69,66.31,67.89,B
S2035,Business,87.56,85.76,60.77,81.93,74.53,6.39,65.09,83.22,A
S2036,Mathematics,88.02,90.95,64.34,74.79,73,1.61,95.17,59.6,A
S2037,Engineering,69.45,75.24,47.14,55.75,91.87,9.19,55.87,72.85,B
S2038,Business,87.58,49.67,84.89,54.37,65.92,3.67,96.68,77.47,A
S2039,CS,69.34,40.91,76.09,89.07,73.14,9.64,88.97,72.93,D
S2040,Business,,82.05,61.85,57.8,60.03,4.02,69.54,69.88,D
S2041,CS,,73.01,50.29,58.6,62.59,1.46,54.18,87.05,D
S2042,CS,64.62,79.05,75.61,91.55,83.02,8.85,50.96,82.81,C
S2043,CS,77.57,88.79,86.72,80.61,55.85,7.95,68.79,81.97,B
S2044,Engineering,65.96,66.05,58.74,80.24,59.39,7.86,85.27,94.59,B
S2045,CS,71.21,47.47,41.55,73.97,76.4,0.89,74.38,99.68,C
S2046,Mathematics,74.62,96.4,52.86,,52.19,8.79,86.93,78.36,B
S2047,CS,92.82,72.72,80.94,80.09,56.35,5.96,83.53,67.41,A
S2048,Mathematics,76.16,76.92,99.35,98.39,93.17,4.7,78.65,88.94,F
S2049,Business,68.12,96,40.8,61.15,92.31,9.13,98.37,57.1,B
S2050,CS,62.39,95.9,58.37,60.73,67.39,6.66,86.42,75.65,F
S2051,CS,70.43,74.33,43.72,52.86,67.4,1.33,95.73,76.23,D
S2052,Business,75.79,57.86,58.98,82.91,96.83,5.2,62.11,99.17,A
S2053,Engineering,87.31,99.83,64.35,77.45,51.29,6.37,85.68,99.55,A
S2054,Engineering,56.05,80.85,95.25,55.56,79.01,8.99,79.89,89.96,D
S2055,CS,61.08,64.51,44.83,68.23,79.87,2.8,96.21,73.65,D
S2056,Engineering,68.98,73.59,86.63,58.93,89.39,7.94,75.52,77.36,A
S2057,Mathematics,,64.95,63.73,66.57,97.59,8,63.98,65.99,A
S2058,CS,69.59,93.3,88.68,97.56,67.79,1.28,69.24,91.49,D
S2059,Engineering,89.68,68.95,70.8,84.17,71.89,0.17,60.94,87.33,A
S2060,CS,66.21,89.41,42.36,50.38,83.56,5.81,61,88.57,A
S2061,Business,75.09,90.41,96.77,62.63,98.36,7.89,73.52,56.93,A
S2062,Business,81.2,89.46,44.96,50.52,94.54,5.54,94.63,69.93,B
S2063,CS,61.61,83.33,75.86,85.74,83.35,8.13,59.59,76.87,F
S2064,CS,85.93,91.29,92.66,73.47,92.84,6.22,64.39,56.23,A
S2065,CS,77.36,63.23,44.79,99.7,54.26,6.53,92.65,68.43,A
S2066,Engineering,72.34,46.88,73.23,86.68,68.86,0.28,66.96,54.37,A
S2067,Engineering,,90.55,89.46,75.9,50.65,0.89,98.12,97.94,C
S2068,Mathematics,,69.89,99.18,,58.87,7.25,63.45,87.56,A
S2069,Engineering,94.16,47.64,83.46,85.24,81.52,7.63,72.11,81.04,A
S2070,CS,78.05,46.92,56.7,62.19,94.28,5.42,54.78,60.24,B
S2071,Business,80.46,49.55,81.97,76.51,81.64,5.9,99.61,66.71,C
S2072,Engineering,,85.06,82.35,77.8,83.21,6.14,94.51,57.22,F
S2073,Engineering,90.88,82.65,82,72.56,55.19,1.05,90.88,76.81,A
S2074,CS,80.08,52.23,91.26,58.96,83.24,6.68,57.87,91.03,C
S2075,CS,87.66,90.82,45.24,61.17,72.72,4.78,98.47,50.95,B
S2076,Mathematics,71.67,56.88,46.51,64.05,82.57,6.03,96.46,55.17,C
S2077,Engineering,77.37,87.58,78.44,,66.31,5.63,71.78,61.47,C
S2078,CS,53.1,69.33,97.23,95.85,79.07,7.63,84.08,85.7,F
S2079,Engineering,54.49,83.89,67.95,84.3,71.2,3.19,99.62,94.7,D
S2080,Mathematics,91.47,62.88,97.63,84.48,77.93,3.74,70.49,87.65,A
S2081,CS,52.98,60.83,96.29,78.62,57.35,3.92,55.65,76.25,C
S2082,Engineering,58.47,90.48,94.17,84.47,69.79,7.62,93.39,55.26,D
S2083,Mathematics,89.79,42.12,94.59,99.09,68.71,4.31,73.82,87.75,A
S2084,CS,50.06,98.48,93.9,69.26,86.82,1.77,99.35,55.28,F
S2085,Business,,78.89,89.19,85.63,85.32,9.83,77.54,67.38,D
S2086,Engineering,,65.95,81.7,67.98,95.44,4.93,51.47,65.4,D
S2087,Engineering,79.77,77.68,41.46,,81.6,1.09,74.59,67.96,C
S2088,CS,,47.36,47.94,92.9,65.73,6.7,85.9,66.48,D
S2089,CS,75.3,70.84,48.05,95.11,89.16,7.39,51.3,88.46,F
S2090,Engineering,75.47,99.11,41.41,50.27,74.85,5,70.67,58.59,D
S2091,CS,86.27,54.12,47,64.91,59.67,6.46,57.78,92.29,A
S2092,Engineering,74.93,83.34,95.18,56.7,87.37,1.73,82.15,92.91,C
S2093,CS,80.42,66.1,79.83,72.7,56.63,3.68,97.87,74.55,C
S2094,CS,94.89,79.15,58.72,74.77,58.91,1.62,81.23,55.31,A
S2095,Mathematics,70.07,52.29,87.6,62.8,87.94,3.87,84.74,78.77,A
S2096,Engineering,69.26,68.23,69.3,86.17,88.51,5.63,69.83,91.05,C
S2097,Mathematics,50.18,98.81,48.53,63.49,89.54,4.43,78.16,64.47,F
S2098,CS,80.67,51.72,93.07,92.69,64.67,5.93,77.19,91.89,B
S2099,Engineering,51.49,78.19,60.32,58.88,93.33,5.02,87.98,83.85,F
S2100,CS,75.21,74.54,81.93,,86.13,3.18,92.85,99.36,D
S2101,Business,90.21,73.9,57.44,81.11,91.7,1.43,83.14,91.24,A
S2102,Business,77.5,76.91,70,80.27,85.43,2.53,98.99,60.08,D
S2103,CS,63.48,70.13,88.98,53.9,78.98,2.01,91.41,72.45,F
S2104,Mathematics,89.31,41.02,49.41,92.31,55.47,7.07,56.23,55.18,A
S2105,CS,63.49,94.01,98.64,79.9,85.55,8.2,75.37,53.48,A
S2106,Engineering,86.65,89.62,44.21,93.49,84.52,7.2,95.16,85.3,B
S2107,Mathematics,80.51,50.45,72.04,93.38,65.62,6.44,97.2,95.65,F
S2108,Business,58.5,64.8,94.96,77.3,86.79,3.08,69.01,98.68,D
S2109,Mathematics,95.26,86.23,96.74,95.54,77.52,7.11,86.29,63.52,A
S2110,CS,60.03,98.8,53.93,92.42,77.97,6.05,70.53,60.09,C
S2111,CS,99.48,97.07,48.64,97.91,68.38,0.47,56.18,78.01,B
S2112,CS,50.37,93.96,83.46,92.52,55.84,9.08,94.23,60.04,D
S2113,Engineering,63.17,49.5,42.52,91.06,60.85,0.8,96.6,64.8,B
S2114,Business,59.99,94.87,69.11,73.47,88.44,5.03,75.24,91.86,C
S2115,CS,50.7,92.71,87.78,60.6,63.57,5.13,50.92,90.52,D
S2116,Engineering,86.62,62.62,73.62,95.54,50.11,8.37,90.8,94.75,B
S2117,CS,84.67,63.67,51.28,86.13,99.85,9.13,73.85,74.11,B
S2118,CS,89.62,67.59,69.22,64.09,60.53,9.4,53.75,78.2,A
S2119,Engineering,62.83,79.37,95.28,67.05,82.77,5.7,59.47,88.53,F
S2120,Engineering,,55.65,77.03,84.3,96.35,6.79,57.61,61.96,F
S2121,Business,,41.38,83.29,73.89,79.99,0.89,84.31,91.15,B
S2122,CS,71.99,48.47,60.18,54.07,89.95,4.88,64.97,50.88,C
S2123,Business,84.87,66.41,51.31,57.07,98.82,8.98,56.38,89.88,C
S2124,CS,81.7,56.92,55.34,,93.02,4.56,95.88,88.8,F
S2125,CS,55.73,85.87,71.99,66.43,77.9,0.7,97.83,65.09,C
S2126,Engineering,89.05,46.4,56.81,75.38,68.19,2.01,56.93,86.4,A
S2127,Business,,95.05,72.52,88.33,74.12,4.3,61.51,60.7,D
S2128,CS,82.79,93.72,82.47,87.56,92.09,2.38,79.61,78.81,D
S2129,CS,57.75,94.53,84.06,58.35,92.67,3.92,57.53,85.03,F
S2130,Engineering,63.4,84.38,49.88,54.92,92.29,3.33,57.93,85.73,D
S2131,CS,69.66,46.42,85.03,79.56,79.86,3.19,66.83,99.15,A
S2132,Business,64,66.29,80.36,87.08,73.85,0.91,97.46,59.1,A
S2133,Business,61.39,47.88,40.72,57.45,65.57,8.83,98.12,74.04,A
S2134,CS,90.27,99.26,43.53,68.6,50.17,6.93,92.09,94.01,A
S2135,Engineering,81.91,59.98,78.77,93.51,88.22,6.23,84.79,78.08,C
S2136,Business,78.27,75.12,63.02,97.21,63.85,6.06,86.03,93.82,A
S2137,CS,61.3,86.76,48.77,72.7,66.48,3.97,73.48,71.7,F
S2138,Engineering,95.9,95.24,42.66,53.98,92.17,8.23,76.51,89.77,A
S2139,CS,59.56,85.33,49.56,62.88,52.61,9.3,81.72,93.5,F
S2140,Engineering,89.75,80.47,97.45,61.65,96.38,0.06,86.56,92.32,A
S2141,CS,98.33,67.96,83.65,61.95,50.07,0.79,54.84,93.57,A
S2142,Business,86.35,76.32,71.66,74.69,96.96,6.75,61.24,60.98,A
S2143,CS,99.64,45.65,96.49,79.16,72.74,2.36,98.15,71.95,A
S2144,CS,82.55,93.04,77.15,56.13,55.11,9.12,66.76,58.73,D
S2145,Business,60.87,72.63,83.54,94.47,83.71,6.67,63.42,59.03,F
S2146,CS,60.19,42.41,56.96,81,94.79,3.68,71.1,74.39,D
S2147,CS,66.23,95.19,75.34,79.86,71.9,4.15,64.55,98,D
S2148,CS,50.36,69.36,48.61,99.36,84.57,6.91,54.56,79.6,F
S2149,CS,84.08,92.12,64.27,81.41,98.97,1.41,60.4,92.69,C
S2150,Mathematics,63.43,91.41,41.99,96.45,62.04,8.83,82.01,96.86,A
S2151,Business,90.76,88.95,53,64.31,91.02,0.05,61.16,54.33,A
S2152,CS,67.96,43.68,44.49,62.01,64.76,9.79,82.38,58.1,C
S2153,Business,74,54.82,63.27,75.83,71.32,1.68,55,64.54,F
S2154,Engineering,98.28,92.53,90.58,75.43,64.09,7.42,52.09,80.84,A
S2155,Mathematics,62.11,93.94,62.68,61.32,72.3,0.4,93.08,53.09,D
S2156,CS,86.06,67.48,89.9,84.98,50.25,4.31,88,89.33,A
S2157,Engineering,87.76,66.4,79.39,51.48,65.17,6.3,83.3,53.19,B
S2158,Engineering,61.05,50.51,70.57,84.53,72.26,0.7,51.54,57.92,D
S2159,Engineering,75.05,98.1,54.21,72.86,81.61,4.43,61.97,69.09,A
S2160,Engineering,67.51,52.79,95.33,,81.87,3.03,90.62,77.89,F
S2161,CS,88.6,51.46,43.25,73.85,79.19,4.98,57.23,94.08,B
S2162,Business,81.12,79.64,81.33,,64.65,5.05,90.64,98.19,B
S2163,Engineering,73.8,54.57,77.27,66.73,97.37,7.85,79.21,94.23,C
S2164,Mathematics,88.97,96.33,66.46,99.13,69.6,1.24,87.02,55.35,B
S2165,CS,61.76,40.65,54.42,53.25,60.84,0.83,82.23,81.56,D
S2166,Engineering,87.68,40.35,65.84,84.19,77.73,4.02,70.85,72.09,A
S2167,Mathematics,93.27,70.29,92.37,72.71,87.45,8.88,64.6,56.29,B
S2168,Engineering,93.93,69.28,90.21,91.11,50.61,8.55,83.64,77.76,B
S2169,Business,89.18,49.8,96.48,89.48,63.82,5.6,90.35,67.83,A
S2170,Business,70.4,69.67,58.47,90.01,91.25,8.89,52.24,67.29,C
S2171,CS,99.09,64.7,63.23,54.74,75.35,8.05,69,54.72,A
S2172,Engineering,,93.42,41.12,,70.42,2.78,67.54,98.94,B
S2173,CS,,40.56,96.58,60.7,96.55,1.7,77.97,86.3,F
S2174,Engineering,58.05,98.58,59.76,,54.48,3.01,55.7,64.02,C
S2175,CS,99.02,77.46,64.25,60.89,80.78,2.27,96.67,95.87,B
S2176,Business,,49.11,94.47,73.96,67.11,6.23,77.43,97.4,A
S2177,Engineering,87.67,42.81,71.6,87.11,53.54,5.85,96.19,90.52,A
S2178,Engineering,,72.29,73.97,60.93,60.69,5.98,90.85,82.97,F
S2179,CS,88.17,54.09,50.57,55.65,81.4,1.89,59.58,68.82,A
S2180,Mathematics,,58.07,69.92,,51.41,7.92,56.62,71.72,F
S2181,CS,83.59,54.71,95.09,99.19,79.61,4.34,93.06,72.75,B
S2182,CS,64.6,79.01,73.52,80.04,97.84,4.72,76.81,97.44,D
S2183,CS,,73.21,55.31,84.55,89.75,9.97,50.99,88.01,B
S2184,Mathematics,55.52,44.68,41.87,78.06,67.28,2.82,96.71,64.6,F
S2185,Mathematics,73.58,71.59,60.18,89.12,56.91,3.94,73.65,81.23,D
S2186,Engineering,,87.47,74.36,98.79,73.25,6.76,65.05,79.7,C
S2187,Business,67.45,44.87,42.56,77.21,69.65,8.8,75.83,90.61,B
S2188,CS,58.13,93.38,76.59,,98.59,1.27,91.15,54.77,C
S2189,Mathematics,61.5,74.7,71.4,93.02,99.49,7.35,55.51,85.06,C
S2190,CS,53.83,97.04,87.01,98.49,70.53,9.18,67.95,66.56,C
S2191,CS,96,48.89,41.73,56.46,57.44,4.23,65.94,56.48,B
S2192,CS,76.52,99.61,86.85,78.91,95.53,2.87,91.98,86.59,B
S2193,Engineering,69.84,78.66,71.25,,89.68,6.78,88.92,66.58,F
S2194,Business,,74.05,62.23,76.67,75.56,2.46,70.01,86.51,C
S2195,CS,81.41,70.92,97.92,70.46,68.27,3.84,83.22,58.12,F
S2196,Mathematics,,41.42,49.61,82.76,72.41,8.97,69.72,99.3,C
S2197,Engineering,58.93,96.38,72.48,63.51,95.09,5.9,78.57,90.17,F
S2198,CS,64.78,78.64,59.26,67.46,59.23,0.95,99.56,64.46,B
S2199,Engineering,98.79,45.5,71.65,99.61,90.34,3.3,76.78,87.03,A
S2200,Engineering,,41.26,73.14,81.82,50.91,6.27,99.43,56.79,B
S2201,Business,51.13,43.05,45.37,93.65,96.03,4.81,87.36,82.67,C
S2202,Engineering,57.38,76.56,79.67,90.39,75.01,6.6,56.04,52.98,D
S2203,Engineering,51.32,76.84,78.07,82.61,61.34,7.61,89.8,66.67,D
S2204,CS,99.5,69.98,86.17,92.04,50.14,4.81,58.06,98.92,B
S2205,Engineering,63.94,58.41,45.44,64.36,77.98,9.87,76.62,56.05,A
S2206,Mathematics,96.18,71.9,57.84,81.86,62.22,9.15,80.66,79.87,A
S2207,CS,99.79,70.98,79.01,79.53,81.56,0.6,94.61,53.53,B
S2208,Business,79.99,41.16,48.2,81.12,64.06,2.66,60.52,83.47,C
S2209,Engineering,51.66,56.95,80.66,58.43,54.4,3.01,93.8,63.93,F
S2210,CS,,43.19,43.54,63.86,75.25,1.84,96.72,65.5,C
S2211,Mathematics,74.08,94.01,60.1,64.33,78.22,3.12,54.47,66.89,D
S2212,Engineering,70.31,83.51,90.8,80.1,72.63,4.25,94.26,60.26,B
S2213,CS,80.31,99.77,86.46,98.63,72.9,0.52,62.96,97.08,D
S2214,CS,71.94,58.13,78.69,97.7,79.48,1.27,54.05,95.29,C
S2215,CS,,92.71,92.23,61.36,76.32,0.96,97.93,93.5,A
S2216,Business,76.74,76.18,82.56,65.24,56.63,0.46,69.61,55.32,D
S2217,Engineering,84.69,67.19,71.16,51.8,59.85,4.81,81.15,61.67,D
S2218,Mathematics,,53.35,98.78,69.94,57.09,3.34,77.64,80.61,C
S2219,CS,,84.3,81.69,91.73,84.66,9.35,60.66,98.52,C
S2220,CS,61.49,94.25,76.08,95.79,76.43,1.03,83.48,80.24,B
S2221,CS,55.37,54.12,64.53,61.82,71.49,9.26,52.31,66.36,F
S2222,Engineering,56.98,50.52,94.14,63.29,89.92,0.87,60.15,90.87,D
S2223,Mathematics,75.63,81.77,57.74,61.04,66.29,6.19,97.23,56.77,D
S2224,Engineering,66.06,98.62,40.55,67.51,78.41,2.48,97.68,94.09,F
S2225,CS,,85,51.8,90.24,53.72,8.27,74.13,98.73,B
S2226,Business,99.12,57.07,46.57,82.34,87.22,0.61,58.45,98.38,A
S2227,Business,57.84,65.2,59.14,89.3,84.76,9.53,71.08,57.38,C
S2228,CS,77.04,63.06,89.55,,90.12,0.47,93.85,77.48,F
S2229,Business,54.94,91.13,79.09,62.89,94.22,2.41,53.51,79.25,C
S2230,CS,65.92,86.28,50.14,61.4,87.9,4.64,56.39,59.75,F
S2231,CS,,75.34,87.33,50.45,92.22,7.56,94.78,77.34,A
S2232,CS,97.33,56.5,70.25,89.05,67.28,9.51,70.77,82.33,A
S2233,Engineering,69.56,96.28,70.76,92.36,67.17,4.28,54.17,66.45,F
S2234,Engineering,53.25,79.2,61.73,88.41,97.22,7.57,56.96,65.78,D
S2235,CS,69.41,98.23,91.88,53.72,95.73,7.27,94.12,53.01,C
S2236,CS,,74.81,59.1,88.11,77.42,5.71,74.51,97.84,C
S2237,Business,61.5,89.27,45.65,52.29,68.33,6.91,58.15,90.18,A
S2238,Mathematics,80.9,88.79,58.16,55.28,93.3,0.38,94.7,87.97,F
S2239,Business,53.37,60.24,82.92,72.02,66.17,4.42,92.26,51.09,D
S2240,CS,73.24,97.84,79.45,73.81,57.68,7.86,51.15,81.22,C
S2241,CS,80.47,41.32,51.28,90.81,81.97,4.74,79.05,59.03,B
S2242,CS,71.09,86.12,46.71,83.98,52.13,8.74,62.22,83.09,D
S2243,CS,50.96,97.93,79.65,,68.96,8.34,76.66,81.06,C
S2244,Engineering,,60.33,80.58,61.31,90.38,8.63,63.96,92.6,A
S2245,Engineering,68.36,78.89,61.97,64.28,64.76,1.3,65.79,62.77,C
S2246,Business,,73.73,90.57,56.18,96.57,2.44,80.09,51.37,D
S2247,Engineering,66.28,85.69,98.69,,97.79,0.3,76.94,95.71,F
S2248,CS,73.75,91.97,52.34,86.43,90.79,9.83,69.76,95.43,B
S2249,CS,69.42,76.18,74.62,62.07,99.38,2.36,55.38,72.79,C
S2250,Engineering,67.13,88.95,40.32,91.77,76.54,3.67,98.47,53.9,A
S2251,CS,51.09,58.74,82.78,73.48,78.46,2.75,58.73,74.9,F
S2252,CS,68,53.72,64.86,66.15,91.81,0.4,81.66,76.2,B
S2253,CS,94.47,65.84,51.6,70.62,74.64,2.61,54.14,91.09,A
S2254,CS,84.52,80.66,85.13,,70.34,0.98,84.42,85.86,A
S2255,CS,57.27,51.23,88.64,75.84,80.74,3.94,54.74,53.54,D
S2256,Business,79.56,80.82,46.67,50.36,82.88,9.67,61.48,85.27,C
S2257,Business,94.61,63.65,42.46,96.12,87.54,6.98,82.35,56.79,A
S2258,CS,85,87.73,60.04,53.3,83.41,7.07,64.15,54.47,F
S2259,CS,57.43,42.21,77.56,96.93,87.29,4.53,76.64,69.93,D
S2260,Business,,80.08,87.61,,83.73,8.11,56.23,53.87,C
S2261,CS,65.08,78.99,72.76,,74.02,9.08,60.12,91.46,F
S2262,CS,72.7,96.46,74.84,76.73,56.75,9.62,86.69,73.16,D
S2263,CS,76.31,82.8,87.99,75.29,89.27,0.99,51.76,79.35,C
S2264,CS,,87.78,71.73,53.64,51.54,8.8,55.59,78.84,C
S2265,Business,96.58,94.28,76.67,61.94,99.63,2.25,60.75,98.91,A
S2266,Business,96.48,80.5,70.97,88.88,91.42,3.97,51.01,95.79,B
S2267,CS,50.4,57.41,92.83,,83.55,3.45,54.77,92.46,D
S2268,CS,96.09,92.19,54.13,76.46,98.33,6.75,64.07,69.16,A
S2269,CS,52.72,84.85,55.84,67.67,80.62,5.98,54.65,57.25,F
S2270,CS,63.29,65.47,47.68,53,52.82,1.09,93.31,79.59,B
S2271,Mathematics,75.75,82.63,89.17,84.11,77.97,7.83,53.3,72.02,C
S2272,Engineering,74,92.06,64.71,63.92,63.86,4.4,93.05,61.28,F
S2273,Engineering,80.24,98.54,60.87,52.75,68.47,0.02,91.14,54.88,F
S2274,Business,73.97,97.14,98.88,83.29,72.98,4.15,55.04,71.8,A
S2275,Business,96.72,59.52,95.61,74.29,88.73,5.16,51.26,82.54,A
S2276,Business,62.03,65.3,98.32,,75.15,0.69,52.5,81.27,C
S2277,CS,63.7,46.57,48.54,55.55,73.73,1.51,79.52,88.7,D
S2278,CS,96.04,54.85,93.48,84.96,65.1,9.94,83.52,73.33,A
S2279,Engineering,,92.95,59.72,53.18,76.99,8.71,81.03,66.08,F
S2280,CS,80.48,61.65,40.76,93.3,62.42,1.33,77.07,76.94,D
S2281,Mathematics,84.09,77.23,63.48,65.57,63.05,5.8,58.73,98.75,A
S2282,Engineering,75.28,79.96,70.55,54.43,87.86,3.79,92.05,52.25,D
S2283,Mathematics,84.71,86.91,46.49,,67.13,5.44,66.38,76.43,F
S2284,CS,58.64,50.97,72.26,76.22,52.57,4.71,99.31,66.46,C
S2285,Business,92.63,58.29,89.17,65.33,67.18,0.48,69.24,55.27,A
S2286,CS,57,66.9,62.66,70.3,81.93,3.15,63.15,71.73,C
S2287,Mathematics,70.04,61.89,61.16,51.07,90.7,1.26,94.71,82.06,D
S2288,CS,53.76,98.97,60.33,,98.1,4.89,78.37,76.41,C
S2289,Engineering,77.26,90.1,95.39,68.29,87.31,9.07,86.09,51.46,B
S2290,Business,83.49,68.78,42.93,85.7,71.44,9.96,70.42,78.96,A
S2291,Engineering,97.06,92.76,66.7,81.41,64.96,9.44,94.35,61.6,B
S2292,Engineering,86.97,60.86,55.88,82.56,56.48,9.86,95.89,67.07,A
S2293,Mathematics,,87.15,93.63,89.64,81.38,0.15,71.84,65.61,D
S2294,Engineering,96.63,53.42,45.76,81.56,75.49,7.29,62.04,92.93,B
S2295,Engineering,,86.34,64.69,70.94,83.89,2.73,82.38,52.38,C
S2296,CS,78.06,67.39,64.41,69.5,61.86,8.66,97.73,67.4,B
S2297,Business,79.8,46.45,93.3,,66.18,8.14,81.12,69.74,B
S2298,Engineering,70.5,56.4,52.93,88.97,64.6,4.24,97.71,80.94,C
S2299,Engineering,91.92,64.14,78.69,88.06,89.88,4.73,67.19,89.45,A
S2300,CS,59.26,84.96,48.06,62.31,58.56,2.65,95.75,86.38,F
S2301,Engineering,77.74,44.38,97.24,93.13,80.42,2.89,55.63,87.63,C
S2302,CS,86.11,79.57,75.58,79.45,52.57,9.81,67.94,59.62,A
S2303,CS,95.2,82.96,77.58,73.93,77.48,8.89,74.72,95.59,A
S2304,Engineering,94.2,79.24,66.03,,53.2,1.92,82.66,70.71,A
S2305,CS,75.44,85.64,60.54,69.14,58.79,2.76,64.71,50.56,D
S2306,CS,,50.69,52.76,82.03,55.65,1.09,96.21,83.4,C
S2307,Engineering,69.71,75.23,76.24,54.49,67.34,9.89,95.17,80.2,C
S2308,CS,73.41,96.47,97.27,72.98,67.19,9.07,89.97,56.3,F
S2309,CS,95.31,76.65,61.59,99.67,91.32,5.52,55.72,97.99,B
S2310,CS,96.54,76.68,92.99,85.83,61.28,6.93,53.91,78.08,A
S2311,Engineering,94.77,84.19,48.93,77.34,54.32,7.48,74.91,73.46,A
S2312,Engineering,56.92,59.99,96.17,76.65,80.18,2.04,88.27,69.91,D
S2313,Business,,82.03,61.03,,84.37,9.35,56.16,60.49,F
S2314,CS,97.42,94.97,62.78,97.87,64.74,5.27,82.07,97.64,A
S2315,CS,68.06,40.65,67.77,96.41,80.14,0.92,76.39,85.11,B
S2316,CS,75.93,92.21,83.09,84.12,88.8,3.97,86.3,78.38,C
S2317,Engineering,88.95,53.12,83.18,54.95,67.38,6.02,71.77,81.56,A
S2318,Mathematics,78.1,67.36,68.78,60.39,76.27,3.53,84.66,92.02,F
S2319,CS,99.67,91.14,71.39,59.2,57.33,6.99,57.98,81.79,A
S2320,CS,72.79,89.43,41.8,75.98,51.18,8.82,60.73,55.73,C
S2321,CS,85.7,93.52,58.26,60.39,99.07,7.72,95.17,84.86,A
S2322,Engineering,89.63,96.43,60.76,,64.99,6.43,66.47,78.24,A
S2323,Engineering,74.71,66.83,73.52,77.26,63.95,5.12,99.28,98.32,D
S2324,Engineering,92.85,79.38,73.5,50.88,98.66,2.54,52.31,86.69,B
S2325,Business,77.31,63.43,82.59,87.2,86.41,4.55,74.79,67.2,B
S2326,Engineering,70.58,61.04,83.02,59.44,79.26,2.93,66.25,56.77,F
S2327,CS,55.39,65.9,54.11,91.24,84.97,9.34,99.8,74.11,C
S2328,CS,69.67,84.58,86.21,67.75,85.5,9.07,99.5,83.97,C
S2329,Engineering,86.7,70.09,41.18,66.93,88.17,1.56,61.76,58.86,A
S2330,Engineering,96.06,88.84,82.97,50.59,53.36,8.23,63.36,82.47,B
S2331,Engineering,62.58,84.71,46.12,99.39,70.64,7.03,87.48,91.28,B
S2332,Engineering,67.76,41.23,83.78,80.6,64.76,9.75,94.48,57.85,F
S2333,Engineering,,77.81,71.63,71.14,53.53,4.63,83.18,85.29,A
S2334,Business,84.54,66.19,66.24,54.83,70.63,7.22,93.24,53.41,A
S2335,Engineering,98.01,67.4,81.44,84.96,80.81,5.18,53.16,50.4,A
S2336,Business,82.05,89.1,42.18,64.14,58.92,0.69,82.03,51.63,A
S2337,CS,80.85,72.86,53.41,99.41,65.25,0.47,85.01,81.58,D
S2338,Engineering,77.67,93.14,76.99,97.53,81.96,1.22,59.52,98.67,C
S2339,Mathematics,54.42,82.77,90.83,86.76,78.97,2.96,88.9,88.57,D
S2340,CS,,73.17,62.87,98.55,93.44,2.59,97.21,62.72,C
S2341,Business,80.1,85.27,55.53,55.28,89.56,7.28,94.9,53.58,C
S2342,Business,83.07,42.3,71.12,,98.28,7.16,62.25,80.83,C
S2343,CS,94.94,41.63,77.34,62.66,79.86,9.71,66.2,50.16,A
S2344,Engineering,89.2,45,65.21,53.6,84.92,3.1,74.98,89.63,A
S2345,CS,89.05,66.25,92.6,98.61,93.03,9.38,57.92,62.16,A
S2346,Mathematics,,54.13,71.41,53,92,6.13,97.7,64.96,D
S2347,Business,99.5,99.06,42.15,92.83,85.94,4.95,58.08,67.2,A
S2348,CS,79.06,72.54,53.38,88.41,75.01,6.68,88.07,88.18,A
S2349,CS,55.44,79.74,67.04,68.79,63.66,7.03,67.07,63.29,D
S2350,Engineering,,56.73,81.86,50.94,93.86,1.72,78.69,64.22,B
S2351,CS,89.38,59.31,53.19,50.3,88.83,7.52,52.36,77.05,B
S2352,CS,51.39,60.13,98.58,60.2,91.9,7.25,60.25,73.15,C
S2353,Engineering,52.84,81.92,59.11,74.69,57.04,9.98,72.22,97.78,D
S2354,CS,53.36,68.42,71.95,72.9,65.74,9.12,83.86,63.17,F
S2355,CS,86.55,71.06,41.14,79.26,71.24,6.85,88.88,54.59,A
S2356,Business,,75.52,93.09,,91.92,7.12,51.51,77.05,C
S2357,Mathematics,68.44,86.13,87.33,68.87,94.64,9.46,57.62,59.23,C
S2358,Business,55.28,45.42,51.73,,64.24,9.67,86.49,70.68,D
S2359,Business,,86.61,95.99,90,84.32,8.27,90.65,59.36,A
S2360,CS,66.05,73.79,58.95,66.63,53.89,7.67,61.83,94.05,C
S2361,CS,63.27,80.15,81.53,64.34,70.48,1.11,61.48,66.37,B
S2362,CS,82.62,59.65,89.14,88.22,74.33,8.3,54.4,88.74,F
S2363,Business,77.95,64.56,84.45,96.71,88.28,2.53,57.51,97.43,A
S2364,Mathematics,68.12,53.87,95.05,95.75,94.6,5.64,50.4,97.03,B
S2365,Business,82.07,98.76,91.86,56.87,66.86,4.05,79.49,76.24,F
S2366,Business,,69.82,99.68,,76.39,3.46,95.19,99.16,F
S2367,Engineering,89.74,99.76,50.96,54.64,82.37,3.1,57.48,82.8,A
S2368,CS,61.47,69.39,58.29,98.05,66.43,8.55,87.57,56.42,C
S2369,Engineering,57.94,53.19,78.17,60.76,99.28,7.69,78.68,94.42,F
S2370,CS,89.12,70.45,83.98,59.87,93.79,5.23,97,73.43,A
S2371,CS,85.39,42.38,72.08,94.44,64.82,6.64,89.91,57.63,B
S2372,Engineering,59.13,94.29,44.44,98.39,75.4,9.85,92.64,89.57,C
S2373,Engineering,55.81,89.11,90.5,84.88,61.54,3.98,81.96,81.22,C
S2374,Engineering,91.92,83.55,97.65,56.05,75.73,5.51,90.57,94.11,A
S2375,Engineering,88.83,76.59,64.33,74.29,84.17,5.34,67.54,91.37,A
S2376,CS,66.36,74.79,53.49,90.83,54.28,9.36,60.45,66.01,A
S2377,Engineering,,99.8,41.16,78.62,93.51,3.52,95.63,62.82,A
S2378,Engineering,56.21,56.68,54.24,56.63,79.69,9.86,86.72,86.69,F
S2379,CS,,86.78,82,58.59,99.48,3.05,54.54,78.67,D
S2380,Business,50.94,74.88,94.7,93.21,51.28,1.09,93.35,53.49,F
S2381,Engineering,69.58,98.55,45.61,76.35,91.57,1.91,67.45,59.08,F
S2382,Engineering,53.74,89.67,73.2,85.29,89.6,4.26,64.91,57.57,F
S2383,Business,73.76,99.91,81.73,68.65,56.64,6.5,81.17,79.49,A
S2384,Business,71.08,75.3,56.58,76.62,66.77,5.17,78.43,54.29,F
S2385,Business,,52.27,74.19,,94.24,3.76,76.91,60.39,C
S2386,CS,52.27,70.22,82.91,66.49,75.92,5.62,62.74,77.27,C
S2387,CS,68.08,82.67,90.26,83.74,70.06,8.39,97.99,56.65,F
S2388,CS,87.82,86.46,67.15,58.63,95.27,8.39,97.51,62.41,A
S2389,CS,68.45,40.03,84.87,56.09,54.67,7.26,50.21,95.34,C
S2390,Mathematics,85.76,70.3,58.11,,73.66,9.52,66.89,84.86,B
S2391,Engineering,68.47,54.11,52.78,92.21,82.62,5.9,52.28,65.34,D
S2392,CS,,92.49,51.24,83.42,80.43,0.08,92.51,93.87,D
S2393,CS,78.19,49.17,61.53,,63.21,2.91,94.33,62.51,A
S2394,CS,97.53,79.99,42.15,62.03,78.17,3.28,75.91,79.45,A
S2395,Engineering,55.44,55.96,56.98,95.56,85.43,5.47,91.98,68.42,D
S2396,Business,51.65,61.39,79.13,64.44,79.24,9.05,85.17,87.61,D
S2397,Business,80.4,96.43,78.88,90.94,84.22,8.38,74.98,68.58,B
S2398,Mathematics,97.45,54.43,44.41,64.3,62.8,2.32,68.19,62.44,A
S2399,CS,99.49,45.7,57.24,96.97,91.64,5.19,63.31,80.39,B
S2400,CS,74.21,44.16,74.17,95.72,72.48,6.59,62.97,87.27,A
S2401,CS,73.4,70.28,59.11,52.16,99.36,9.88,78.1,76.82,D
S2402,CS,82.25,78.5,65.08,88.52,51.16,0.31,58.34,85.81,B
S2403,Mathematics,,59.64,82.77,,69.02,4.64,58.74,71.1,D
S2404,Engineering,81.7,81.42,40.56,60.76,59.02,9.88,50.52,89.77,C
S2405,Business,93.7,43.66,56.58,72.99,77.78,9.77,80.67,79.25,B
S2406,Engineering,87.32,91.44,48.54,78.82,62.16,3.31,99.72,59.81,A
S2407,CS,74.84,88.99,47.66,,86.87,0,94.46,94.54,B
S2408,CS,73.09,99.13,97.54,78.77,94.09,5.87,85.28,91.84,F
S2409,Engineering,81.98,96.19,62.59,58.53,60.54,8.67,89.28,98.2,F
S2410,Business,72.79,61.37,71.63,51.12,58.03,3.24,70.84,78.45,A
S2411,CS,72.89,63.96,84.03,78.56,93.77,9.34,64.9,83.79,B
S2412,Business,50.82,84.76,42.85,75.87,68.06,3.33,68.43,93.18,F
S2413,Business,58.7,48.04,54.46,,71.73,6.1,54.07,52.63,D
S2414,Engineering,74.43,58.84,89.93,82.49,61.05,7.22,81.69,95.61,B
S2415,Business,91.13,47.11,91.72,94.87,71.27,3.45,58.74,63.56,A
S2416,Engineering,63.94,67.29,62.38,72.97,61.57,3.52,88.14,52.85,A
S2417,Engineering,76.13,73.12,62.49,50.42,83.3,4.7,59.5,61.88,A
S2418,Business,67.25,52.67,85.41,,74.94,8.35,61.41,79.32,F
S2419,Mathematics,55.24,41.6,57.7,83.76,89.4,1.01,97.87,52.39,D
S2420,CS,97.91,83.16,47.03,76.07,65.64,6.31,55.27,50.04,A
S2421,Engineering,92.73,41.2,55.45,84.47,75.28,6.77,74.94,81.97,A
S2422,CS,53.92,98.4,63.24,,62.98,5.58,53.13,72.67,C
S2423,CS,85.99,53.3,43.13,57.44,96.72,9.36,54.52,92.22,B
S2424,Engineering,67.38,79.83,68.72,83.23,76.1,6.02,81.68,62.88,F
S2425,Mathematics,99.74,66.09,84.4,62.26,58.67,6.35,81.54,64.04,A
S2426,CS,65.12,43.58,70.82,72.82,63.64,6,59.66,53.88,D
S2427,CS,,68.33,44.31,74.58,54.15,7.22,93.62,76.93,F
S2428,CS,78.39,71.01,66.41,73.86,51.39,1.35,85.11,68.3,A
S2429,Engineering,91.76,91.28,82.53,79.92,76.3,8.94,65.03,66.99,B
S2430,CS,59.63,83.94,43.49,51.47,66.86,0.42,62.42,72.88,C
S2431,CS,85.47,44.76,43.59,99.48,98.19,6.41,87.71,92.48,A
S2432,Business,53.07,52.55,62.24,85.82,58.57,6.15,86.68,55.26,D
S2433,CS,95.95,58.71,51.7,71.27,89.7,2.08,57.44,76.18,A
S2434,Engineering,54.05,46.98,96.09,59.57,65.8,0.41,67.46,59.82,D
S2435,Business,95.71,67.41,74.88,54.01,61.18,1.39,60.83,60.62,A
S2436,CS,74.54,99.06,57.24,83.61,98.48,2.72,64.71,62.84,D
S2437,Engineering,72.4,70.88,82.29,65.85,90.13,8.82,64.38,72.97,F
S2438,Engineering,98.67,84.51,62.5,61.47,81.53,8.56,98.8,74.72,A
S2439,Engineering,99.52,80.98,47.93,69,84.86,0.64,87.51,93.58,A
S2440,Engineering,82.51,90.99,54.23,,99.57,2.89,89,94.61,A
S2441,CS,56.36,52.94,78.56,,79.66,8.89,63.87,79.33,F
S2442,Business,75.31,85.23,43.11,82.26,55.1,2.37,50.03,64.07,B
S2443,Business,76.46,92.88,56.36,,53.24,9.96,52.91,90.92,C
S2444,CS,75.72,50.29,52.5,60.94,83.33,2.57,77.65,89.64,F
S2445,CS,78.47,60.81,52.07,81.84,82.88,7.39,64.27,89.9,B
S2446,CS,50.94,98.21,80.97,55.06,87.41,4.17,59.65,50.82,D
S2447,CS,85.56,86.85,89.55,77.4,55.44,1.36,52.48,87.69,A
S2448,Engineering,85.62,56.96,82.95,79.2,97.25,2.55,93.79,92.64,B
S2449,CS,55.77,73.84,78.74,60.81,77.56,6.75,80.01,80.25,C
S2450,CS,78.51,64.26,94.99,69.58,82.48,3.37,55.37,87.56,C
S2451,Business,78.42,69.4,43.5,91.36,51.74,6.04,88.32,88.81,A
S2452,CS,84.12,61.31,50.05,57.42,98.05,2.06,87.79,75.33,F
S2453,Business,54.27,56.76,64.86,,78.13,4.49,64.47,90.68,D
S2454,Business,81.33,80.49,62.35,96.64,78.17,5.12,59.42,89.61,C
S2455,CS,64.04,86.71,65.08,,97.18,4.13,90.7,95.81,D
S2456,Business,75.35,92.44,52.39,86.26,96.47,1.98,66.48,96.07,D
S2457,Business,88.67,49.32,48.97,91.34,61.01,4.62,92.37,76.49,B
S2458,CS,85.28,89.37,70.55,60.19,96.55,6.93,52.18,51.57,A
S2459,CS,55.95,55.29,95.68,60.91,86.83,9.65,74.96,50.96,D
S2460,Engineering,79.56,65.64,63.52,87.93,50.95,7.9,58.98,96.95,C
S2461,Mathematics,98.46,94.09,42.6,87.67,61.99,1.61,83.6,66.87,A
S2462,Engineering,57.84,67.27,82.37,53.01,70.65,2.73,99.86,68.88,F
S2463,CS,92.65,51.82,57.47,66.12,79.14,0.79,70.63,73.5,B
S2464,Engineering,85.13,49.59,54.71,69.93,85.07,1.36,55.02,63.29,A
S2465,Engineering,88.7,68.38,59.46,91.45,60.51,2.51,65.88,79.52,A
S2466,Engineering,64.1,85.76,83.43,71.09,91.84,2,94.58,89.23,D
S2467,Business,64.39,99.83,89.13,96.3,92.29,2.14,88.29,62.87,A
S2468,Engineering,95.3,87.24,75.28,,81.75,2.31,61.61,87.15,A
S2469,Business,,92.62,59.35,89.04,96.05,3.01,97.68,83.6,F
S2470,Business,53.15,84.87,58.63,83.32,90.65,1.26,81.11,76.28,D
S2471,Engineering,80.03,93.73,47.46,69.59,61.08,2.78,58.4,66.27,F
S2472,CS,56.24,44.58,96,,89.93,6.88,78.62,93.64,D
S2473,Business,89.83,95.8,78.29,78.66,97.66,2.36,72.56,70.14,A
S2474,Mathematics,82.09,63.78,41.62,68.09,56.88,1.72,90.98,68.73,C
S2475,CS,93.74,95.3,79.74,67.54,98.93,0.68,67.21,82.07,A
S2476,Engineering,89.24,44.54,66.83,84.39,51.25,5,93.75,96.02,B
S2477,CS,55.61,82.91,98.35,73.18,76.11,8.42,90.6,75.4,C
S2478,Business,,84.14,89.14,87.6,88.69,0.59,83.73,86.13,F
S2479,Business,,99.81,50.28,69.91,89.52,5.42,62.93,72.84,D
S2480,CS,70.87,86.13,83.21,57.54,86.73,6.51,98.52,60.94,B
S2481,Business,98.62,62.95,69.13,73.07,76.47,5.92,77.43,56.2,A
S2482,CS,86.79,73.43,51.22,97.55,82.55,8.78,95.38,56.82,B
S2483,Business,50.77,61.99,81.92,90.08,85,8.66,60.79,51.07,D
S2484,Engineering,94,51.76,72.84,60.29,74.73,0.57,99.17,77.65,B
S2485,CS,55.04,54.91,41.82,69.57,79.78,3.61,90.8,56.56,D
S2486,CS,57.03,53.32,78.8,96.39,92.32,6.71,97.46,93.28,F
S2487,CS,86.72,72.93,78.1,56.18,65.64,9.52,60.62,99.14,A
S2488,Engineering,93.25,94.37,48.65,62.7,76.16,8.05,71.53,74.79,A
S2489,Engineering,76.82,94.76,60.94,63.11,50.42,1.77,54.88,72.48,D
S2490,CS,,43.29,75.15,78.55,84.37,2.79,56.85,67.4,A
S2491,CS,67.57,44.79,48.33,70.54,59.77,7.64,64.2,81.9,C
S2492,CS,67.14,54.71,91.16,53.99,74.05,4.71,97.58,80.4,F
S2493,Business,66.33,55.3,41.65,81.46,60.51,5.47,83.36,67.17,A
S2494,Business,,45.69,46.17,54.95,51.18,6.09,65.73,67.16,A
S2495,CS,80.44,63.31,46.97,80.32,74.16,1.03,97.73,82.24,B
S2496,Engineering,95.02,75.26,71.69,75.35,71.24,8.56,86.99,77.73,A
S2497,CS,65.35,74.69,77.21,74.68,71.26,8.63,95.35,85.93,F
S2498,Mathematics,59.33,72.61,64.22,53.37,60.44,4.68,96.36,97.07,D
S2499,Mathematics,91.93,60.32,57.32,81.96,97.36,6.27,87.54,88.98,B
S2500,Engineering,87.09,82.39,88.56,71.57,50.18,6.6,62.16,65.22,A
S2501,Mathematics,96.54,89.59,44.1,70.56,94.58,1.9,99.83,87.96,B
S2502,Business,58.28,60.78,56.82,79.82,86.85,1.13,66.25,72.5,C
S2503,Business,57.21,45.13,42.35,80.31,58.6,0.21,83.59,88.88,D
S2504,Engineering,,57.78,40.83,50.75,73.61,9.13,92.24,94.33,F
S2505,CS,80.72,48.24,61.2,56.26,99.44,3.46,58.76,62.5,F
S2506,CS,74.01,68.04,51.69,61.83,82.18,0.86,80.45,61.93,B
S2507,CS,79.95,49.36,56.1,83.9,56.37,4.66,68.76,71.63,A
S2508,Engineering,59.02,67.77,89.26,78.84,72.88,0.76,62.21,52.58,C
S2509,CS,73.98,53.26,49.78,87.88,73.41,0.85,50.59,84.28,F
S2510,CS,82.9,84.32,86.81,87.03,90.11,4.89,93.6,87.49,F
S2511,Engineering,71.64,41.65,80.5,92.66,95.81,5.09,56.79,67.27,A
S2512,CS,,73.28,59.59,68.84,54.11,5.8,93.91,73.26,B
S2513,Engineering,72.56,50.17,72.79,67.25,65.7,6.56,80.03,79.52,F
S2514,Mathematics,,40.06,66.67,91.55,64.92,6.68,81.05,53.68,D
S2515,Business,65.18,92.15,47.7,61.88,99.8,4.33,91.43,85.56,B
S2516,Engineering,,80.29,94.43,73.06,77.96,6.44,75.47,76.34,A
S2517,Engineering,,45.94,74.18,59.72,93.99,3.05,67.86,81.21,C
S2518,Engineering,83.43,79.84,92.81,95.69,71.3,4.41,56.94,86.19,F
S2519,CS,92.26,76.7,89.43,70.39,86.14,3.93,78.52,83.78,A
S2520,Business,67.73,68.4,44.79,,64.33,3.29,77.66,54.77,C
S2521,CS,52.3,65.16,52.44,,95.59,2.39,64.69,89.13,C
S2522,CS,99.34,93.22,48.72,62.23,72.76,0.78,80,80.5,A
S2523,Business,63.18,54.71,89.85,97.18,90.19,5.06,71.97,85.74,F
S2524,CS,56.33,63.9,91.75,68.38,62.79,5.37,90.28,63.08,D
S2525,CS,68.49,59.75,71.68,83.23,84.68,3.36,77.97,61.07,D
S2526,CS,86.93,86.27,46.25,,70.26,9.76,96.68,91.3,A
S2527,CS,64.7,94.99,48.14,90.36,51.57,5.57,75.9,69.52,F
S2528,CS,78.74,90.99,88.81,94.85,70.65,8.89,94.37,78.77,F
S2529,CS,,87.86,95.75,,77.5,5.7,76.03,77.58,A
S2530,Engineering,55.89,99.21,51.97,92.42,57.59,1.9,77.9,79.26,C
S2531,Business,66.51,81.83,40.67,55.09,59.2,9.75,68.34,53.48,A
S2532,CS,,85.06,59.86,96.2,73.24,8.85,70.01,65.12,C
S2533,Business,,98.97,41.83,81.22,67.14,4.71,96.66,53.32,D
S2534,CS,55.99,40.42,89.68,93.46,72.04,2.43,61.16,74.01,F
S2535,CS,58.17,78.04,69.49,84.22,73.04,2.23,56.07,95.1,D
S2536,CS,82.04,84.34,78.51,60.09,57,8.06,91.51,69.46,B
S2537,Engineering,90.67,95.07,64.69,,59.06,0.69,78.85,89.12,B
S2538,Engineering,,93.03,60.73,54.55,92.41,6.38,64.23,64.36,A
S2539,Engineering,79.77,90.52,53.33,84.79,58.14,6.4,71.62,92.81,A
S2540,Business,58.53,96.75,86.23,70.45,83.3,1.82,76.25,70.98,F
S2541,Engineering,65.57,72.24,81.73,57.59,70.93,7.05,79.61,67.76,F
S2542,Engineering,51.01,40.42,61.64,98.96,98.41,7.05,91.05,84.87,F
S2543,Mathematics,88.41,40.66,59.27,,53.31,3.5,69.72,75.64,A
S2544,CS,70.05,72.68,40.07,94.68,91.52,4.83,83.83,66.87,B
S2545,CS,90.81,66.12,43.81,89.44,74.57,8.33,91.74,52.9,A
S2546,Business,85.42,67.07,77.4,84.6,50.27,5.23,92.19,58.33,A
S2547,Engineering,91.44,64.02,70.88,82.75,63.18,6.18,62.71,88.62,A
S2548,CS,64.28,95.06,66.09,55.3,70.38,4.13,67.51,96.04,C
S2549,CS,59.26,61.55,89.65,95.03,65.71,1.5,79.75,58.44,D
S2550,Engineering,98.6,91.37,70.23,94.06,68.12,9.98,94.29,78.47,B
S2551,Engineering,85.87,94.17,63.07,87.39,95.83,5.32,89.52,51.71,A
S2552,CS,,69.97,49.68,96.37,68.05,3.36,79.2,64.54,B
S2553,Mathematics,50.66,66.82,89.24,77.65,70.94,7.14,99.19,72.44,F
S2554,Business,67.72,85.66,74.57,72.38,88.06,6.21,71.95,86.79,A
S2555,Engineering,87.14,82.48,45.55,98.4,89.69,2.33,92.12,52.21,A
S2556,Engineering,53.9,59.71,78.93,73.21,54.2,8.77,90.92,89.06,C
S2557,Business,78.37,46.15,65.5,82.07,85.2,0.71,95.4,60.13,A
S2558,CS,71.45,55.89,88.68,68.65,74.13,6.06,99.38,87.98,B
S2559,CS,50.88,47.86,95.13,81.82,56.69,4.78,74.78,81.27,C
S2560,Engineering,61.8,57.68,76.03,86,63.24,3.18,59.78,66.98,D
S2561,Business,64.24,55.71,83.9,81.23,52.25,8.26,73.04,86.19,F
S2562,CS,55.59,78.26,43.4,75.73,68.01,6.56,92.69,61.82,D
S2563,Mathematics,81.58,97.27,73.62,65.01,62.77,7.59,91.81,60.99,D
S2564,Engineering,62.12,81.14,85.32,82.19,69.11,4.15,66.8,53.09,B
S2565,CS,63.88,95.6,69.81,95.42,79.02,9.42,52.37,69.65,D
S2566,CS,,87.05,75.61,50.35,86.62,3.45,75.49,54.89,A
S2567,CS,73.36,83.67,93.94,56.7,80.27,5.31,73.71,70.98,D
S2568,Business,69.61,64.84,51.89,55.99,83.92,9.34,54.29,50.49,C
S2569,Mathematics,86.19,59.49,45.89,96.16,93.28,0.83,89.74,57.75,B
S2570,Engineering,95.48,90.78,81.44,83.14,93.69,1.09,64.18,96.62,A
S2571,Mathematics,51.25,94.32,89.37,97.59,93.04,9.94,82.29,89.78,D
S2572,Business,72.41,67.11,91.03,,57.66,9.71,55.07,61.81,D
S2573,Engineering,80.54,40.54,78.5,73.09,62.55,7.72,93.04,85.91,A
S2574,Engineering,65.93,87.55,89.99,89.62,75.12,4.84,86.96,83.42,D
S2575,Engineering,88.62,57.1,82.04,58.05,67.94,5.06,69.42,58.85,A
S2576,Engineering,98.57,40.59,45.24,69.07,56.58,2.57,81.47,68.55,A
S2577,CS,97.17,88.3,85.72,,64.39,4.33,59.37,95.69,B
S2578,Engineering,63.3,71.04,50.76,64.92,98.77,4.31,99.27,86.94,C
S2579,CS,61.32,81.11,54.2,68.56,67.35,0.36,89.81,88.02,F
S2580,Business,97.87,94.88,63.68,53.91,70.95,4.53,89.45,78.19,A
S2581,Business,72.93,72.47,58.87,59.9,50.32,4.8,57.67,83.28,D
S2582,CS,,70.19,59.3,66.77,85.97,6.66,50.89,75.44,C
S2583,CS,85.35,57.44,50.16,89.79,70.68,5.16,79.27,87.04,A
S2584,Engineering,,58.31,57.63,,55.16,8.62,57.21,86.64,B
S2585,Engineering,63.36,87.79,41.18,67.33,98.43,3.68,89.02,51.55,C
S2586,CS,93.96,66.94,68.37,53.25,88.87,4.1,70.8,81.59,A
S2587,Engineering,58.12,49.81,86.12,77.86,86.31,5.71,66.93,81.49,D
S2588,CS,,45.67,91.73,80.56,97.89,2.03,53.68,53.37,A
S2589,CS,63.46,68.38,89.23,93.28,70.37,3.93,99.8,70.52,F
S2590,CS,80.35,67.9,64.99,90.96,85.93,6.86,97.8,94.94,C
S2591,CS,56.15,79.21,83.83,64.27,60.31,4.12,56.58,97.67,D
S2592,Business,73.58,68.26,57.27,56.85,84.86,9.07,66.64,89.11,F
S2593,Mathematics,81.37,48.61,43.33,57.8,50.7,6.15,69.54,57.57,F
S2594,Engineering,92.44,70.47,80.56,98.45,56.32,1.54,64.84,68.74,A
S2595,Engineering,61.49,94.41,78.93,,71.26,4.87,96.72,59.13,F
S2596,CS,90.87,49.57,88.1,52.13,50.6,7.65,86.07,82.61,B
S2597,Engineering,61.75,81.39,76.97,56.84,73.1,6.43,97.8,88.66,B
S2598,CS,83.84,75.63,49.41,74.29,76.14,8.85,93.73,94.19,C
S2599,Engineering,71.53,84.92,91.19,60.39,81.08,7.5,87.73,93.03,A
S2600,Mathematics,55.73,49.04,77.64,90.18,55.02,0.62,84.85,54.96,C
S2601,CS,85.71,96.5,88.46,78.66,59.05,1.13,93.31,56.28,B
S2602,Business,,77.26,86.45,80.63,80.66,6.5,84.21,95.48,A
S2603,CS,58.83,90.82,57.87,73.14,82.91,2.38,59.44,92.19,D
S2604,CS,67.92,54.8,44.47,62.8,51.3,5.88,82.41,73.02,D
S2605,CS,82.66,84.36,50.59,79.47,77.02,7.92,75.75,71.5,B
S2606,CS,61.7,86.86,45.57,85.85,89.25,5.77,99.09,77.64,A
S2607,CS,59.18,63.85,54.6,,53.46,4.15,75.5,79.83,F
S2608,CS,,63.04,67.57,75.25,70.66,6.46,51.92,62.71,A
S2609,Engineering,73.58,79.47,94.41,91.98,66.33,1.44,63.21,70.19,A
S2610,CS,71.43,45.6,92.32,57.43,95.68,7.23,95.87,80.98,B
S2611,Engineering,61.69,84.14,83.12,77.26,59.29,6.97,98.12,60.31,D
S2612,Mathematics,52.68,42.57,41.45,67.42,65.92,5.14,86.42,99.94,D
S2613,Engineering,71.46,51.44,60.48,85.14,94.92,2.79,52.84,64.15,C
S2614,CS,89.41,79.85,80.94,50.94,66.53,7.98,51.18,77.62,A
S2615,CS,85.76,45.9,47.74,83.52,76.57,5.11,73.98,77.71,A
S2616,Business,93.04,98.31,88.07,55.14,51.65,0.59,99.98,72.57,B
S2617,Engineering,50.48,92.1,94.87,53.24,99.25,9.19,93.46,62.08,C
S2618,Engineering,98.32,77.58,61.25,86.23,91.25,7.68,96.66,78.27,A
S2619,CS,67.07,89.14,82.35,82.02,81.72,5.85,81.18,54.55,C
S2620,Engineering,99.52,93.25,48.89,94.75,53.04,4.37,92.96,69.35,A
S2621,CS,62.63,55.57,81.45,75.98,53.74,9.6,65.98,61.21,A
S2622,Mathematics,,90.96,41.29,76.5,77.25,7.75,51.37,56.21,F
S2623,Business,67.7,51.69,49.05,85.35,64.25,5.35,95.91,96.27,D
S2624,CS,67.79,64.8,82.59,66.17,81.14,6.53,60.92,85,B
S2625,Engineering,92.11,73.5,82.71,51.85,79.91,2.81,86.42,58.44,A
S2626,CS,,82.83,78.47,61.5,91.93,1.96,82.95,97.47,B
S2627,Engineering,99.61,41.81,68.64,61.9,64.07,2.73,57.91,60.8,A
S2628,Business,80.68,57.43,80.49,66.78,78.89,2.93,59.79,61.78,B
S2629,Engineering,73.16,76.51,86.43,97.17,88.87,7.4,66.45,56.66,C
S2630,CS,,61.44,97.99,90.24,74.54,1.4,87.85,86.39,B
S2631,CS,99.83,86.5,93.32,96.8,91.53,7.78,51.96,78.54,A
S2632,Business,77.58,79.1,87.67,99.93,56.56,5.23,70.35,52.91,F
S2633,Engineering,85.02,54.06,81.69,71.69,86.69,3.85,83.26,51.26,A
S2634,Engineering,70.34,48.76,74.45,61.35,97.15,3,58.57,76.63,F
S2635,CS,77.39,77.74,47.24,78,66.59,5.13,55.97,82.58,B
S2636,CS,97.13,67.03,49.93,94.06,68.32,3.18,69.51,91.14,B
S2637,Mathematics,58.32,50.14,89.22,,54.18,4.29,64.33,73.91,D
S2638,Engineering,64.62,59.58,88.2,75.27,82.07,7.39,82.45,83.83,A
S2639,Engineering,57.6,58.18,76.87,56.72,77.62,6.26,98.48,86.68,C
S2640,Engineering,89.61,46.49,66.33,71.02,52.02,7.48,50.22,80.65,A
S2641,Business,53.1,72.81,41.56,,87.61,7.13,95.12,67.61,F
S2642,CS,54.08,85.82,59.63,67.58,91.46,8.15,71.66,56.59,D
S2643,CS,64.92,74.53,65.24,94.36,95.36,2.02,83.2,82.38,D
S2644,Engineering,75.71,89.58,69.15,52.97,77.29,9.95,92.55,88.43,B
S2645,Engineering,,47.65,95.76,98.61,72.63,4.76,78.67,59.49,D
S2646,Business,,66.14,46.52,,93.81,7.18,54.87,74.74,A
S2647,Business,97.87,76.56,71.13,97.28,69.93,6.78,57.03,69.86,A
S2648,CS,97.64,80.56,62.08,77.4,82.77,5.66,89.46,60.29,A
S2649,CS,63.97,81.75,99.41,85.12,80.77,9.96,61.45,62.27,A
S2650,Mathematics,86.58,83.74,91.71,59.36,68.61,2.17,78.45,61.88,A
S2651,Engineering,78.93,79.09,66.33,82.71,54.34,4.22,71.4,70.95,B
S2652,Engineering,61.87,45.65,99.98,94.1,51.07,1.28,65.18,69.52,D
S2653,Engineering,63.11,81.72,70.84,56.97,71.41,1.82,89.35,77.71,B
S2654,Engineering,74.56,83.49,50.03,56.35,74.06,7.13,86.56,54.66,B
S2655,CS,70.96,99.61,73.35,65.2,91.13,0.05,82.31,79.06,D
S2656,Business,64.56,81.6,53.57,58.09,70.72,8.9,68.63,51.09,B
S2657,Business,90.38,81.21,78.18,,64.06,6.33,61.32,62.87,A
S2658,Engineering,74.07,70.89,96.25,83.92,73.1,4.41,75.79,75.11,A
S2659,Engineering,82.74,92.08,87.17,60.69,61.9,3.31,90.86,84.35,C
S2660,CS,59.46,99.81,56.39,83.35,54.57,1.26,78.78,88.56,D
S2661,CS,76.68,86.74,57.81,93.1,55.65,9.22,98.51,51.78,F
S2662,CS,65.9,76.75,44.16,82.6,65.96,7.12,50.77,76.87,F
S2663,CS,76.32,44.74,57.15,55.97,50.63,3.36,99.92,67.72,D
S2664,Mathematics,,83.6,45.56,78.68,61.01,0.71,84.57,84.75,D
S2665,Business,88.45,82.51,69.97,69.68,89.38,3.26,91.63,64.19,B
S2666,Engineering,67.71,86.53,82.5,67.17,61.73,1.85,66.75,87.19,A
S2667,Engineering,84.71,47.47,85.07,65.93,55.54,7.86,75.42,80.11,C
S2668,CS,97.06,79.22,43.57,96.47,97.45,7.2,89.85,89.48,B
S2669,Mathematics,,57.74,60.4,87.13,81.12,4.98,88.03,99.22,F
S2670,CS,57.42,85.62,57.29,,53,8.86,66.7,95.43,D
S2671,CS,83.99,54.42,46.26,,53.11,1.81,66.22,79.66,A
S2672,Engineering,55.25,81.04,61.75,65.91,80.61,4.52,83.14,94.69,F
S2673,Business,93.61,57.7,57.96,98.9,77.01,7.11,96.68,57.65,A
S2674,Business,75.83,40.54,78.07,98.9,53.42,0.68,71.94,52.15,A
S2675,CS,69.26,78,93,65.98,61.22,3.73,67.65,76.66,F
S2676,Business,52.85,46.8,67.29,67.61,96.45,5.72,94.73,98.72,F
S2677,CS,69.04,79.56,84.8,79.97,78.6,3.67,84.15,85.49,F
S2678,CS,,95.54,48.76,73.97,72.02,4.8,69.41,65.26,A
S2679,Business,51.05,98.15,93.7,60.66,62.51,6.08,52.86,83.44,C
S2680,Business,73.73,54.16,49.16,83.02,56.68,3.68,86.07,52,F
S2681,Engineering,96.56,88.56,51.53,66.71,70.13,1.06,67.64,73.53,A
S2682,Engineering,69.74,61.21,46.39,82.69,96.12,1.39,53.53,61.86,A
S2683,Business,71.41,94.03,58.58,69.18,52.44,5.27,80.61,52.46,C
S2684,Business,78.93,87.25,73.14,85.01,99.55,1.75,66.15,62.5,F
S2685,Business,73.15,44.44,99.28,83.39,60.39,8.9,66.92,86.12,C
S2686,Engineering,58.43,64.43,87.6,75.44,70.44,8.34,73.96,77.56,F
S2687,Mathematics,50.93,60.24,62.83,85.24,52.25,3.49,85.87,51.17,C
S2688,Mathematics,80.49,87.11,74.55,73.05,79.24,8.31,63.82,70.49,F
S2689,CS,96.04,64.62,77.4,55.81,74.18,5.33,54.05,87.61,A
S2690,Business,55.32,81.08,89.36,59.11,83.34,1.59,71.22,97.73,C
S2691,Engineering,60.55,76.15,84.19,62.3,77.13,6.14,52.75,93.72,B
S2692,CS,68.51,98.54,74.16,53.16,69.91,6.79,84.86,50.08,B
S2693,Engineering,90.44,96.27,80.15,85.57,86.89,0.84,97.96,60.94,A
S2694,CS,63.46,65.66,84.76,68.37,51.25,3.14,82.94,60.39,C
S2695,Engineering,94.1,83.41,47.99,54.68,77.05,0.05,63.77,70.65,A
S2696,Business,52.75,89.77,52.03,91,55.69,3.16,59.09,82.29,F
S2697,CS,97.05,93.93,81.32,84.18,71.8,3.35,61.64,57.65,B
S2698,Engineering,78.04,44.09,91.03,72.61,89.56,6.3,61.08,95.78,F
S2699,Mathematics,82.94,58.12,64.56,62.37,57.12,1.99,65.69,88.86,F
S2700,Engineering,68.38,59.21,98.79,57.59,96.79,0.3,54.87,70.97,A
S2701,CS,,66.07,52.96,72.92,94.43,3.16,94.79,79.2,D
S2702,Engineering,58.33,50.16,65,94.26,70.75,8.26,94.26,77.09,C
S2703,Engineering,52.45,69.77,62.71,59.42,50.3,3.99,80.76,79.11,D
S2704,Engineering,69.78,79.79,95.82,78.43,89.49,4.15,53.1,93.01,A
S2705,Business,92.68,69.84,57.12,98.08,94.04,4.69,90.2,60.01,B
S2706,Engineering,87.75,79.95,68.25,81.86,58.74,7.52,53.09,84.19,A
S2707,Business,75.86,43.99,51.23,72,95.81,4.8,55.32,55.35,F
S2708,Engineering,78.61,92.56,71.28,85.82,95.7,0.91,66.26,72.96,F
S2709,CS,56.49,96.34,91.44,91.23,73.56,2.06,71.57,81.79,D
S2710,Engineering,92.03,77.07,58.24,,89.9,1.88,67.69,50.63,A
S2711,Business,89.35,92.88,88.65,93.59,72.25,5.08,58.26,55.4,A
S2712,Engineering,82.82,47.89,94.68,75.73,78.2,0.3,55.61,54.56,C
S2713,CS,73.31,87.85,44.38,91.5,65.99,2.84,92.97,68.73,F
S2714,CS,98.22,47.15,85.39,97.6,57.97,6.07,68.16,81.1,B
S2715,CS,93.95,64.48,55.32,75.06,87.33,3.55,60.93,99.8,B
S2716,CS,,59.43,50.52,80.25,50.07,7.08,74.35,62.7,D
S2717,Engineering,68.59,75.14,76.07,80.47,78.98,3.91,51.84,56.8,A
S2718,CS,80.9,58.09,82.34,89.07,93.23,9.79,80.01,70.74,C
S2719,Business,78.77,78.24,63.69,91.15,61.06,9.65,62.42,57.3,B
S2720,CS,,62.04,42.35,51.36,66.64,8,79.91,51.23,B
S2721,CS,65.33,91.65,94.52,86.67,79.37,9.54,80.71,78.2,D
S2722,Engineering,70.35,78.03,83.84,89.19,62.34,2.05,90.46,93.98,C
S2723,CS,78.7,52.92,56.3,85.02,92.37,7.51,61.5,93.04,A
S2724,Business,71.41,60.17,69.81,,68.33,3.22,73.17,55.04,B
S2725,CS,63.18,90.85,41.67,52.07,79.08,7.25,98.09,57.37,F
S2726,Engineering,88.05,63.19,60.36,72.1,61.31,3.74,86.36,74.56,B
S2727,Business,76.57,72.15,71.35,90.91,52.07,2.89,98.77,68.39,C
S2728,Engineering,53.38,78.94,71.03,96.7,58.69,9.59,96.37,85.15,D
S2729,CS,68.42,60.87,52.49,61.47,52.31,2.1,80.54,74.75,A
S2730,Engineering,94.25,57.64,86.6,78.96,73.43,7.59,63.2,51.01,B
S2731,Business,87.76,68.52,57.93,90.22,79.33,6.75,87.85,64.23,A
S2732,Mathematics,66.16,52.89,74.82,87.62,52.23,3.03,84.91,95.07,A
S2733,Business,96.91,57.05,56.29,80.94,54.52,4.58,79.44,75.58,A
S2734,CS,53.83,43.72,65.51,50.93,74.28,1.43,84.89,89.9,F
S2735,Mathematics,98.06,58.24,52.45,,89.96,9.21,80.68,70.11,A
S2736,CS,62.29,59.24,77.98,,81.4,9.68,75.97,83.85,D
S2737,CS,50.45,97.71,65.54,86.14,55.24,7.32,70.8,58.45,D
S2738,Business,71.69,75.38,40.97,88.29,94.38,8.49,52.24,86.83,B
S2739,CS,67.95,87.24,41.69,71.55,95.87,0.83,93.28,89.33,C
S2740,CS,76.95,42.72,68.27,99.69,66.25,3.84,93.28,54.51,C
S2741,CS,89.84,46.39,50.99,88.54,80.8,3.31,79.7,59.17,A
S2742,Engineering,,88.87,75.1,78.93,74.62,5.65,63.39,73.14,D
S2743,Business,70.06,77.41,64.49,96.71,97.1,1.83,51.41,81.87,A
S2744,Engineering,71.49,51.46,79.27,95.41,75.44,5.63,50.07,81.87,B
S2745,CS,57.41,64.29,97.14,90.73,98,6.54,53.65,83.41,F
S2746,Engineering,52.38,72.32,71.72,78.18,59.97,1.32,67.99,85.72,C
S2747,Mathematics,82.06,90.62,87.24,,67.28,1.32,59.42,75.29,A
S2748,Business,53.22,43.62,85.18,,89.07,0.35,63.25,78.74,D
S2749,CS,86.69,75.8,95.31,62.54,89.18,7.61,84.98,50.42,A
S2750,Mathematics,,83.02,52.84,,86.61,3.31,97.96,58.33,F
S2751,Business,59.93,98.67,89.64,78.89,92.98,2.25,60.34,74.93,F
S2752,CS,76.98,88.43,94.33,,85.13,7.78,73.28,87.28,B
S2753,CS,,56.57,63.57,96.13,81.8,1.43,99.57,90.45,F
S2754,CS,71.94,82.57,58.83,77.86,72.95,4.27,96.58,86.45,F
S2755,Business,,85.8,97.12,76.33,73.35,7.45,67.62,74.32,C
S2756,CS,73.1,83.78,77.66,71.78,70.31,5.74,65.98,64.06,F
S2757,Engineering,57.43,89.21,62.84,52.9,81.01,5.54,62.11,72.24,D
S2758,CS,86.19,94.22,87.51,94.12,70.33,1.57,57.77,50.46,A
S2759,Mathematics,59.34,45.91,58.27,,57.37,1.81,73,79.9,D
S2760,CS,86.93,46.29,50.58,82.12,55.33,5.83,67.06,53.73,A
S2761,Mathematics,73.97,87.78,72.64,80.37,96.22,0.24,87.24,57.27,F
S2762,Mathematics,72.69,55.14,73.97,,51.24,8.69,61.84,81.3,A
S2763,CS,92.57,43.51,89.54,76.29,55.27,3.5,86.82,50.67,A
S2764,Engineering,85.43,64.07,67.42,59.07,72.27,4.17,64.41,78.68,A
S2765,CS,51.65,89.19,88.88,64.03,63.15,2.58,79.64,81.92,D
S2766,Mathematics,64.81,47.59,58.68,76.21,70.29,8.77,81.92,89.41,F
S2767,Engineering,93.55,80.31,74.52,89.47,55.87,6.43,83.59,53.4,B
S2768,CS,50.92,40.22,52.51,71.6,56.55,4.5,58.77,50.15,D
S2769,CS,77.26,46.58,63.13,,90.03,5.85,64.14,88.34,C
S2770,CS,86.39,61.05,91.45,54.4,87.96,3.8,62.31,64.5,A
S2771,Mathematics,81.09,45.02,52.96,83.15,55.21,4.66,78.81,94.36,F
S2772,Engineering,88.03,90.75,88.61,71.17,83.39,3.58,53.79,59.25,B
S2773,Business,86.28,91.84,56.97,56.27,80.47,4.11,75.91,79.28,A
S2774,CS,,85.33,42.07,,85.67,3.15,54.37,55.47,C
S2775,CS,,54.55,46.6,60.38,73.72,0.78,66.85,70.13,A
S2776,Mathematics,82.28,71.39,84.75,75.45,63.5,0.37,84.34,94.1,F
S2777,CS,70.12,51.05,55.72,65.31,83.18,1.74,70.63,80.42,A
S2778,Mathematics,73.6,56.88,79.25,96.58,68.57,2.52,64.02,84.48,D
S2779,CS,85.84,70.96,81.95,61.41,60.95,8.9,80.79,61.3,B
S2780,CS,93.82,84.1,60.71,71,70.43,6.11,87.01,96.14,B
S2781,Engineering,63.61,45.68,68.5,97.97,88.16,9.58,62.73,81.17,F
S2782,Mathematics,67.1,57.8,64.23,65.94,73.79,3.4,64.97,55.29,F
S2783,Mathematics,96.54,95.6,96.84,,64.99,4.02,82.01,50.78,A
S2784,CS,78.93,65.75,59.2,65.84,91.59,7.2,98.26,50.8,A
S2785,CS,58.95,96.33,51,55.53,94.08,5.78,60.69,52.56,F
S2786,Engineering,,99.48,61.94,81.38,71.66,5.28,82.71,95.58,C
S2787,Engineering,99.54,71.6,80.17,95.8,68.73,5.76,95.33,67.92,A
S2788,Business,91.17,57.28,81.84,72.63,80.63,5.84,73.1,64.91,A
S2789,CS,87.29,87.45,95.44,81.31,52.9,7.66,65.84,70.83,A
S2790,Mathematics,60.4,49.56,92.91,,84.57,6.68,83.34,70.48,A
S2791,Engineering,,55.12,57.3,70.75,89.11,9.57,51.57,61.92,A
S2792,Business,76.29,87.09,67.31,80.74,69.87,9.48,68.01,54.59,C
S2793,Engineering,94.46,66.02,84.84,,58.73,4.22,62.9,55.43,A
S2794,Engineering,66.49,52.09,94.99,68.9,51.44,0.36,61.23,79.96,F
S2795,Mathematics,53.1,79.07,60.23,72.12,81.86,0.11,58.99,69.84,C
S2796,Engineering,73.8,83.97,66.67,93.2,63.45,1.23,86.85,95.12,B
S2797,Business,63.49,47.5,93.97,67.42,73.19,0.75,97.75,73.19,F
S2798,Mathematics,85.76,56.62,61.51,81.76,69.32,3.73,69.24,75.17,A
S2799,Engineering,97.86,53.28,68.83,,58.74,0.53,52.46,96.41,B
S2800,Engineering,84.55,62.79,94.27,62.63,75.42,6.25,85.95,75.08,B
S2801,CS,94.35,85.81,88.13,82.42,72.98,1.9,76.91,75.1,A
S2802,CS,72.65,82.82,54.61,88.12,81.21,5.14,86.18,68.16,B
S2803,CS,88.58,79.75,59.49,73.11,62.59,1.03,82.4,85.52,A
S2804,CS,92.15,40.38,61.18,66.75,60.73,8.28,95.27,69.61,A
S2805,CS,85.54,48.53,94.76,95.51,90.72,7.8,57.02,79.42,A
S2806,CS,75.39,53.4,99.94,56.79,85.11,3.86,58.46,72.37,C
S2807,CS,81.29,56.32,86.44,86.04,88.61,9.11,67.08,76.44,C
S2808,Engineering,85.03,48.79,69.06,84.51,56.16,1.86,74.57,91.35,A
S2809,CS,,64.62,40.61,84.51,61.2,8.14,96.29,70.69,B
S2810,CS,90.48,44.51,81.85,,78.78,5.46,95.35,61.5,B
S2811,Engineering,97.52,85,63.36,86.41,92.86,3.3,93.59,78.52,A
S2812,Engineering,73.26,87.26,77.98,65.08,94.61,0.84,61.13,96.88,D
S2813,Engineering,85.05,74.46,76.4,67.67,91.6,1.71,86.48,84.66,B
S2814,Engineering,86.85,45.38,68.85,69.56,52.17,8.63,69.17,65.42,A
S2815,Business,83.11,93.4,96.66,51.54,91.04,6.07,96.56,98.15,B
S2816,Engineering,77.36,97.94,41.39,,94.95,2.37,60.73,67.14,A
S2817,Engineering,94.08,52.14,82.73,53.68,52.84,4.96,57.06,99.16,B
S2818,Mathematics,72.45,82.28,64.59,84.99,70.81,1.08,92.12,59.6,F
S2819,Business,53.06,90.52,82.83,,76.83,0.99,85.85,99.98,F
S2820,Engineering,,72.39,80.51,92.19,61.64,9.08,91.07,53.8,B
S2821,Engineering,83.7,59.4,40.61,77.67,75.83,4.58,57.9,85.66,C
S2822,CS,92.46,68.71,57.12,86.26,94.3,3.62,94.24,87.02,A
S2823,Engineering,56.93,70.74,51.35,65.14,93.35,9.49,83.88,83.98,C
S2824,Mathematics,51.54,64.04,50.02,87.28,96.99,3.99,82.58,88.88,C
S2825,Engineering,96.72,95.79,83.71,67.17,74.21,3.36,79.13,73.59,A
S2826,Mathematics,57.39,84.63,54.37,95.14,70.53,2.73,88.24,52.71,C
S2827,Engineering,90.48,54.48,68.48,58.17,83.29,5.65,70.78,67.89,A
S2828,Mathematics,,75.13,54.82,65.79,70.84,5.58,56.64,82.12,A
S2829,Engineering,85.44,81.32,74.81,74.94,52.1,0.16,76.96,82.31,A
S2830,CS,56.56,48.41,83.23,88.79,86,6.54,87.41,59.76,C
S2831,Engineering,83.37,61.51,59.86,87.44,64.05,7.88,57.68,62.65,D
S2832,CS,94.45,94.33,76.18,60.54,52.45,6.16,61.2,74.33,B
S2833,CS,71.28,74.03,89.49,57.21,51.03,8.7,84.83,86.43,A
S2834,Business,70.68,53.02,45.65,65.2,96.57,2.76,63.48,92.64,C
S2835,CS,,47.37,82.64,74.19,62.6,1.92,58.5,54.32,C
S2836,Business,54.11,71.09,59.39,76.95,72.39,6.97,94.47,96.28,F
S2837,CS,94.6,72.86,47.36,71.46,97.53,1.89,58.04,96.39,A
S2838,CS,93.46,60.06,72.74,83.15,73.38,0.91,67.21,50.4,A
S2839,Mathematics,99.9,77.82,53.58,71.38,53.93,0.97,71.42,75.32,A
S2840,CS,79.26,44.12,89.28,97.32,77.6,7.68,73.81,79.36,D
S2841,Engineering,87.56,48.71,42.57,63.05,54.41,0.29,68.07,77.69,A
S2842,Engineering,60.13,72.78,45.92,81.37,54.75,2.89,95.63,80.79,F
S2843,Engineering,83.38,43.71,71.26,80.57,92.57,1.29,82.93,75.17,F
S2844,Mathematics,82.49,92.85,75.34,64.08,64.47,7.55,67.97,64.69,F
S2845,Engineering,95.06,48.53,83.79,70.58,83.93,5.03,67.89,54.79,B
S2846,Engineering,91.54,80.44,55.56,68.27,75.45,2.05,75.15,60.42,B
S2847,Business,96.92,63.47,90.51,58.62,61.12,7.5,51.68,87.01,A
S2848,CS,93.44,63.99,97.19,,75.89,7.5,96.33,62.05,A
S2849,Engineering,93.43,85.89,69.94,69.33,53.45,5.23,61.17,91.49,B
S2850,Mathematics,53.19,69.97,85.63,58.92,67.36,2.76,84.88,70.17,C
S2851,Engineering,92.3,83.54,71.49,72.49,76.14,5.86,88.89,70.72,A
S2852,Business,80.37,70.31,44.17,71.09,61.42,9.34,91.37,93.42,C
S2853,Engineering,,75.57,59.57,56.57,83.01,0.52,58.28,60.71,D
S2854,Business,52.83,85.64,45.25,56.56,52.59,2.67,76.83,59.48,F
S2855,Mathematics,83.88,76.44,99.33,82.38,74.24,2.85,54.18,99.27,D
S2856,CS,66.41,76.94,53.74,85.33,85.75,6.32,90.24,77.03,D
S2857,CS,73.39,87.35,78.15,97.06,71.5,6.51,74.32,59.53,C
S2858,Engineering,84.09,96.95,57.06,54.35,93.73,2.06,57.92,58.29,A
S2859,Business,95.59,62.6,79.19,55.89,81.61,2.16,85.93,93.08,A
S2860,CS,91.27,74.63,52.62,52.59,97.92,9.28,66.56,79.99,B
S2861,CS,72.53,45.18,87.12,76.61,64.21,7.56,55.73,55.75,C
S2862,CS,69.39,61.53,46.65,81.14,96.94,9.34,73.05,94.35,D
S2863,Mathematics,61.99,64.72,93.71,,80.34,8.3,61.76,72.2,A
S2864,Engineering,68.62,90.11,90.43,89.9,87.26,4.02,97.51,99.47,F
S2865,Engineering,,70.8,80.73,84.33,95.11,1.22,68.07,64.09,B
S2866,CS,98.56,83.86,44.04,99.29,77.56,6.3,78.62,76.44,A
S2867,CS,78.7,41.14,52.51,,93.11,3.52,97.42,58.66,D
S2868,CS,56.39,67.87,91.56,52.92,77.08,4.25,69.69,71.99,D
S2869,CS,67.64,94.08,47.32,63.74,79.96,4.26,67.91,58.83,C
S2870,Mathematics,77.35,53.46,49.36,50.95,72.25,9.37,58.12,65.36,A
S2871,Mathematics,76.64,41.89,72.64,96.63,57.28,0.69,96.92,63.49,A
S2872,CS,51.78,66,56.45,65.2,77.68,1.93,90.04,64.15,D
S2873,CS,97.54,82.27,53.32,77.62,98.87,6.08,61.05,98.49,B
S2874,CS,63.77,67.27,74.55,,89.36,8.84,66.63,51.92,B
S2875,Engineering,50.81,67.6,62.35,62.29,87.37,9.18,95.75,74.84,C
S2876,CS,53.82,80.19,48.43,57.62,82.17,5.59,76.86,81.46,C
S2877,CS,79.01,55.26,72.09,66.02,67.4,0.35,77.82,83.04,C
S2878,CS,56.89,85.11,63.22,80.77,58.48,3.63,82.41,87.73,C
S2879,Business,52.09,49.19,84.07,98.58,61.23,9.19,88.11,88.05,D
S2880,Business,68.98,63.75,46.17,,50.32,5,96.96,97.78,D
S2881,Engineering,81.14,79.36,77.24,76.64,83.67,7.27,90.11,87.78,A
S2882,CS,,89.7,66.19,51.76,90.59,2.69,96.73,91.18,A
S2883,Mathematics,65.67,87.49,64.36,92,63.45,0.25,91.03,76.62,A
S2884,Mathematics,70.89,83.3,53.94,52.24,54.59,5.78,52.32,82.88,C
S2885,CS,57.97,61.55,41.83,95.31,66.79,8.35,55.88,73.91,D
S2886,CS,75.3,47.34,90.86,76.93,64.6,9.9,94.24,63.82,F
S2887,Engineering,54.26,53.01,59.58,58.42,72.54,8.47,51.38,65.67,C
S2888,CS,52.33,91.89,80.87,72.59,63.21,5.54,89.71,68.03,D
S2889,Engineering,75.99,91.44,96.86,99.75,66.99,6.09,92.49,67.03,F
S2890,Engineering,62.39,97.09,73.9,65.25,95.38,8.24,70.77,76.66,D
S2891,Engineering,54.77,44.56,63.83,63.47,66.74,0.2,67.74,62.38,C
S2892,CS,71.2,72.21,56.1,55.9,89.28,9.52,59.72,75.83,D
S2893,Engineering,95.76,78.92,96.04,79.86,81.29,5.31,52.45,95.81,A
S2894,Mathematics,86.21,82.64,80.92,54.46,66.88,9.52,87.27,70.3,A
S2895,CS,90.78,78.63,79.92,88.3,90.89,7.65,53.69,61.13,A
S2896,Engineering,93.6,86.2,65.57,95.96,79.75,1.52,97.23,67.34,A
S2897,CS,98.63,61.57,90.7,,50.43,1.65,64.84,93.84,B
S2898,CS,88.16,50.77,82.82,55.4,53.44,3.54,89.71,97.08,B
S2899,Engineering,80.42,52.28,56.99,77.91,87.63,2.64,52.98,94.33,D
S2900,CS,68.27,40.72,75.97,,72.33,4.39,76.81,64.37,C
S2901,CS,59.08,61.02,65.81,78.6,70.28,6.04,67.45,69.39,D
S2902,CS,,45.5,40.4,90.75,57.29,4.37,51.5,98.75,C
S2903,Engineering,99.75,59.29,88.46,76.89,57.87,0.56,82.79,66.19,A
S2904,Business,73.37,77.69,47.37,,89.89,9.76,97.16,56.89,A
S2905,CS,86.18,93.67,70.6,90.08,91.45,4.25,50.54,64.1,A
S2906,Engineering,74.75,90.38,60.17,63.83,78,8.51,63.52,98.2,D
S2907,CS,71.6,55.16,60.53,,64.76,0.74,85.18,70.79,F
S2908,Engineering,70.52,48.04,68.64,50.37,96.64,8.1,93.56,96.69,D
S2909,Engineering,,51.58,99.82,69.8,81.2,1.73,59.54,55.2,C
S2910,Engineering,,98.26,64.5,61.9,89.83,6.79,53.54,88.3,F
S2911,Mathematics,87.44,72.97,50.94,96.86,50.16,6.62,50.43,54.67,B
S2912,Mathematics,93.71,50.95,76.82,70.27,72.52,9.1,60.76,59.87,B
S2913,CS,,90.44,54.18,82.7,93.55,3.21,53.57,80.81,F
S2914,Business,61.38,63.71,46.33,86.6,66.91,1.09,67.97,71.72,A
S2915,CS,,93.95,43.01,88.66,86.33,8.65,72.01,83.33,A
S2916,Mathematics,67.08,55.64,41.37,86.79,82.88,3.32,74,98.67,B
S2917,CS,65.47,63.59,65.87,64.46,57.61,2.33,57.12,52.64,D
S2918,CS,86.34,70.3,65.6,84.3,88.75,4.86,73.2,59.58,B
S2919,CS,65.23,93.56,51.13,77.45,55.63,1.46,50.45,82.01,F
S2920,CS,52.65,92.13,87.04,79.87,86.4,2.97,61.97,94.83,D
S2921,Business,68.68,74.46,47.76,50.04,99.55,3.85,68.45,89.88,C
S2922,Mathematics,86.07,53.31,94.92,,97.9,2.77,55.92,73.28,A
S2923,Engineering,,64.2,75.25,96.53,90.01,4.5,90.7,87.27,A
S2924,Business,81.48,98.54,41.66,64.5,76.73,3.85,60.06,60.4,F
S2925,Business,83.01,76.47,97.78,71.9,83.74,7.75,87.74,50.69,F
S2926,CS,86.69,86.87,58.48,59.33,86.41,9.18,73.69,78.5,A
S2927,CS,94.86,66.99,67,56.93,50.42,1.01,73.99,90.66,B
S2928,CS,71.63,71.92,57.06,,55.12,8.23,82.26,71.67,D
S2929,CS,58.32,65.74,83.71,77.68,79.85,9.32,52.21,78.46,D
S2930,CS,65.95,82.18,69.14,95.95,50.33,6.87,53.94,71.11,B
S2931,CS,71.61,91.09,47.94,66.31,95.45,9.96,66.34,75.7,B
S2932,CS,85.69,70.44,46.25,66.17,74.48,3.35,70.84,94.22,B
S2933,CS,50.66,68.85,83.52,78.21,62.89,8.3,71.5,73.91,D
S2934,Mathematics,65.79,60.42,54.22,67.84,69.69,6.74,83.84,50.37,F
S2935,CS,88.99,50.63,48.27,,92.54,3.23,50.04,89.99,B
S2936,Engineering,83.54,96.35,69.97,68.89,96.36,7.05,97.96,80.89,C
S2937,Engineering,86.59,58.96,88.17,74.52,55.81,5.1,58.72,86.52,A
S2938,Engineering,90.59,88.04,56.73,76.67,88.9,1.89,62.43,95.05,B
S2939,CS,89.16,82.92,56.59,89.1,78.91,1.74,95.28,64.31,A
S2940,CS,84.11,87.46,90.03,78.2,79.28,7.13,50.27,75.15,D
S2941,CS,71.98,96.21,48.87,61.96,88.97,7.12,99.57,80.12,B
S2942,CS,,77.4,77,56.2,61.14,5.31,51.8,67.27,D
S2943,CS,78.45,93.88,97.3,,76.55,5.01,56.03,92.3,B
S2944,Engineering,60.14,50.06,90.48,90.08,65.97,1.8,62.01,84.88,D
S2945,Engineering,64.64,77.6,43.71,,54.73,4.29,71.94,86.67,A
S2946,Engineering,,86.34,59.19,91.08,55.25,8.71,75.92,90.4,A
S2947,Engineering,96.24,56.3,48.54,79.53,56.82,8.55,55.24,62.9,A
S2948,CS,58.94,84.45,96.95,75.94,80.74,6.61,53.68,87.28,C
S2949,Business,54.12,86.71,99.16,50.61,55.29,9.97,51.59,88.69,F
S2950,CS,94.08,89.87,54.1,89.04,78.51,8.93,62.84,92.12,B
S2951,Business,95.76,58.77,80.18,59.9,79.41,1.45,96.08,74.43,A
S2952,Business,63.82,80.9,90.5,,95.19,3.99,69.49,75.21,A
S2953,Engineering,68.86,58.26,54.02,50.79,81.32,1.32,88.2,54.91,B
S2954,CS,83.01,84.34,51.26,89.82,99.28,4.66,59.51,92.61,F
S2955,Engineering,66.5,67.78,40.67,51.15,51.55,7.76,53.23,76.67,B
S2956,CS,93.86,75.85,64.72,,85.21,1.56,77.71,79.72,A
S2957,CS,55.38,64.95,93.97,63.41,51.32,8.8,91.1,56.07,D
S2958,CS,51.9,49.72,94.18,57.88,86.47,5.69,94.92,80.09,D
S2959,CS,60.42,50.68,47.66,74.05,69.29,7.49,77.31,52.1,C
S2960,Engineering,64.3,44.65,52.26,64.18,80.57,0.45,64.7,96.16,C
S2961,Business,55.65,77.08,64.48,99.66,65.48,0.94,55.48,93.18,D
S2962,CS,53.28,90.92,86.84,79,57.96,6.21,83.39,59.72,D
S2963,Mathematics,87.78,41.25,76.71,78.32,86.18,8.38,64.02,79.69,A
S2964,Mathematics,58.21,43.97,70.83,61.04,95.23,8.74,92.2,80.13,C
S2965,Mathematics,95.7,67.45,75.52,70.43,59.18,6.88,80.26,90.17,A
S2966,Business,,84.26,45.77,56.2,96.04,2.01,92.94,87.85,C
S2967,CS,83.53,49.46,68.66,88.13,57.01,1.95,78.33,99.66,D
S2968,CS,61.27,56.3,99.52,66.56,86.78,8.81,88.59,67.54,B
S2969,Engineering,62.02,53.92,45.31,87.6,97.97,1.13,64.72,56.23,B
S2970,Engineering,78.74,63.94,71.15,68.58,57.37,6.86,75.15,78.67,A
S2971,Business,78.03,53.5,57.74,99.44,71.75,5.34,50.97,88.2,D
S2972,Mathematics,88.44,61.16,72.39,58.56,66.87,4.21,80.39,64.29,B
S2973,Engineering,87.89,83.71,74.43,50.08,69.42,4.4,76.69,61.81,B
S2974,CS,83.53,76.66,74.65,79.74,87.66,9.45,87.76,90.12,F
S2975,CS,72.46,44.87,91.13,97.65,83.06,8.61,86.45,87.69,C
S2976,CS,94.53,78.26,63.38,82.35,98.43,8.65,81.38,60.17,A
S2977,Engineering,81.13,68.62,70.98,54.29,59.27,4.07,52.83,93.46,F
S2978,Engineering,99.51,96.07,40.66,77.02,77.16,1.07,95.15,56.74,A
S2979,Business,90.97,57.36,87.37,95.47,72.46,9.98,50.9,55.46,A
S2980,Engineering,52.22,83.57,55.57,50.33,95.94,1.45,90.16,67.56,C
S2981,Mathematics,66.03,83.85,88.99,58.35,50.53,5.16,73.97,94.33,F
S2982,Engineering,78.59,53.29,55.94,,99.46,2.65,90.9,84.77,A
S2983,Business,86.07,94.19,40.65,94.7,73.99,5.11,73.25,69.74,A
S2984,CS,77.52,69.47,49.29,85.36,81.28,3.05,82.35,57.86,F
S2985,Business,89.31,80.73,99.14,,68,8.97,68.16,85.67,B
S2986,Engineering,,48.75,59.19,54.51,92.63,9.68,87.18,79.96,A
S2987,CS,59.2,55.47,46.53,,78.1,4.1,62.71,99.38,D
S2988,CS,,75.17,47.13,84.25,83.14,0.7,85.97,88.28,B
S2989,Mathematics,78.67,59.14,58.62,85.13,82.45,6.63,59.67,55.11,B
S2990,CS,84.43,69.98,42.26,89.67,68.2,3.77,86.11,86.41,C
S2991,Engineering,66.31,62.44,70.69,95.88,53.8,9.86,64.68,62.87,A
S2992,CS,80.68,78.43,52.82,68.08,90.39,0.89,63.93,98.09,C
S2993,Engineering,52.61,69.23,71.16,52.15,64.49,1.19,90.57,50.96,D
S2994,Business,54.96,40.28,48.45,68.12,92.45,6.99,90.68,61.92,C
S2995,CS,85.09,78.98,65.79,83.58,80.43,7.59,84.57,74.95,A
S2996,Engineering,68.4,65.33,75.88,60.67,67.69,4.71,96.2,53.95,B
S2997,Mathematics,83.57,60.5,43.72,90.5,79.71,2.77,57.81,67.2,A
S2998,Business,91.59,45.65,63.92,60.99,82.27,3.1,63.47,74.86,A
S2999,Business,92.63,53.22,58.15,50.5,85.33,3.38,64.7,72.35,B
S3000,Engineering,58.61,53.43,54.42,75.4,91.12,2.25,65.26,73.03,F
S3001,CS,74.31,96.12,76.27,86.32,57.99,8.51,66.4,93.95,A
S3002,Engineering,86.7,65.95,75.31,67.48,97.21,0.65,84.85,75.26,A
S3003,Business,88.7,42.52,77.84,87.44,70.54,4.07,63.54,97.05,A
S3004,CS,89.23,48.33,49.53,71.92,93.02,7.48,64.3,57.39,B
S3005,CS,61.41,44.74,57.14,58.59,61.02,0.04,78.52,64.01,D
S3006,CS,59.63,75.33,52.58,54.53,51.45,8.78,59.67,82.83,D
S3007,Engineering,79.5,51.2,72.43,85.53,78.67,7.06,68.24,64.16,F
S3008,Business,87.05,69.91,67.66,69.29,66.23,0.73,52.9,67.36,A
S3009,CS,65.96,62.2,59.82,95.64,99.22,8.95,97.63,95.05,C
S3010,Engineering,,88.23,87.16,77.01,55.22,4.87,65.87,76.93,A
S3011,Mathematics,85.84,59.23,45.64,67.42,52.37,6.52,92.5,66.73,B
S3012,CS,64.98,67.5,98.49,67.45,52.25,8.82,76.5,88.84,F
S3013,Engineering,58.32,83.28,46.99,56.57,60.84,8.81,61.41,53.53,D
S3014,Mathematics,57.39,66,86.38,79.69,78.96,4.09,59.67,78.18,C
S3015,Mathematics,65.75,87.59,62.09,79.11,75.28,2.38,84.75,54.98,C
S3016,CS,79.63,79.7,91.92,90,67.5,2.57,98.24,58.84,B
S3017,CS,67.92,64.63,44.45,60.06,54.44,7.66,59.15,53.12,F
S3018,CS,51.03,70.24,62.48,64.54,61.69,9.29,55.77,95.08,C
S3019,Business,54.85,98.03,60.13,54.86,59.21,0.72,69.35,52.41,F
S3020,Business,64.53,79.7,99.59,64.77,87.28,0.15,69.69,75.82,B
S3021,Engineering,82.99,94.3,99.13,71.41,89,8.23,90.31,61.25,C
S3022,CS,54.93,50.73,51.39,98.2,88.85,3.87,73.44,69.18,C
S3023,CS,78.03,68.99,77.8,82.65,98.45,2.76,53.12,74.68,B
S3024,Engineering,55.99,94.52,72.13,89.14,94.21,1.88,96.03,72.5,D
S3025,Engineering,60.58,59.36,49.26,66.28,74.89,3.46,68.66,87.4,D
S3026,Business,58.61,98.06,50.07,57.23,70.75,9.71,83.43,95.59,C
S3027,Engineering,53.36,45.82,99.36,62.84,95.79,9.77,83.37,65.01,D
S3028,CS,83.57,94.16,67.16,62.82,80.56,3.32,52.82,51.23,C
S3029,CS,,66.71,47.55,79.16,64.72,9.64,50.18,94.7,F
S3030,CS,91.55,44.42,52.89,,78.22,3,54.4,98.94,A
S3031,CS,54.94,92.77,56.1,92.87,99.61,8.54,97.83,71.67,F
S3032,CS,57.24,55.12,70.66,99.43,92.47,2.12,89.7,72.79,D
S3033,CS,65.32,41.34,60.13,67.16,64.06,8.26,56.6,57.21,C
S3034,CS,88.29,48.15,67.3,85.25,97.65,3.54,80.74,73.78,A
S3035,CS,65.29,79.55,49.99,82.87,99.07,1.96,80.6,65.17,A
S3036,Business,70.42,98.67,59.6,59.72,61.56,9.35,50.03,99.72,C
S3037,CS,65.08,46.69,44.22,95.9,94.78,2.14,71.45,59.24,C
S3038,Engineering,54.01,67.72,93.38,,94.16,9.92,85.59,68.93,D
S3039,Business,,50.84,51.93,86.85,51.99,1.09,59.34,80.83,A
S3040,Engineering,77.43,84.7,85.41,67.38,83.48,0.1,92.55,67.26,A
S3041,Mathematics,89.39,47.08,60.97,68.35,65.26,8.71,83.02,73.72,A
S3042,CS,82.92,54.39,68.46,72.77,83.73,5.87,50.35,98.67,F
S3043,Business,,51.78,57.48,93.23,95.68,4.22,92.75,75.4,B
S3044,Mathematics,54.48,73.15,81.79,57.01,74.94,0.82,50.97,95.52,C
S3045,Business,82.14,92.39,90.67,52.73,70.72,5.75,94.4,52.15,D
S3046,CS,57.77,70.67,57.18,,96.08,3.94,66.69,55.99,D
S3047,CS,70.72,43.49,54.53,52.78,98.71,4.84,84.93,97.23,D
S3048,CS,81.46,73.8,80.89,84.38,53.11,6.3,89.37,56.44,A
S3049,Engineering,89.11,87.85,51.71,88.02,96.14,6.4,64.06,86.83,B
S3050,Business,84.25,47.93,78.39,92.74,54.14,9.61,67.82,72.3,B
S3051,CS,,44.36,45.67,87.19,66.86,6.55,75.48,70.34,A
S3052,Engineering,57.45,51.27,77.21,95.82,88.13,3.39,79.13,82.96,C
S3053,Engineering,67.31,84.77,70.8,87.42,88.85,3.3,64.6,86.38,B
S3054,Engineering,,75.5,46.83,96.8,86.29,4.77,99.62,96.6,F
S3055,Business,85.97,72.44,78.95,59.66,51.96,2.59,86.85,62.84,A
S3056,Business,,54.97,66.79,74.99,56.65,3.76,63.71,84.9,B
S3057,CS,63.21,59.93,53.03,99.7,96.81,8.42,82.02,67.11,C
S3058,Engineering,54.38,97.95,61.2,84.08,54.07,8.6,71.77,85.88,C
S3059,CS,73.78,54.44,69.53,93.93,53.93,6.28,93.02,57.11,C
S3060,Engineering,92.83,94.1,45.49,51.52,91.78,5.83,66.45,72.88,A
S3061,Mathematics,77.6,74.83,97.46,93.59,82.06,4.27,59.39,59.18,C
S3062,Business,52.34,47.4,79.93,84.89,67.58,6.36,52.31,66.82,C
S3063,Engineering,98.71,68.04,46.15,58.54,58.29,8.06,99.22,85.78,A
S3064,CS,91.43,96.91,89.37,51.28,94.21,7.38,67.96,61.67,A
S3065,CS,56.58,65.11,59.35,63,99.43,0.35,61.03,84.24,C
S3066,Engineering,96.09,91.8,75.81,95.79,52.5,7.31,74.59,74.8,B
S3067,CS,72.53,55.39,56.63,83.41,77.71,7.2,64.58,54.6,A
S3068,Engineering,68.59,74.26,84,95.97,63.07,0.99,61.65,69.33,B
S3069,CS,73.05,90.63,83.38,72.31,91.62,1.5,80.82,93.46,F
S3070,CS,91.73,95.24,73.12,96.83,67.3,7.88,53.74,99.46,B
S3071,CS,,69.15,54.46,73.15,85.73,5.59,75.45,68.45,D
S3072,Mathematics,52.96,78.38,55.22,60.21,76.98,8.22,69.37,52.74,D
S3073,Business,97.88,40.18,62.97,57.57,77.08,1.85,76.63,56.51,B
S3074,CS,,55.19,48.7,99.69,92.9,0.31,66.02,89.41,B
S3075,CS,87.28,56.72,60.26,66.69,73.52,1.62,78.52,82.79,A
S3076,Engineering,81.81,45.61,81.06,58,92.28,4.53,54.09,64.25,D
S3077,CS,59.38,56.78,89.85,50.42,68.17,5.23,68.81,69.56,D
S3078,Engineering,58.54,59.27,59.95,64.28,58.74,8.58,61.87,90.56,C
S3079,Business,93.52,98.13,54.02,94.46,72.77,7.16,71.9,70.66,B
S3080,Engineering,70.98,80.12,89.96,,74.92,9.9,69.92,87.79,D
S3081,Engineering,82.73,65.56,93.44,81.62,73.92,0.79,81.56,64.76,B
S3082,Engineering,75.2,99.28,64.6,,90.42,1.3,81.44,86.24,F
S3083,Mathematics,86.37,49.19,41.61,75.64,78.23,0.84,70.67,73.32,B
S3084,Mathematics,,68.56,81.7,,94.42,5.38,59.08,77.27,A
S3085,Engineering,64.37,78.82,87.04,66.19,75.71,2.67,79.1,79.94,A
S3086,CS,68.17,43.33,41.08,,61.24,6.84,98.33,72.53,A
S3087,Engineering,92.95,83.02,75.7,53.94,56.47,1.33,59.27,73.31,B
S3088,CS,73.4,45.99,75.3,86.24,93.42,1.03,53.45,63.29,B
S3089,Engineering,60.67,48.42,62.72,83.03,52.81,4.6,63.23,99.29,C
S3090,Engineering,96.73,49.58,84.99,59.58,55.88,3.76,70.65,95.29,B
S3091,CS,89.83,95.73,65.69,69.44,53.18,8.29,65.31,76.37,B
S3092,CS,52.78,80.99,80.61,65.64,71.19,8.38,91.74,51.73,F
S3093,Engineering,99.95,79.33,71.03,54.72,76.63,1.17,74.65,58.42,B
S3094,Business,84.75,73.33,54.91,79.24,50.99,8.12,62.31,92.7,B
S3095,Engineering,58.01,57.57,76.39,99.68,75.78,5.64,97.51,96.54,C
S3096,Engineering,61.86,77.25,84.21,,69.69,5.04,56.25,58.06,D
S3097,CS,84.62,64.61,98.43,77.26,88.68,0.95,56.15,86.73,D
S3098,Engineering,88.99,48.72,62.81,52.02,91.5,7.4,62.26,81.15,B
S3099,Engineering,61.95,81.38,43.87,56.96,84.25,0.6,53.84,65.17,F
S3100,Engineering,62.85,47.77,99.28,75.66,73.67,2.78,87.58,71.8,A
S3101,CS,65.36,51.44,77.43,99.26,60.81,0.95,65.64,83.86,C
S3102,Engineering,,89.06,96.79,93.83,92.36,5.31,86.49,55.06,A
S3103,CS,58.59,79.61,46.23,67.01,67.08,6.45,88.14,59.45,D
S3104,CS,55.21,77.86,60.52,77.15,67.81,8.91,61.88,51.67,D
S3105,Mathematics,83.94,65.09,48.04,,95.8,7.34,75.92,95.11,F
S3106,CS,88.95,63.78,90.13,84.27,98.78,9.61,75.98,78.69,A
S3107,CS,,81.42,92.82,84.39,94.91,7.61,93.57,76.17,F
S3108,Engineering,68.19,84.4,70.08,89.49,99.91,2.98,51.28,85.31,D
S3109,Business,71.6,70.61,51.2,51.25,93.45,5.48,65.84,99.42,C
S3110,Engineering,69.42,98.16,47.63,97.18,85.22,4.58,94.12,58.61,B
S3111,Business,98,97.34,75.29,53.5,64.69,5.66,61.84,56.66,B
S3112,Business,88.4,64.75,70.38,73.81,97.65,5.72,56.84,64.74,A
S3113,CS,60.4,89.24,81.69,95.98,93.83,7.02,78.81,95.2,C
S3114,CS,69.21,72.6,58.31,74.38,62.04,0.83,65.29,70.57,B
S3115,CS,77.2,70.71,64.14,53.18,74.46,7.47,73.36,89.67,F
S3116,Business,80.65,43.3,41.28,61.46,53.5,1.44,91,60.15,B
S3117,CS,73.41,74.44,76.61,78.93,97.67,0.26,76.03,74.68,D
S3118,CS,90.51,94.03,65.39,54.39,78.64,5.19,75.79,56.37,A
S3119,Engineering,88.38,86.81,95.19,71.18,62.26,5.81,63.91,70.64,B
S3120,Engineering,,87.18,78.51,66.45,64.62,0.35,89.64,63.11,A
S3121,Engineering,92.72,49.6,63.92,90.76,99.03,5.15,86.99,77.47,A
S3122,Engineering,87.55,61.51,55.82,55.51,80.78,5.35,61.71,89.02,A
S3123,CS,,53.99,94.32,84.14,71.03,0.52,66,96.92,F
S3124,Engineering,97.82,58.95,40.98,70.33,74.99,7.12,89.43,64.19,A
S3125,Engineering,63.32,74.77,59.61,79.39,54.93,2.1,67.89,87.16,A
S3126,Mathematics,,61.89,96.61,60.28,53.75,7.94,70.18,94.28,D
S3127,CS,,73.64,79.24,80.49,79.64,3.11,68.22,56.24,F
S3128,Business,88.61,66.31,71.96,83.7,75.6,4.78,58.08,79.3,B
S3129,Engineering,96.33,57.2,52.21,53.51,67.96,8.92,67.04,80.59,A
S3130,CS,53.16,45.72,90,91.22,78.31,8.06,90.15,63.62,C
S3131,Business,,93.51,52.25,93.06,53.63,7.82,74.55,51.13,F
S3132,CS,57.23,40.68,54.9,53.18,97.2,1.6,72.91,62.84,D
S3133,Mathematics,75.19,40.1,51.51,80.16,64.69,0.48,57.82,79.24,B
S3134,Business,,89.61,49.49,79.7,53.59,6.06,58.88,59.82,B
S3135,CS,56.4,99.81,97.2,50.62,58.48,4.11,52.15,64.37,D
S3136,CS,50.61,83.63,76.12,67.12,54.77,9.09,50.7,85.4,F
S3137,CS,81.51,40.92,78.27,98.45,58.93,3.5,74.4,69.92,B
S3138,CS,67.95,53.6,97.26,77.77,70.84,4.11,70.46,53.27,C
S3139,CS,55.26,98.31,53.83,96.66,86.9,5.26,63.77,69.96,F
S3140,CS,66.14,88.52,40.36,83.78,63.62,7.96,99.5,99.99,B
S3141,Engineering,58.45,74.01,75.93,51.42,71.8,2.68,69.9,63.05,F
S3142,CS,97.08,54.21,70.47,53.89,96.44,9.42,89.44,63.26,A
S3143,Business,,40.86,68.66,86.11,64.79,5.4,60.53,58.49,C
S3144,Business,66.7,41.25,43.71,77.73,89.74,8.41,62.35,63.58,F
S3145,Engineering,91.99,76.72,67.27,56.36,57.89,5.26,78.42,78.74,B
S3146,Business,,41.31,57.25,80.7,58.92,7.72,50.2,98.23,A
S3147,CS,85.51,99.62,56.47,,72.81,0.51,50.87,80.38,B
S3148,CS,,51,53.34,87.65,61.71,7.99,57.11,70.49,B
S3149,Engineering,,82.64,59.95,62.31,95.15,5.24,61.16,69.48,F
S3150,Engineering,60.35,49.3,61.19,62.91,52.54,4.49,76.39,51.21,C
S3151,Engineering,99.45,72.41,58.53,98.39,79.86,1.12,84.31,50.13,B
S3152,Business,91.55,44.84,98.73,94.37,80.21,7.42,65.59,89.86,B
S3153,Mathematics,79.45,86.01,95.96,65.92,53.3,1.31,61.95,74.51,F
S3154,Engineering,83.12,75.1,74.47,91.2,86.63,1.92,91.14,51.66,B
S3155,Business,82.44,45.17,98.86,58.09,73.44,1.26,58.14,64.3,D
S3156,CS,52.92,90.92,99.47,,86.15,0.07,83.92,67.83,F
S3157,CS,60.9,72.82,61.36,59.06,91.35,6.62,96.57,89.16,D
S3158,Business,98.07,95.3,66.71,54.39,66.14,2.71,61.61,71.72,A
S3159,Engineering,76.72,95,97.54,92.73,74.22,1.49,54.35,89.47,A
S3160,Engineering,,95.23,76.52,78.94,63.04,3.2,98.99,81.69,C
S3161,CS,88.1,44.67,52.78,62.95,60.08,4.99,63.54,51.66,B
S3162,Engineering,76.23,47.26,81.36,92.43,50.03,5.03,63.78,98.43,F
S3163,CS,50.66,99.26,52.34,90.13,98.18,3.67,74.19,59.07,C
S3164,Engineering,86.81,69.26,60.36,55.05,72.05,4.95,61.55,63.78,B
S3165,CS,86.61,54.29,53.65,,50.65,4.27,99.64,90.46,A
S3166,CS,58.26,86.18,54.7,86.09,50.45,8.23,52.15,59.49,D
S3167,CS,97.83,55.86,40.28,85.79,64.42,0.3,72.57,70.05,A
S3168,CS,61.2,83.63,92.84,86.16,50.7,8.68,77.42,93.25,B
S3169,Business,72.89,90.24,57.76,58.47,68.73,2.44,73.35,81.86,B
S3170,CS,,87.06,45.18,,53.15,7.22,76.03,65.1,C
S3171,CS,80.16,56.44,45.22,92.21,51.96,4.05,99.38,82.2,B
S3172,Engineering,68.77,64.1,73.36,94.92,83.47,2.94,93.85,90.63,F
S3173,Engineering,,64.8,99.58,63.96,95.34,6.15,65.42,70.19,F
S3174,CS,91.35,69.48,48.7,51.15,70.47,7.69,77.57,78.58,B
S3175,CS,50.48,50.04,45.98,92.99,91.84,4.5,50.02,99.4,C
S3176,Mathematics,89.9,67.15,66.3,68.85,51.46,4.67,70.48,98.23,A
S3177,Engineering,78.57,70.65,73.8,,88.88,0.59,58.19,75.45,D
S3178,CS,99.3,71.9,57.66,67.35,53.14,9.24,85.57,54.81,A
S3179,Engineering,79.47,89.19,58.15,70.78,91.92,8.47,61.05,85.03,F
S3180,CS,,71.04,65.47,68.91,94.12,3.98,87.44,63.43,F
S3181,CS,52.53,53.85,58.85,78.32,89.3,7.65,65.66,83.47,D
S3182,Engineering,,79.79,94.92,53.95,91.04,3.13,96.29,67.59,F
S3183,Business,,87.84,42.52,98.58,78.07,7.3,72.27,85.94,A
S3184,CS,67.29,59.16,54.07,96.82,63.24,5.17,91.98,68.37,C
S3185,Business,80.9,78.72,88.51,96.72,82.16,4.61,81.41,97.06,F
S3186,CS,74.48,48.82,90.04,93.96,71.98,0.57,98.87,56.83,C
S3187,CS,98.36,60.52,46.69,83.02,50.27,9.65,87.14,53.42,A
S3188,CS,97.5,94.55,98.43,61.06,73.84,8.37,86.39,89.06,A
S3189,CS,99.19,94.68,81.6,52.47,82.56,7.93,63.24,70.07,A
S3190,Mathematics,93.32,74.52,56.36,54.97,50.69,3.05,75.24,73.28,B
S3191,Engineering,95.48,82.14,67.36,66.2,81.07,2.9,64.51,96.69,A
S3192,CS,60.86,91.24,57.83,75.19,82.63,5.73,50.96,79.5,A
S3193,Mathematics,91.55,97.51,49,99.66,57.91,8.46,85.53,83.01,A
S3194,Business,85.44,69.39,57.47,71.77,71.55,9.35,61.79,50.97,A
S3195,Business,98.14,73.69,74.81,76.23,98.22,2.69,69.87,83.53,A
S3196,Mathematics,78.56,64.94,89.56,84.76,94.21,6.07,64.23,69.42,C
S3197,CS,54.26,44.32,61.81,59.04,70.54,7.24,59.98,73.01,C
S3198,Business,79.87,65.37,60.87,96.64,67.49,2.26,53.36,90.4,F
S3199,Engineering,84.33,87.44,68.08,76.45,56.2,4.07,66.89,76.19,A
S3200,Business,61.02,88.29,78.67,63.81,51.76,1.87,54.09,99.34,B
S3201,Business,69.71,93.54,85.1,96.76,64.87,6.99,77.02,89.84,D
S3202,CS,,43.09,59.61,81.27,97.01,8.64,50.98,86.43,D
S3203,Business,68.71,71.63,75.18,74.18,97.93,8.78,97,79.43,A
S3204,CS,68.75,46.45,63.36,79.01,90.63,6.7,98.32,70.62,F
S3205,CS,56.65,52.04,82.98,87.42,67.54,3.47,65.23,52.64,C
S3206,CS,97.04,94.01,49.88,57.73,57.18,6.61,63.01,50.92,A
S3207,Mathematics,87.52,69.81,55.42,93.24,79.78,8.64,55.22,52.34,A
S3208,CS,50.06,85.51,65.56,,82.33,6.26,95.25,97.94,C
S3209,Engineering,88.28,43.86,93.36,78.35,71.23,4.13,79.34,66.16,A
S3210,CS,86.99,65.01,74.4,84.11,84.58,9.2,80.51,85.03,B
S3211,Mathematics,50.49,80.45,97.92,,87.33,8.35,94.79,79.72,C
S3212,CS,68.48,48,46.2,68.74,89.15,8.82,95.54,78.58,A
S3213,Business,80.34,59.55,67.61,,75.11,9.03,91.42,78.96,B
S3214,Business,72.64,43.87,65.14,84.03,89.58,3.94,88.67,65.11,A
S3215,Engineering,88.9,79.08,76.01,71.2,51.27,8.6,93.86,94.33,A
S3216,CS,,98.25,88.72,83.87,84.02,5.7,93.8,95.96,B
S3217,Business,57.69,89.62,90.49,76.08,61.78,0.38,68.43,82.23,D
S3218,Mathematics,98.82,98.48,80.21,55.58,63.53,6.36,98.67,93.2,B
S3219,Business,,90.74,78.49,89.79,54.57,4.71,85.46,53,D
S3220,CS,85.88,91.31,96.94,78.22,59.62,2.75,68.51,55.02,B
S3221,Business,57.16,74.63,63.02,89.79,99.6,9.7,72.1,77.95,C
S3222,CS,66.45,71.1,89.97,57.75,70.77,0.55,84.36,92.33,C
S3223,Engineering,72.1,64.38,95.29,76.92,96.39,9.46,68.05,65.77,C
S3224,Business,59.61,89.09,69.49,88.33,58.14,1.59,91.33,77.4,C
S3225,CS,72.5,50.92,83.75,99.42,60.2,3.77,57.4,50.5,C
S3226,Business,57.86,43.37,62.62,,77.89,4.17,95.38,99.33,D
S3227,Engineering,77.95,96.87,49.53,93.22,67.48,7.31,65.06,88.35,D
S3228,Business,83.19,40.23,75.19,62.37,82.2,2.16,57.64,68.07,C
S3229,CS,53.12,98.61,51.79,91.9,71.1,9.86,92.9,99.15,C
S3230,Engineering,93.56,83.73,67.46,58.46,90.58,7.49,61.97,54.62,B
S3231,Business,59.26,59.71,92.37,59.91,71.58,7.9,92.17,73.21,C
S3232,CS,61.27,81.87,45.16,55.51,78.62,1.06,64.81,52.94,A
S3233,CS,83.07,89.07,41.83,92.88,66.05,4.76,96.69,66.75,F
S3234,Mathematics,73.44,54.72,76.39,55.41,85.2,9.46,60.95,60.97,B
S3235,CS,74.97,86.25,59.86,56.91,82.74,2.7,53.48,65.83,C
S3236,Mathematics,56.41,88.26,65.08,62.29,69.85,1.45,96.83,97.37,F
S3237,CS,90.29,54.96,64.34,,63.8,4.85,58.28,71.36,A
S3238,CS,80.85,42.52,45.2,94.01,80.71,9.3,97.21,66.24,C
S3239,Business,,52.25,40.21,70.91,97.16,4.87,91.2,82.04,C
S3240,Engineering,68.7,52.04,93.91,77.31,56.63,4.05,54.1,84.17,A
S3241,Engineering,90.52,43.91,53.07,,89.96,6.5,72.26,99.19,A
S3242,Engineering,78.42,83.56,65.56,63.3,77.15,9.37,53.67,77.3,A
S3243,Business,55.43,62.8,98.32,56.7,76.28,0.49,66.49,87.63,F
S3244,CS,68.64,93.06,89.61,70.5,98.08,1.53,67.58,69.11,D
S3245,Engineering,62.13,55.13,46.48,79.52,80.29,1.33,79.98,58.55,C
S3246,CS,75.87,67.19,70.51,64.2,91.53,0.85,98.79,71.49,B
S3247,Engineering,92.17,78.34,83.8,92.3,75.72,3.02,58.49,70.94,A
S3248,CS,71.81,92.65,81.9,99.06,62.49,2.29,66.46,71.03,D
S3249,CS,71.67,71.48,85.65,56.01,84.72,5.49,79.36,84.77,D
S3250,Engineering,95.27,62.41,67.45,,96.16,3.27,58.57,70.3,A
S3251,CS,78.81,92.02,50.56,89.49,92.06,4.05,85.54,97.71,C
S3252,CS,78.31,58.61,67.89,59.53,59.92,9.42,70.18,99.14,A
S3253,Engineering,,44.77,78.87,67.66,65.84,1.56,97.48,76.17,D
S3254,Engineering,80.39,66.7,76.52,69.71,75.84,3.88,81.49,77.92,C
S3255,Business,78.8,87.11,44.23,95.83,78.58,2.57,68.15,70.38,B
S3256,Engineering,69.84,41.85,43.9,82.94,59.69,5.49,85.97,67.78,B
S3257,CS,99.53,75.15,97.92,52.03,61.5,7.36,91.94,99.27,A
S3258,Engineering,94.09,75.67,49.11,50.74,87.94,8.17,90.02,52.03,A
S3259,CS,87.48,95.71,57.67,59.98,86.52,5.15,63.14,70.5,A
S3260,Business,76.87,57.19,86.06,65.91,91.96,8.55,70.85,57.57,B
S3261,Mathematics,,56.73,64.58,74.23,96.65,7.85,72.61,86.31,D
S3262,Engineering,59.24,66.43,50.89,91.89,65.41,1.57,69.42,59.72,C
S3263,Engineering,65.29,61.41,68.03,,92.98,2.45,65.54,94.23,B
S3264,CS,88.7,84.18,74.14,68.83,83.3,6.72,87.64,68.72,A
S3265,Engineering,,78.51,67.17,66.47,97.89,9.75,50.61,95.86,B
S3266,Business,94.11,85.54,95.14,50.45,63.6,3.76,64.68,99.33,A
S3267,CS,57.4,89.2,57.08,97.76,63.48,2.3,57.08,88.56,F
S3268,CS,75.42,95.38,79.68,56.95,85.21,8.69,56.44,81.16,F
S3269,Engineering,82.35,65.86,46.74,64.38,96.42,2,63.85,57.5,C
S3270,Business,,99.08,63.54,56.47,91.23,6.97,88.11,96.65,C
S3271,CS,94.46,52.94,84.46,,86.35,0.34,98.47,88.84,A
S3272,Mathematics,99.48,82.86,53.49,96.61,69.37,0.19,75.73,64.4,B
S3273,CS,55.79,72.04,75.39,55.04,85.89,4.52,66.95,73.43,D
S3274,CS,56.5,89.01,49.21,72.04,90.05,6.57,91.46,53.38,C
S3275,Business,56.52,68.61,46.16,51.12,87.66,1.42,53.36,82.95,D
S3276,CS,84.06,87.04,71.39,88.54,83.84,7.64,54.66,56.26,F
S3277,Engineering,68.63,95.81,80.5,82.06,52.36,1.29,67.27,82.58,B
S3278,CS,,83.94,46.8,84.98,82.99,5.34,72.42,83.58,F
S3279,CS,70.27,86.57,95.07,73.62,73.91,3.08,89.89,66.23,A
S3280,CS,81.38,44.03,53.55,95.38,98.08,7.52,96.26,97.43,D
S3281,Mathematics,88.49,52.3,47.2,,80.36,8.04,76.56,88.95,B
S3282,Engineering,77.41,98.46,52.16,75.7,80.41,0.66,74.78,74.84,B
S3283,Business,76.98,81.59,50.17,,99.7,1.93,60.65,95.93,B
S3284,CS,54.41,73.69,45.44,76.03,54.68,8.93,72.56,92.79,F
S3285,Engineering,70.54,62.02,87.87,59.47,63.82,4.16,96.18,84.61,F
S3286,Engineering,77.29,42.66,69.73,65.85,82.8,4.77,69.64,57.65,A
S3287,Mathematics,73.1,62.15,63.31,54.61,65.76,1.68,60.53,74.85,A
S3288,Business,95.04,69.93,97.04,71.63,67.31,9.95,66.86,93.22,A
S3289,Business,,52.69,62.26,80.47,94.63,9.23,75.73,80.44,F
S3290,CS,91.1,50.39,50.02,55.93,78.97,0.02,79.93,77.28,A
S3291,Engineering,68.76,70.5,56.44,,55.14,5.51,71.62,97.76,D
S3292,Engineering,85.86,75.15,54.34,94.64,65.54,8.72,87.93,50.83,A
S3293,Mathematics,69.76,54.4,69.92,66.89,53.8,4.31,79.22,50.6,A
S3294,CS,61.63,75.24,57.49,61.1,77.81,4.37,83.25,94.64,F
S3295,CS,,94.02,70.96,94.65,58.66,3.79,93.15,51.93,F
S3296,Engineering,53.55,68.39,80.16,84.6,92.86,0.29,93.28,66.63,D
S3297,CS,66.59,91.44,86.64,55.27,78.87,7.9,60.18,96.2,B
S3298,CS,73.04,95.64,82.61,70.41,52.97,4.57,81.17,84.56,A
S3299,Business,97.77,45.54,52.34,83.7,65.04,5.31,85.83,82.41,A
S3300,Engineering,65.67,45.75,46.95,78.72,80.82,2.56,57.29,82.85,B
S3301,Business,95.12,68.56,72.55,,66.77,7.84,92.14,65.88,A
S3302,Business,,75.29,51.93,78.36,75.66,7.94,59.02,76.53,D
S3303,CS,59.55,65.55,45.1,89.9,95.47,5.53,89.96,81.5,D
S3304,Engineering,75.95,59.59,71.63,66.02,67.5,9.05,58.07,65.29,F
S3305,CS,83.63,78.46,59.61,85.42,66.79,1.16,87.09,89.77,F
S3306,Mathematics,52.22,40.12,85.37,99.55,90.99,7.87,57.41,66.09,F
S3307,Engineering,61.05,98.08,58.85,69.5,65.94,5.59,68.94,53.57,A
S3308,CS,72.78,53.92,98.72,89.55,53.9,2.31,57.18,60.07,B
S3309,CS,66.55,95.03,85.51,62.31,59.05,1.32,63.54,70.42,D
S3310,Engineering,85.63,46.54,43.46,64.09,97.44,3.01,99.23,95.4,B
S3311,CS,75.56,54.29,70.53,96.74,96.66,8.56,55.38,70.79,C
S3312,CS,58.02,54.09,73.76,51.3,61.24,7.88,70.32,54.49,D
S3313,Business,94.72,99.77,81.72,60.87,77.68,6.45,83.85,59.82,A
S3314,Business,64.65,40.28,69.87,74.15,56.87,0.9,54.73,77.22,A
S3315,CS,86.56,78.38,69.01,70.09,83.73,9.55,55.45,58.88,B
S3316,Engineering,89,92.18,62.08,81.46,59.27,3.05,57.16,53.2,A
S3317,Business,98.16,80.34,56.29,59.64,52.49,6.07,82.25,85.74,B
S3318,CS,74.93,61.76,96.77,53.53,91.24,8.03,95.47,89.22,C
S3319,Business,80.79,97.5,59.06,68.47,66.27,1.33,91.3,92.53,C
S3320,CS,66.74,93.61,43.81,76.22,55.43,6.52,99.15,92.2,C
S3321,Engineering,83.91,66.04,50.04,78.1,91.7,0.32,78.91,68.96,F
S3322,Engineering,73.17,74.4,91.44,,88.12,1.02,98.07,86.72,A
S3323,Engineering,71.88,98.05,75.2,77.43,84.19,7.23,65.25,79.18,F
S3324,Business,92.77,98.95,86.73,62.29,95.56,1.55,71.08,51.17,A
S3325,CS,52.51,66.99,88.53,88.23,74.46,4.44,69.8,70.08,C
S3326,CS,94.1,90.84,89.39,54.39,56.4,2.48,52.37,52.64,A
S3327,Engineering,92.6,58.12,73.04,59.92,53.07,4.21,91.49,54.17,A
S3328,Business,75.32,62.31,50.63,86.97,65.92,0.77,51.24,52.8,C
S3329,CS,74.51,49.89,48.89,63.99,54.34,7.55,86.49,98.05,C
S3330,Business,68.09,52.55,74.44,74.67,76.78,0.79,70.35,92.21,F
S3331,CS,,79.41,61.99,66.36,50.72,8.38,50.31,71.96,B
S3332,CS,55.56,70.65,73.48,75.35,72.19,6.63,64.5,62.4,C
S3333,Business,79.51,53.87,69.91,67.33,58.92,4.17,67.31,53.62,D
S3334,CS,84.08,64.17,76.13,99.71,68.41,8.66,98.24,71.56,A
S3335,Engineering,96.72,62.39,41.93,67.87,83.75,1.86,83.05,80.02,A
S3336,CS,89.01,99.24,41.97,81.35,67.55,2.65,77.18,89.86,A
S3337,CS,82.19,91.21,83.3,94.42,67.07,1.37,56.35,52.58,F
S3338,Engineering,55.84,63.28,51.59,81.9,99.54,3.82,69.56,70.89,D
S3339,Engineering,68.69,94.83,79.13,78.29,85.94,9.87,51.79,98.84,D
S3340,Engineering,56.94,60.56,72.79,,75.69,1.61,88.08,56.04,F
S3341,Engineering,94.06,80.07,98.91,74.82,78.97,8.31,58.14,70.01,A
S3342,CS,87.48,98,90.12,90.38,81.01,6.52,79.72,63.75,B
S3343,Engineering,87.88,63.42,64.79,52.52,51.23,0.16,84.97,56.7,A
S3344,Mathematics,,80.79,76.98,94.26,54.01,9.45,68.33,91.95,B
S3345,Business,75.35,57.76,47.04,79.31,82.46,9.71,81.63,84.86,B
S3346,CS,57.5,55.98,63.18,92.44,68.22,9.25,88.21,70.58,F
S3347,CS,66.48,74.45,84.03,50.52,52.77,5.02,59.21,68.45,C
S3348,Mathematics,,98.76,77.36,93.46,64.88,2.2,80.04,91.39,A
S3349,Engineering,86.25,67.19,69.07,,56.51,3.91,86.69,54.54,A
S3350,Engineering,58.01,96.26,50.59,86.06,95.82,6.14,67.85,57.34,D
S3351,Business,85.11,94.86,88.19,70.83,60.15,3.79,58.12,95.33,A
S3352,CS,84.61,55.23,56.39,,57.18,7.08,64.31,90.86,F
S3353,Engineering,72.97,64.11,89.23,81.41,81.31,7.96,96.65,88.74,C
S3354,Mathematics,56.76,78.6,76.7,58.17,76.1,2.09,67.87,81.2,D
S3355,Engineering,65.74,71.08,62.36,75.73,78.8,4.05,55.39,64.62,A
S3356,CS,66,45.76,42.44,63.86,71.8,9.58,54.14,96.74,C
S3357,CS,85.02,99.62,53.95,78.02,73.36,2.5,59.02,74.59,B
S3358,CS,55.69,85.16,93.34,86.9,88.94,3.46,56.38,64.03,F
S3359,Business,91.45,66.26,89.08,54.06,61,0.36,74.75,68.28,A
S3360,CS,88.05,77.09,74.49,75.79,69.83,3.32,67.38,50.84,B
S3361,CS,59.32,45.25,67.98,80.88,97.89,3.71,92.07,62.76,D
S3362,Mathematics,85.96,69.72,78.83,,59.5,1,94.05,59.4,A
S3363,CS,83.43,95.85,67.97,,64.69,0.01,73.66,56.78,A
S3364,CS,87.41,93.8,78.66,76.02,59.58,5.75,94.43,51.61,B
S3365,CS,59.45,60.24,58.44,59.13,51.02,3.02,72.52,61.34,D
S3366,CS,57.88,71.88,90.31,,63.49,0.18,82.1,55.18,C
S3367,Engineering,61.82,81.84,82.12,77.08,52.32,8.6,58.13,52.26,A
S3368,Mathematics,68.29,60.4,59.8,68.76,57.73,5.84,52.63,56.87,B
S3369,Business,89.68,43.89,89.84,59.63,68.13,1.71,58,60.12,B
S3370,Engineering,86.9,70.33,69.24,51.53,51.04,8.65,62.59,70.8,A
S3371,Engineering,96.27,76.1,50.48,78.33,87.65,2.54,87.55,79.18,A
S3372,Engineering,52.93,40.35,44.66,79.93,89.78,2.27,58.68,66.11,D
S3373,CS,,45.73,81.98,57.09,70.57,8.95,56.53,57.06,A
S3374,CS,84.96,52.44,91.91,80.09,99.23,1.79,96.38,97.02,D
S3375,Mathematics,63.96,60.88,88.45,97.6,83.95,8.79,84.44,75.74,B
S3376,CS,66.7,72.46,79.34,98.91,87.19,8.03,73.67,87.09,F
S3377,CS,77.34,57.63,48.48,94.42,59.62,3.1,54.75,84.72,D
S3378,Engineering,55.12,56.57,45.64,90.35,91.87,0.34,92.59,64.24,F
S3379,Engineering,,92.16,60.7,60.47,97.25,0.83,55.41,77.99,A
S3380,CS,66.26,48.7,91.29,57.82,61.82,1.1,80.55,80.11,F
S3381,CS,81.64,69.73,97.7,72.25,84.32,8.91,83.38,67.59,B
S3382,CS,91.7,97.17,54.48,,87.35,4.04,70.01,83.54,A
S3383,Engineering,58.56,77.5,85.73,92.53,65.26,0.33,95.56,89.53,D
S3384,CS,96.54,83.03,74.43,61.6,73.75,5.57,52.54,68.21,A
S3385,Engineering,76.53,65.87,41.91,73.98,54.88,2.08,90.91,50.75,F
S3386,Engineering,96.15,41.2,72.57,,58.65,2.35,77.69,67.47,A
S3387,Business,60.39,78.77,88.36,72.28,53.08,1.61,80.56,55.84,D
S3388,CS,80.23,77.92,56.57,72.71,78.01,7.62,99.34,57.78,F
S3389,CS,,46.63,93.84,61.26,81.26,0.01,79.13,68.3,F
S3390,Engineering,88.71,67.73,54.18,99.33,95.81,4.39,89.85,60.38,A
S3391,Business,80.3,94.92,44.59,73.76,77.11,0.87,57.68,96.74,D
S3392,CS,74.73,52.31,49.6,76.64,63.03,5.52,90.46,82.64,C
S3393,Engineering,,67.67,90.22,60.93,52.97,3.46,88.05,75.92,B
S3394,CS,,67.67,65.04,,94.25,0.28,98.41,50.49,A
S3395,CS,,88.65,87.82,62.77,73.94,4.61,96.79,55.18,A
S3396,Engineering,80.41,89.47,71.87,60.12,86.87,5.71,60.7,89.42,B
S3397,CS,81.2,85.56,68.83,63.79,50.73,2.48,73.25,69.49,D
S3398,Business,71.95,61.93,88.41,50.14,74.41,7.66,95.57,52.27,C
S3399,Engineering,74.33,44.32,65.41,78.51,66.29,3.71,82.04,91.28,A
S3400,Engineering,97.98,60.97,88.12,69.37,51.52,7.49,73.19,65.13,A
S3401,Engineering,86.63,80.79,46.04,94.93,88.78,5.79,55.45,69.31,B
S3402,Engineering,55.53,82.16,78.18,52.04,75.65,8.69,67.59,98.72,D
S3403,CS,60.61,97.9,82.16,52.16,66.66,5.47,83.26,50.78,A
S3404,Business,98.78,67.22,93.95,94.29,90.29,1.86,88.85,86.07,A
S3405,Mathematics,86.32,77.95,53.46,56.33,72.35,8.23,72.36,97.44,A
S3406,CS,95.75,72.35,76.25,50.11,50.17,7.83,52.79,53.19,B
S3407,CS,65.19,49.04,66,58.95,97.22,9.72,81.66,93.3,C
S3408,CS,87.09,67.67,62.97,91.19,62.78,0.94,96.08,70.81,A
S3409,Engineering,85.7,72.69,46.4,90.14,91.53,5.91,74.82,93.9,B
S3410,Engineering,64.73,97.04,48.05,67.01,90.82,4.92,96.42,65.41,A
S3411,Business,77.54,61.99,90.22,83.4,58.12,6.71,67.71,99.13,C
S3412,Business,81.37,98.81,84.99,,73.7,9.8,94.32,82.35,C
S3413,Engineering,74.06,72.54,62.94,95.24,52.01,5.32,89.32,81.35,D
S3414,Engineering,91.36,54.55,89.71,,67.73,6.86,98.09,90.3,A
S3415,Engineering,91.64,51.5,44.85,90.66,86.55,3.47,89.55,71.83,A
S3416,Engineering,,48.5,77.49,58.53,61.85,2.99,66.07,62.93,B
S3417,Engineering,90.17,67.18,92.09,69.58,55.86,3.35,95.03,63.15,A
S3418,Engineering,74.4,41.32,90.33,59.6,75.36,0.39,83.49,66.53,D
S3419,Engineering,,66.7,62.37,85.13,76.85,2.85,58.1,80.87,F
S3420,Engineering,91.57,99.3,84.71,83.92,83.79,1.73,52.3,91.92,A
S3421,Engineering,74.51,80.21,65.65,77.39,87.96,4.57,68.29,74.98,F
S3422,Business,62.32,85.59,90.41,84.91,84.79,4.61,89.34,70.17,A
S3423,Engineering,75.37,47.14,71.85,81.98,92.27,7.65,80.91,89.69,F
S3424,Engineering,57.09,68.39,85.89,,61.15,5.02,76.36,64.48,C
S3425,Engineering,,57.17,44.71,61.97,78.49,4.63,50.19,84.45,D
S3426,Engineering,66.8,93.65,75.4,71.45,68,2.32,71.78,55.29,B
S3427,CS,63.03,50.88,73.02,57.58,98.11,8.52,57.89,55.66,B
S3428,CS,97.83,67.52,76.6,71.48,72.01,0.91,72.73,82.2,A
S3429,Engineering,88.84,75.28,81.74,85.08,97.99,9.82,99.59,54.14,B
S3430,Engineering,89.35,70.84,95.09,84.57,88.45,4.76,93.98,57.75,B
S3431,Mathematics,,89.81,87.14,85.47,85.92,1.86,65.53,81.22,B
S3432,CS,91.96,53.89,53.18,65.44,74.58,3.54,79.68,71.91,B
S3433,CS,87.96,62.64,89.55,83.11,72.17,0.15,75.1,78.06,A
S3434,CS,79.94,87.53,47.32,,76.33,1.67,56.5,98.85,A
S3435,CS,98.06,71.68,77.33,97.22,64.68,3.35,99.49,81.6,B
S3436,Business,59.58,64.13,92.97,,95.23,5.54,71.26,79.54,F
S3437,CS,97.17,41.77,46.07,80.15,89.72,1.29,75.28,69.01,A
S3438,Engineering,70.07,85.2,90.98,87.51,90.07,6.76,82.38,81.54,F
S3439,Engineering,76.42,98.33,87.92,95.32,71.66,8.44,59.58,50.65,F
S3440,Engineering,,77.22,70.23,71.9,53.55,5.72,61.11,77.87,D
S3441,Business,77.01,91.39,58.53,68.02,84.15,2.97,59.63,53.44,B
S3442,Engineering,80.56,71.01,64.33,71.5,68.72,1.21,69.22,61.01,A
S3443,CS,99.89,53.9,98.12,,93.52,0.16,59.98,78.16,B
S3444,Business,,40.87,52.1,,89.02,7.32,96.32,83.4,D
S3445,Business,98.32,79.2,74.78,96.64,57.27,6.28,85.72,69.24,B
S3446,CS,67.42,69.59,44.99,56.3,80.09,4.76,94.89,70.95,F
S3447,CS,99.56,86.93,53.07,78.05,84.61,1.02,92.42,74.9,A
S3448,CS,72.77,81.68,85.8,94.88,78.41,2.07,85.16,87.95,C
S3449,CS,,99.28,58.16,55.01,75.7,8.15,62.14,50.88,F
S3450,Mathematics,,70.62,99.15,,61.39,4.8,80.77,72.35,F
S3451,Engineering,75.29,65.63,70.05,93.26,61.8,9.63,59.31,50.71,B
S3452,CS,98.3,57.2,70.99,95.02,88.4,10,56.62,65.96,A
S3453,Business,97.35,68.61,42.18,75.72,50.93,8.01,81.63,75.99,A
S3454,Engineering,84.19,92.37,97.39,51.25,88.95,2.58,81.23,54,D
S3455,CS,89.89,42.55,50.45,55.28,76.34,2.31,57.83,74.26,B
S3456,Mathematics,,98.67,72.3,79.34,96.81,2.54,67.62,96.23,C
S3457,Business,86.08,99.6,63.74,56.19,99.87,9.87,53.31,84.27,A
S3458,Business,80.9,75.87,64.94,57.47,83.17,3.35,85.79,89.11,F
S3459,Engineering,54.58,59.89,78.6,88.61,70.61,7.06,99.37,79.02,D
S3460,Business,55.66,53.38,79.73,87.53,73.75,9.59,87,94.82,D
S3461,CS,55.42,56.59,49.26,92.14,60.21,8.2,92.21,57.34,D
S3462,Engineering,86.22,43.01,69.98,55.29,54.96,5.98,73.82,72.49,A
S3463,Mathematics,57.09,68.51,87.43,59.91,78.94,1.69,54.78,79.85,D
S3464,CS,,43.44,66.6,91.65,90.27,1.75,86.33,93.67,A
S3465,Business,,83.11,49.95,86.05,63.09,4.92,62.83,65.4,C
S3466,Engineering,77.53,62.32,58.79,90.3,70.98,9.52,69.41,50.06,F
S3467,CS,85.32,51.96,52.74,99.49,77.74,9.04,85.15,98.72,A
S3468,Business,84.24,72.69,47.55,93.22,95.39,1.66,95.24,51.3,D
S3469,CS,75.78,98.43,62.65,76.02,56.93,2.88,74.31,57.62,A
S3470,Engineering,73.22,81.71,72.46,,61.84,5.89,98.08,71.1,C
S3471,CS,69.89,69.5,44.37,78.48,95.93,4.77,76,74.82,C
S3472,Mathematics,93.1,86.61,76.23,81.93,51.98,1.19,56.13,91.72,A
S3473,CS,66.54,84.25,99.58,66.77,82.81,3.69,75.92,72.39,A
S3474,CS,62.97,93.5,97.85,,81.98,9.55,93.03,77.37,B
S3475,CS,87.17,52.28,89.75,54.64,69.16,9.51,76.9,60,A
S3476,Mathematics,67.99,91.53,55.98,88.97,73.41,5.59,87.39,78.46,C
S3477,Business,92.35,58.06,41.34,51.6,92.75,6.35,77.4,67.42,B
S3478,Business,66.39,96.46,90.01,74.9,58.25,2.22,77.3,54.94,F
S3479,Engineering,85.1,56.86,43.34,93.07,61.58,7.42,64.24,97.32,A
S3480,Engineering,52.26,95.61,52.34,54.32,75.62,0.52,60.06,54.08,F
S3481,CS,69.28,97.83,72.67,75.89,70.49,2.21,63.95,83.89,C
S3482,Engineering,67.16,48.73,50.7,57.97,78.72,0.06,72.04,95.41,A
S3483,CS,90.83,98.47,90.03,,96.04,3.86,90.48,58.96,A
S3484,Mathematics,98.35,45.14,86.63,91.62,95.86,8.5,91.45,61.86,A
S3485,Business,,53.11,85.35,96.7,61.5,9.83,58.17,71.34,D
S3486,Engineering,91.24,66.65,88.97,93.75,65.11,6.68,77.64,64.73,B
S3487,CS,84.98,99.62,53.18,86.83,58.1,7.45,70.8,87.95,A
S3488,Business,98.37,69.31,83.73,59.24,96.39,2.63,78.55,66.91,B
S3489,CS,90.56,73.02,61.32,65.13,69.89,5.2,82.38,99.29,A
S3490,CS,53.87,81.67,80.01,74.84,72.49,7.37,63.98,92.94,D
S3491,CS,85.66,98.1,47.32,,90.13,4.97,95.96,94.77,A
S3492,Engineering,76.77,87,82.34,89.11,75.65,0.89,96.77,53.18,A
S3493,Business,50.82,53.45,98.33,61.35,55.99,7.41,55.27,58.82,C
S3494,CS,62.57,58.18,42.62,56.41,71.89,2.2,85.15,58.47,B
S3495,CS,96.09,45.86,45.63,74.13,81.53,0.98,51.66,83.6,A
S3496,Engineering,,78.67,47.42,57.89,85.96,4.78,52.33,50.6,A
S3497,Business,89.94,50.84,65.83,84.69,82.27,0.75,97.89,90.32,B
S3498,CS,,55.44,57.45,,55.96,6.29,84.74,77.35,A
S3499,CS,90.33,93.29,88.42,87.06,65.22,6.4,66.23,78.32,A
S3500,Mathematics,50.51,59.61,68.43,53.17,86.68,2.57,83.49,76.87,F
S3501,Mathematics,64.39,74,69.07,98.23,94.01,9.65,92.29,76.77,F
S3502,Mathematics,51.53,63.85,83.02,50,52.36,8.24,93.55,59.89,C
S3503,Business,54.71,44.44,61.72,66.27,52.11,1.1,51.03,64.16,F
S3504,CS,60.94,61.77,61.19,83.98,82.17,7.49,90.91,74.38,F
S3505,CS,75.18,64.48,85.42,52.26,77.4,3.53,92.66,83.89,F
S3506,CS,92.38,93.74,86.8,54.17,57.77,7.5,79.78,63.6,A
S3507,CS,93.1,59.47,40.86,53.83,77.41,8.01,74,90.31,A
S3508,Mathematics,80.81,62.75,48.63,,98.72,1.51,55.55,90.53,B
S3509,Business,96.41,86.97,52.79,94.8,81.55,6.62,61.98,63.69,A
S3510,Business,75,85.54,61.1,,72.46,8.63,74.52,78,D
S3511,CS,,87.9,57.49,80.18,91.38,3.23,93.25,67.45,F
S3512,Mathematics,72.7,97.23,80.11,67.3,60.64,0.8,90.16,59.53,C
S3513,Business,63.86,87.73,89.69,50.94,70.72,0.27,74.8,90.3,C
S3514,CS,95.82,64.46,51.53,51.08,76.39,1.1,89.28,99.57,A
S3515,Business,69.4,89.29,73.78,94.42,75.23,0.04,88.29,78.29,F
S3516,CS,75.17,70.52,62.07,55.13,96.05,3.27,78.95,95.7,D
S3517,CS,66.44,56.66,70.35,,64.63,2.99,61.02,82.11,D
S3518,Engineering,83.14,58.18,77.25,58.22,52.83,1.1,67.4,78.29,B
S3519,Engineering,99.75,53.43,93.62,83.73,95.82,6.51,58.2,74.01,A
S3520,CS,,48.7,51.54,97.45,60.85,9.92,50.36,61.79,C
S3521,CS,94.99,51.07,45.22,68.11,68.95,9.01,54.03,54.21,B
S3522,Mathematics,50.2,43.79,77.63,86.72,76.54,2.53,87.98,72.12,F
S3523,Engineering,68.21,93.31,63.65,67.54,98.79,7.7,51.67,78.07,B
S3524,Business,58.43,95.86,49.77,65.25,76.76,9.37,69.99,75.47,C
S3525,CS,87.87,75.21,47.03,60.09,72.39,9.06,99.29,84.78,B
S3526,CS,52.53,90.43,73.53,91.05,79.18,8.85,89.76,59.6,C
S3527,CS,77.67,51.01,58.03,,98.54,7.86,87.53,67.71,B
S3528,CS,64.75,94.1,99.85,64.16,90.9,2.93,63.74,70.78,D
S3529,CS,56.68,70.38,64.35,99.95,58.45,0.84,82.09,59.33,F
S3530,CS,,44.03,52.74,66.37,90.16,4.88,74.94,95.32,F
S3531,Engineering,60.87,48.48,77.73,71.14,92.05,0.55,81.19,84.08,A
S3532,CS,61.18,58.54,54.66,99.5,84.53,9.98,71.79,54.59,D
S3533,Business,63.75,42.61,69.65,68.47,82.86,3.58,76.55,85.64,D
S3534,CS,79.34,58.56,68.95,68.31,72.04,9.58,99.42,77.39,B
S3535,Engineering,82.98,43.6,67.21,91.39,82.08,7.73,66.47,76.2,D
S3536,CS,50.88,54.16,87.77,65.6,86.88,4.11,60.82,99.49,F
S3537,Engineering,62.09,55.94,53,61.69,56.14,1.18,72.42,80.91,C
S3538,CS,,99.66,94.26,,62.87,2.37,76.22,94.84,C
S3539,Mathematics,66.6,54.13,87.48,85.03,59.7,6.73,54.28,95.68,B
S3540,Business,94.21,54.35,59.99,52.16,92.06,8.3,90.3,55.07,A
S3541,Engineering,89.39,81.21,50.84,68.7,84,9.79,71.1,50.42,A
S3542,CS,81.29,91.56,56.77,67.31,72.54,1.32,70.66,71.76,F
S3543,Engineering,66.9,63.22,59.96,62.24,91.3,1.56,82.94,88.46,D
S3544,Business,85.03,92.54,73.42,82.71,85.84,0.42,88.66,91.21,A
S3545,CS,92.18,60.41,42.78,64.5,95.68,2.6,99.3,89.37,A
S3546,Engineering,79.74,51.82,94.86,80.34,53.84,8.21,58.68,72.36,B
S3547,Business,89.22,59.78,45.92,75.22,75.46,1.98,67.28,87.5,A
S3548,Business,87.46,76.56,56.76,60.86,85.34,5.48,58.41,85.94,A
S3549,Business,78.59,62.03,46.56,63.33,60.37,4.46,94.04,65.69,C
S3550,Business,,80.37,55.4,58.53,66.36,3.26,77.42,58.44,D
S3551,Mathematics,87.29,54.22,90.26,52.83,70.95,6.18,92.62,81.07,A
S3552,Engineering,60.34,82.06,76.91,80.96,89.72,5.02,99.26,83.85,C
S3553,Engineering,,60.85,53.64,83.64,74.68,3.35,77.51,78.4,F
S3554,Business,90.23,67.35,92.31,58.3,74.64,6.89,55.91,60.66,A
S3555,Engineering,91.11,73.46,88.04,80.77,71.54,2.8,68.06,63.83,A
S3556,Mathematics,73.65,81.17,85.22,99.1,61.43,6.43,51.81,85.42,C
S3557,CS,59.62,54.32,90.86,53.72,96.15,9.57,92.47,98.13,C
S3558,CS,54.99,90.16,77.18,74.52,65.89,7.29,50.89,97.24,D
S3559,CS,87.17,83.31,70.09,86.65,78.37,4.18,79.61,75.98,B
S3560,CS,94.31,54.05,62.44,52.3,57.44,7.48,55.31,94.33,A
S3561,CS,82.54,98.5,53.43,88.91,71.71,8.09,50.38,51.47,F
S3562,Business,57.21,79.89,73.44,98.98,95.19,3.26,62.81,93.06,F
S3563,CS,96.74,67.15,93.37,54.42,99.77,7.05,77.59,73.81,A
S3564,Business,99.46,49.45,75.64,91.11,68.09,4.34,53.75,89.08,A
S3565,Engineering,71.67,71.99,95.18,68.93,57.7,8.19,80.74,50.28,D
S3566,CS,79.74,49.89,61.42,57.21,65.72,2.95,83.6,93.43,F
S3567,CS,,65.77,81.71,74.66,66.36,9.38,98.48,79.75,B
S3568,Engineering,,64.52,78.92,53.58,82.23,5.75,94.98,62.01,B
S3569,Business,98.39,83.2,80.23,76.11,74.81,3.53,78.34,67.37,B
S3570,Business,55.74,51.54,78.7,50.97,88.42,4.19,89.67,60.03,C
S3571,Business,79.04,89.31,53.3,86.43,85.07,3.48,68.18,71.22,A
S3572,Mathematics,84.6,59.57,48.62,74.4,62.57,1.46,79.29,66.5,C
S3573,Engineering,94.5,66.64,98.72,72.95,89.21,0.68,70.17,76.73,B
S3574,Mathematics,,86.34,42.72,59.81,92.37,3.22,66.85,90.74,A
S3575,Business,98.9,77.52,68.06,68.06,79.92,4.59,86.38,99.11,A
S3576,Business,75.6,58.48,65.5,59.09,96.38,3.62,64.83,62.57,B
S3577,CS,91.54,63.17,61.6,86.77,89.15,0.14,69.03,55.33,A
S3578,Mathematics,71.36,58.35,86.92,59.95,79.77,5.79,68.36,69.78,F
S3579,Engineering,71.12,75.69,84.72,80.84,95.31,1.45,93.52,57.18,D
S3580,Business,62.67,59.96,94.31,63.98,80.02,2.11,58.52,91.71,A
S3581,CS,90.91,83.54,63.73,82.85,76.06,1.21,69.07,75.06,B
S3582,CS,99.29,74.79,73.85,77.02,67.81,5.2,94.39,81,A
S3583,CS,62.82,48.74,93.54,71.17,94.14,0.95,50.77,57.53,B
S3584,CS,52.81,58.62,99.63,83.65,56.14,2.56,97.39,87.48,D
S3585,CS,90.78,53.29,98.16,70.79,73.68,4.52,94.95,98.68,A
S3586,Business,81.01,63.42,83.07,91.07,76.87,1.68,70.89,74.12,F
S3587,CS,97.98,70.96,48.59,,77.74,4.46,82.65,98.12,B
S3588,CS,62.61,70.41,41.39,77.03,82.59,3.43,99.55,51.74,B
S3589,CS,53.55,85.27,89.51,93.85,75.29,8.61,77.75,51.79,D
S3590,Engineering,74.62,51.35,90.46,91.44,62.84,7.95,54.84,98,B
S3591,CS,54.27,96.79,84.78,76.59,92.85,9.93,92.68,85.01,D
S3592,CS,63.09,60.57,56.8,53.42,82.88,5.29,56.71,59.43,F
S3593,Engineering,56.3,58.01,78.39,78.3,92.91,5.75,62.86,68.19,C
S3594,Engineering,,81.11,58.97,67.76,63.8,9.47,93.68,75.39,D
S3595,CS,55.31,88.33,67.04,77.01,81.85,4,62.8,85.13,F
S3596,CS,97.7,62.71,62.95,82.36,85.71,5.56,87.25,92.1,A
S3597,CS,63.93,84.81,94.82,82.24,69.17,3.79,72.38,54.13,D
S3598,Mathematics,72.19,93.02,54.05,83.68,90.61,5.46,87.99,82.83,B
S3599,CS,94.93,86.01,74.66,83.96,50.13,0.81,61.62,73.84,A
S3600,Engineering,83.87,42.05,61.66,55.46,79.75,7.84,70.98,79.88,A
S3601,CS,80.9,89.64,79.78,59.59,80.68,9.85,65.91,75.43,F
S3602,Engineering,85.28,86.47,73.87,81.53,76.69,0.66,62.45,72.53,A
S3603,CS,91.44,80.16,95.44,,81.5,8.01,65.72,60.28,A
S3604,CS,93.88,85.6,46.1,88.14,58.36,2.42,66.15,73.62,A
S3605,Engineering,82.13,98.77,53.24,56.25,84.24,1.98,97.77,59.48,F
S3606,CS,94.5,65.87,85.98,59.58,66.79,6.93,76.66,52.23,A
S3607,CS,76.77,44.03,62.13,77.92,72.6,0.44,73.1,68.69,B
S3608,Engineering,63.86,67.65,49.95,75.04,66.66,4.63,75.17,51.25,F
S3609,Mathematics,94,42.79,70.2,63.32,73.7,0.01,99.81,78.13,A
S3610,CS,,57.66,79.13,70.42,81.08,5.54,82.68,53.62,C
S3611,Engineering,95.31,75.21,42.69,51.75,91.92,4.62,85.17,71.88,B
S3612,Mathematics,52.01,58.58,57.5,51.85,74.17,9.15,65.68,99.01,D
S3613,Business,69.88,81.12,88.57,54.75,66.16,7.2,73.58,50.49,D
S3614,Engineering,97.39,89.32,71.21,,74.4,1.26,59.2,68.34,A
S3615,Business,62.48,65.23,42.12,93.19,84.44,3.55,84.26,83.66,C
S3616,CS,,94.01,56.92,63.01,67.34,9.32,67.22,57.95,C
S3617,Engineering,97.7,44.79,78.35,51.7,70.71,7.25,87.41,78.04,A
S3618,CS,94.11,90.41,51.96,,78.14,5.94,60.66,62.91,A
S3619,CS,78.18,89.71,89.64,92.77,64.7,5.59,70.18,61.14,A
S3620,Engineering,82.35,59.32,80.59,56.91,60.45,3.98,73.56,94.75,B
S3621,CS,,57.92,68.28,69.29,57.02,5.85,58.33,60.16,F
S3622,Engineering,88.79,58.31,94.94,57.94,67.63,7.72,53.48,68.83,A
S3623,Engineering,81.5,88.68,63.51,,52.42,1.28,65.85,58.48,C
S3624,Engineering,99.11,89.9,54.1,82.41,79.17,9.7,77.24,64.19,A
S3625,CS,84.28,59.78,79.68,98.38,58.8,2.39,82.63,64.66,B
S3626,CS,98.77,75.56,74.4,83.91,68.87,4.48,71.26,66.34,B
S3627,Engineering,52.87,48.34,60.11,99.24,63.46,0.23,75.01,82.05,D
S3628,Mathematics,56.95,68.13,60.62,71.72,81.52,5.5,77.16,87.13,F
S3629,CS,72.57,99.93,63.89,94.89,92.52,3.82,75.6,75.53,A
S3630,CS,69.24,49.53,57.47,60.25,81.67,2.5,54.52,80.52,A
S3631,Business,89.14,96.85,82.61,,77.13,9.86,70.25,90.66,B
S3632,CS,58.03,89.46,79.08,85.13,83.45,4.28,60.22,99.98,C
S3633,Business,98.8,98.33,66.45,68.57,51.5,4.14,76.69,72.83,A
S3634,Engineering,65.75,50.77,63.87,,56.14,4.63,87.9,96.82,C
S3635,Engineering,,52.81,61.9,83.56,54.75,1.16,78.97,74.52,A
S3636,CS,63.74,41.01,57.01,66.67,54.91,3.93,61.09,89.1,F
S3637,CS,78.97,83.48,45.14,78.63,63.02,3.36,60.39,78.66,C
S3638,CS,52.93,78.65,56.09,64.97,76.6,4.65,51.85,94.2,C
S3639,Business,,50.68,59.27,89.19,55.73,8.57,71.32,72.44,B
S3640,Business,87.29,87.47,72.86,65.62,96.76,1.93,71.64,84.79,A
S3641,Engineering,59.33,57.95,86.43,76.75,92.71,6.08,61.82,73.32,D
S3642,Business,61.78,48.1,63.74,,98.58,0.38,88.21,92.85,C
S3643,CS,,65.35,96.69,89.59,52.13,3.17,69.32,99.72,A
S3644,Engineering,,45.46,89.64,81.02,92.57,4.73,83.47,62.17,D
S3645,Engineering,71.87,55.79,99.09,59.61,90.19,0.74,82,73.72,A
S3646,Business,,62.28,92.57,60.77,95.11,5.44,80.24,54.06,B
S3647,CS,67.34,91.11,77,,76.4,3.1,95.4,57.05,A
S3648,Engineering,84.95,87.55,75.91,78.83,89.39,9.93,50.79,96.46,F
S3649,Business,54.51,66.57,47.77,77.42,52.56,6.31,53.4,77.18,C
S3650,Engineering,94.42,83.47,83.34,63.69,53.79,2.44,86.11,69.76,A
S3651,CS,95.47,74.12,76.01,84.7,55.93,1.03,67.68,83.57,A
S3652,Engineering,55.25,60.45,70.42,94.45,95.74,0.41,99.33,78.01,C
S3653,CS,99.54,83.55,81.6,52.18,53.06,0.91,60.82,64.44,B
S3654,Engineering,64.88,81.01,66.64,70.86,55.01,6.8,59.17,61.33,A
S3655,Mathematics,,77.15,71.43,79.68,96.52,8.55,79.41,79.51,F
S3656,Engineering,50.25,77.08,63.9,,55.37,1.57,63.97,59.41,F
S3657,Engineering,70.43,80.98,83.04,50.98,93.49,4.02,67.02,56.96,D
S3658,Engineering,81.49,63.07,92.6,60.53,89.46,3.54,96.05,65.92,D
S3659,CS,,92.14,90.45,53.09,52.01,6.45,51.31,93.07,D
S3660,CS,91.84,49.74,87.16,78.45,51.09,1.83,76.56,51.84,A
S3661,Mathematics,85.83,93.03,40.83,82.27,76.72,9.53,66.74,91.66,A
S3662,Engineering,67.51,60.54,94.71,57.99,99.86,7.29,67.3,81.05,A
S3663,CS,86.72,47.5,56.49,66.65,93.94,9.55,62.39,52.02,A
S3664,CS,97.02,76,93.28,66.49,65.5,2.77,56.74,80.1,A
S3665,Engineering,54.65,62.56,51.82,90.99,69.32,5.88,51.72,71.3,C
S3666,Business,,88.93,66.38,59.73,69.4,7.32,99.38,92.06,C
S3667,Business,73.17,65.85,84.96,77.42,86.71,7.11,83.02,95.36,D
S3668,CS,74.9,80.11,78.42,89.15,67.06,0.21,88.86,64.32,A
S3669,Mathematics,77.11,58.5,64.96,91.48,57.39,9.98,53.25,89.21,C
S3670,Engineering,65.03,52.57,80.72,83.33,87.36,9.28,50.74,65.49,B
S3671,Engineering,,63.28,72.94,64.98,72.9,1.2,80.01,64.78,D
S3672,Engineering,82.25,76.41,56.54,91.15,53.84,5.44,86.19,59.63,A
S3673,CS,78.89,79.42,78.78,,89.5,3.15,69.74,83.92,B
S3674,Mathematics,,74.69,52.25,85.22,79.27,8.79,69.39,63.08,F
S3675,CS,73.85,99.28,81.64,53.37,74.47,6.98,69.22,73.24,A
S3676,CS,67.81,81.47,40.19,52.16,83.67,2.24,57.64,90.61,B
S3677,Business,74.55,95.89,72.93,84.77,75.27,0.34,87.7,89.6,F
S3678,Engineering,96.09,47.08,64.06,97.24,82.42,2.92,60.76,92.77,A
S3679,Business,74.03,43.68,58.19,88.69,93.37,0.38,66.22,58.05,A
S3680,Engineering,50.7,58.66,70.94,91.57,80.68,1.41,83.56,79.34,D
S3681,CS,71.94,48.2,78.72,77.25,82.98,6.36,50.01,95.74,C
S3682,Mathematics,91.03,71.55,97.92,65.23,80.69,7.45,88.31,52.1,A
S3683,CS,89,71.14,89.98,,76.56,4.68,94.95,89.73,A
S3684,Business,75.67,74.5,83.03,85.6,58.6,6,52.58,62.31,B
S3685,CS,,84.71,68.74,83.77,66.78,1.56,79.58,83.48,F
S3686,Business,73.25,98.28,63.53,97.34,84.66,3.17,70.42,85.87,F
S3687,CS,78.19,92.7,41.95,68.36,71.27,7.13,53.92,96.28,B
S3688,Engineering,99.99,47.1,61.55,51.98,70.31,3.65,84.11,75.44,A
S3689,Business,82.21,60.31,90.9,95.42,87.96,3.49,80.62,92.41,A
S3690,Engineering,84.71,55.35,63.04,,50.28,1.94,82.13,52.27,C
S3691,Business,74.57,50.61,67.7,84.87,83.95,5.95,90.67,71.03,C
S3692,Business,,72.68,56.31,93.66,74.46,8.1,64.35,71.98,A
S3693,Business,90.65,73.2,56.45,65.51,68.84,4.69,83.85,76.91,A
S3694,Mathematics,74.75,53.63,43.71,,67.03,1.16,87.17,74.07,B
S3695,Engineering,99.73,82.71,76.83,,58.64,8.38,58.44,98.4,B
S3696,CS,72.86,83.97,66.88,89.71,66.71,0.71,97.85,53.93,F
S3697,CS,,41.26,76.36,53.49,69.57,4.72,67,63.25,B
S3698,CS,84.13,63.75,72.81,82.76,71.87,2.61,85.69,98.43,F
S3699,CS,52.33,93.41,87.93,83.86,83.62,9.36,87.7,72.27,D
S3700,Engineering,62.53,71.22,85.06,,72.68,7.38,75.2,78.56,A
S3701,CS,67.69,60.86,86.29,84.35,89.81,5.66,56.44,54.05,F
S3702,CS,86.97,55.22,69.95,96.16,81.99,6.68,63.78,64.2,A
S3703,CS,74.71,54.6,61.23,86.69,59.48,5.33,61.71,51.98,F
S3704,Business,51.43,45.99,96.01,98.06,63.86,1.48,75.93,56.88,F
S3705,Engineering,80.84,89.03,43.26,72.43,53.96,7.09,63.06,81.67,D
S3706,CS,70.57,45.2,49.16,76.41,97.29,4.93,77.34,88.18,D
S3707,Business,96.09,57.54,65.18,63.19,94.33,6.34,64.41,93.5,A
S3708,CS,,42.74,76.84,99.28,54.24,0.45,50.05,62.57,F
S3709,Mathematics,85.45,86.88,40.49,52.76,78.7,1.42,68.16,66.64,A
S3710,Engineering,,42.36,83.16,67.93,98.02,5.89,80.34,78.47,F
S3711,CS,88.05,58.5,73.52,64.88,87.36,4.59,88.68,54.18,A
S3712,Engineering,86.05,74.4,69.08,69.33,74.59,2.27,51.42,90.34,A
S3713,Business,95.2,64.57,65.41,95.89,62.06,2.41,62.92,74.16,B
S3714,Engineering,51.69,56.94,71.17,68.4,63.95,6.32,99.27,98.28,C
S3715,Business,72.38,56.51,49.71,95.85,86.81,0.59,63.09,55.87,B
S3716,CS,83.96,87.87,46.52,71.17,89.03,4.34,88.86,56.66,B
S3717,CS,54.76,98.44,57.38,92.74,76.43,5.23,75.47,67.43,C
S3718,CS,70.53,60.88,82.57,76.09,56.05,3.08,56.11,60.34,D
S3719,CS,97.11,42.35,75.3,,96.69,8.21,82.17,84.83,B
S3720,CS,,42.19,68.81,72.47,92.24,0.57,98.32,97.34,F
S3721,Mathematics,99.27,85.55,74.29,,57.03,8.66,94.34,54.5,A
S3722,CS,52.84,73.14,73.56,,52.84,7.23,84.51,62.11,C
S3723,Engineering,85.89,87.02,58.42,64.48,76.79,4.46,75.61,61.89,A
S3724,Engineering,79.05,81.85,45.85,59.32,64.21,9.24,65.97,75.45,F
S3725,Business,75.03,94.45,93.81,66.8,64.16,7.02,67.85,72.6,B
S3726,Mathematics,98.54,93.15,75.99,81.22,54.36,9.31,67.31,86.34,A
S3727,Business,56.48,87.3,81.86,69.33,97.67,4.73,96.1,86.63,C
S3728,Mathematics,94.8,68.51,67.84,85.62,91.51,4.53,60.57,78.64,B
S3729,Business,84.56,58.49,85.39,99.35,55.69,5.31,68.9,79.55,D
S3730,Mathematics,62.95,70.42,75.07,,93.83,0.65,71.6,92.12,F
S3731,Business,95.08,70.12,43.23,73.13,84.15,9.08,70.45,69.85,B
S3732,CS,71.46,76.62,93.41,58.21,66.27,6.68,50.21,50.62,C
S3733,Engineering,,51.17,58.33,,93.56,6.18,63.55,60.65,B
S3734,Engineering,69.44,79.34,48.27,86.34,79.9,9.26,74.93,51.77,C
S3735,CS,92.55,67.4,45.28,60.87,92.43,9.94,88.02,69.67,A
S3736,CS,81.83,77.21,83.23,59.1,73.46,1.63,78.47,67.89,C
S3737,Engineering,57.05,54.38,82.24,68.82,75.03,7.49,69.24,54.93,D
S3738,Mathematics,82.48,66.06,82.01,90.93,64.55,5.8,83.26,87.75,C
S3739,CS,59.57,52.61,94.95,,69.38,4.61,83.29,77.65,F
S3740,Business,70.6,92.52,60.94,97.88,78.39,9.78,62.4,61.29,C
S3741,Business,58.51,69.28,73.67,,97.35,8.5,55.19,87.96,F
S3742,Mathematics,,53.5,77.17,57.56,80.01,6.97,90.16,83.4,C
S3743,Mathematics,60.59,42.47,98.77,52.13,57.37,3.83,76.49,59.58,F
S3744,Business,76.82,80.54,58.74,69.95,50.35,6.66,58.83,99.14,F
S3745,Engineering,,52.88,97.38,76.1,92.55,5.32,63.1,58.87,D
S3746,CS,75.07,99.37,48.92,,68.22,2.49,88.32,88.59,B
S3747,Engineering,62.38,72.02,85.84,56.71,65.75,4.5,82.66,98.41,B
S3748,Business,84.26,57.34,77.97,56.24,90.04,2.12,97.26,86.28,C
S3749,Business,,79.46,89.01,52.34,97.27,5,73.25,83.29,C
S3750,Business,67.9,56.51,41.72,92.54,87.4,7.2,52.61,95.17,F
S3751,CS,94.06,89.22,44.69,97.39,58.69,0.37,85.02,63.46,A
S3752,Engineering,82.2,58.49,44.18,55.78,69.57,7.65,62.75,63.86,A
S3753,CS,85.65,99.29,75.58,60.66,87.97,0.2,66.19,82.06,A
S3754,CS,63.87,76.31,76.18,,95.35,5.17,59.83,94.11,B
S3755,CS,50.03,90.66,94.37,93.88,99.93,5.73,65.45,80.87,F
S3756,CS,93.27,44.37,68.06,97.94,75.58,7.61,91.47,98.85,A
S3757,Business,,60.9,44.08,63.09,91.13,7.61,78.84,61.15,B
S3758,CS,56.16,84.25,52.57,65.18,52.33,4.17,55.46,91.29,C
S3759,CS,,79.3,40.48,68.13,64.29,0.66,79.33,96.36,B
S3760,Mathematics,83.07,51.65,86.6,75.12,68.58,6.94,81.68,71.35,C
S3761,CS,82.61,61.37,88.94,84.12,98.78,5.11,94.24,98.1,D
S3762,CS,93.02,55.81,99.88,,50.17,3.33,92.98,60.11,B
S3763,CS,57.01,76.8,64.73,,65.4,2.35,53.14,97.64,D
S3764,CS,71.5,60.67,41.16,54.99,96.52,1.2,93.33,95.14,D
S3765,CS,54.86,58.54,54.08,89.93,65.33,2.95,52.54,53.31,C
S3766,CS,69.48,52.44,75.27,66.72,61.25,4.58,57.71,76.07,A
S3767,Engineering,50.76,64.54,97.72,68.88,86.5,4.78,55.58,76.44,F
S3768,CS,94.91,51.73,46.21,,87.27,5.83,59.08,52.85,A
S3769,CS,,97.75,47.29,96.47,73.61,3.62,90.16,51.98,F
S3770,Business,,49.27,82.11,85.81,97.35,9.2,84.31,50.25,F
S3771,Engineering,53,94.8,80.03,88.79,60.14,4.96,84.35,76.23,F
S3772,Mathematics,61.37,65.71,55.03,87.54,95.67,4.24,96.11,73.19,D
S3773,Engineering,62.97,62.67,88.79,66.05,87.78,0.48,69.59,97.02,D
S3774,CS,69.33,53.88,47.73,87.85,68.41,5.99,50.16,67.12,B
S3775,Business,90.14,78.15,95.54,89.23,90.35,6.03,81.99,82.91,A
S3776,CS,69.33,81.13,52.06,76.67,56.66,5.83,93.4,50.38,C
S3777,CS,60.23,68.05,44.88,,56.55,8.88,98.81,83.18,A
S3778,Engineering,,43.34,60.37,87.99,96.5,7.63,68.19,95.67,D
S3779,Engineering,53.97,95.11,51.27,90.85,54.74,8.67,91.11,67.74,C
S3780,Business,88,98.82,71.62,66.86,50.2,0.59,92.46,65.7,A
S3781,Mathematics,72.24,65.86,81.21,90.08,69.45,3.18,57.22,81.3,D
S3782,CS,86.31,76.82,69.46,90.71,55.19,3.19,81.57,66.43,A
S3783,Engineering,84.11,67.02,79.64,61.71,93.15,6.57,58.66,70.12,C
S3784,Engineering,56.77,59.31,61.9,85.85,96.13,4.49,72.33,63.66,D
S3785,Mathematics,57.14,44.64,41.68,59.33,74.12,7.77,93.96,67.24,D
S3786,Business,87.77,67.36,98.44,54.65,71.27,3.84,89.47,83.97,A
S3787,Mathematics,86.06,89.1,89.16,78.73,76.95,2.22,78.52,96.12,A
S3788,CS,68.9,41.02,44.41,95.43,61.31,2.91,90.44,79.16,F
S3789,Business,53.87,74.93,66.95,51.77,64.9,1.82,57.64,50.5,D
S3790,CS,50.6,92.85,78.1,91.33,55.05,1.98,59.75,63.19,F
S3791,CS,64.41,53.05,51.44,75.32,72.32,2.17,60.44,97.61,B
S3792,Mathematics,50.46,51,74.68,,80.58,0.16,88.8,95.52,C
S3793,CS,61.5,86.34,72.02,92.17,96.51,7.16,94.55,55.78,F
S3794,Mathematics,70.98,55.31,52.5,93.76,86.95,4,78.14,95.42,A
S3795,CS,56.07,51.52,48.47,88.44,86.15,0.23,97.9,98.23,F
S3796,Business,55.21,62.68,85.54,92.15,65.4,3.7,86.4,66.23,D
S3797,CS,94.82,63.55,59.36,58.8,94.41,9.05,78.18,85.05,A
S3798,CS,79.27,92.45,54.64,65.19,97.35,5.11,80.58,78,C
S3799,CS,96.72,77.11,84.27,62.12,96.61,9.87,92.48,66.85,B
S3800,Engineering,67.29,64.36,84.16,87.12,51.94,5.4,54.51,57.67,B
S3801,CS,83.86,72.06,56.58,57.68,80.22,9.63,58.4,68.35,B
S3802,Engineering,60.23,97.24,92.35,59.11,82.16,2.02,63.31,96.39,F
S3803,CS,80.92,46.79,81.3,93.95,64.75,2.9,94.74,90.56,D
S3804,CS,56.48,52.46,60.75,85.29,99.62,7,97.25,66.53,C
S3805,CS,50.1,97.75,65.65,93.77,64.56,9.87,67.81,77.38,D
S3806,Engineering,96.58,97.44,83.6,56.97,60.83,8.25,96.19,70.3,A
S3807,Business,77.74,50.63,52.7,69.95,74.21,5.54,77.34,73.31,A
S3808,Business,96.35,48.71,68.13,64.16,66.16,0.85,73.66,88.06,A
S3809,CS,66.69,65.27,79.21,50.48,96.2,3.64,91.64,77.15,F
S3810,Engineering,66.39,42.98,72.37,64.23,72,0.86,77.3,59.05,F
S3811,Business,,79.29,76.5,68.98,70.51,3.11,72.72,63.45,A
S3812,CS,85.3,44.65,72.77,,81.29,2.59,50.8,78.39,A
S3813,Engineering,78.29,43.48,51.95,78.32,54.06,3.89,50.64,84.64,A
S3814,Engineering,96.27,69.11,64.61,69.16,87.84,8.37,81.38,75.41,B
S3815,CS,,97.47,71.92,52.32,88.42,1.5,53.67,81.01,B
S3816,CS,85.41,65.61,86.8,85.2,73.7,3.06,86.85,89.47,B
S3817,CS,66.52,61.39,79.23,,97.78,2.61,81.12,77.27,C
S3818,Engineering,59.01,99.88,65.6,,78.97,2.96,72.89,98.86,D
S3819,CS,75.52,71.92,98.46,74.28,84.76,3.61,85.49,61.78,D
S3820,CS,75.25,62.51,46.47,98.43,96.22,2.44,99.65,95.98,C
S3821,CS,56.85,63.15,52.41,95.7,83.32,9.43,62.32,62.38,D
S3822,CS,60.09,51.7,60.48,77.57,71.59,4.2,77.85,76.58,F
S3823,CS,70.41,70.73,53.71,72.25,51.24,1.14,92.14,72.8,A
S3824,Mathematics,70.44,66.33,77.53,50.15,86.41,4.68,50.84,68.64,C
S3825,CS,65.88,56.25,42.37,85.55,98.24,1.84,60.18,98.14,F
S3826,Engineering,57.43,49.63,50.65,,73.51,2.16,76.05,63.62,D
S3827,CS,50.22,58.67,57.6,,66.99,2.85,77.61,83.74,F
S3828,Engineering,98.51,70.52,81,79.71,75.96,1.25,54.32,90.2,B
S3829,Engineering,97.17,43.5,92.55,99.64,86.42,7.21,70.37,59.85,A
S3830,CS,74.18,49.22,87.91,92.69,50.03,7.92,75.99,98.66,F
S3831,Business,99.75,96.86,50.92,97.68,94.36,3.94,71.15,77.33,B
S3832,Engineering,83.68,72.57,73.92,66.38,94.32,6.89,85.03,95.72,F
S3833,Business,53.44,43.81,41.8,57.47,77.06,3.89,88.57,83.19,F
S3834,Engineering,55.89,81.59,58.63,89.84,56.12,1.64,73.01,82.47,F
S3835,Mathematics,95.81,43.71,88.36,,83.59,3.97,71.28,67.28,A
S3836,Business,81.5,84.33,67.4,60.57,56.89,5.57,85.27,88.53,C
S3837,Mathematics,92.16,85,49,88.24,75.38,0.41,77.77,51.49,B
S3838,Engineering,,79.06,66.31,79.1,54.68,6.54,93.52,77.79,B
S3839,Engineering,72.4,83.93,51.88,55.48,79.45,7.43,74.06,51.61,B
S3840,Business,52.43,45.28,63.59,75.09,65.9,8.6,78.72,65.34,D
S3841,Business,59.41,83.61,69.27,96.56,91.55,1.03,56.44,54.81,D
S3842,Mathematics,53.33,48.2,60.97,75.32,90,0,91.8,95.58,D
S3843,CS,59.44,60.37,96.22,89.43,99.92,0.73,71.11,81.41,F
S3844,Business,70.53,96.56,73.75,51.45,62.88,9.24,85.95,83.43,D
S3845,CS,55.91,70.17,90.57,86.4,53.09,7.66,71.47,92.56,D
S3846,Engineering,58.34,98.05,85.64,97.34,72.15,8.35,50.05,86.65,D
S3847,CS,72.29,45.34,79.67,74.98,54.17,5.17,70.02,56.21,C
S3848,CS,67.01,68.65,69.81,66.89,58.92,5.27,57.38,80.88,A
S3849,Mathematics,,43.74,40.13,82.33,79.87,2.99,69.93,98.91,C
S3850,CS,71.46,77.81,76.81,95.81,79.61,8.43,66.07,60.71,B
S3851,Engineering,82.22,44.72,61.36,58.84,52.17,8.3,60.13,80.99,D
S3852,Engineering,,50.52,47.07,70.18,72.15,3.92,56.19,78.18,F
S3853,CS,55.39,55.53,66.68,57.81,76.51,3.29,86.43,69.58,F
S3854,CS,54.96,84.92,84.13,,63.4,7.38,87.74,97.73,D
S3855,Engineering,92.64,49.84,97.7,77.02,93.6,0.26,63.25,67.82,B
S3856,CS,75.32,90.8,62.45,97.21,58.05,8.6,74.76,54.68,C
S3857,Business,88.32,47.91,72.56,70.63,62.7,4.46,73.2,98.13,A
S3858,Mathematics,,42.11,91.07,78.35,57.85,4.41,67.76,86.46,F
S3859,CS,91.44,63.7,60.04,94.26,55.83,6.69,63.88,67.12,B
S3860,CS,96.19,98.77,48.54,66.07,93.95,6.46,59.3,64.03,A
S3861,Engineering,81.77,46.62,56.91,,63.89,2.66,93.64,96.4,D
S3862,Business,55.29,46.1,93.95,87.86,86.13,9.43,91.67,63.68,D
S3863,CS,94.76,85.07,49.56,66.53,71.4,9.86,70.86,76.86,A
S3864,CS,89.62,58.73,59.75,,81.79,5.26,86.06,60.75,A
S3865,Engineering,87.54,83.04,67.88,75.15,96.41,5.61,74.92,99.76,A
S3866,Mathematics,51.84,52,90.83,,92.23,5.54,54.27,88.48,F
S3867,CS,89.95,67.6,96.26,63.32,53.45,4.86,91.12,78.38,A
S3868,Engineering,56.9,55.92,65.55,98.67,92.26,9.45,60.96,87.29,D
S3869,Mathematics,61.12,67.09,95.92,75.11,72.59,2.45,85.34,95.82,D
S3870,Engineering,78.86,86.15,49.69,92.82,67.51,1.08,76.37,98.16,B
S3871,Business,63.25,85.72,49.41,59.77,83.62,9.3,84.53,89.3,F
S3872,Engineering,83.07,70.95,96.96,96.97,97.51,2.13,73.56,92.45,A
S3873,Mathematics,80.4,95.7,70.58,89.72,54.71,7.49,85.13,69.89,A
S3874,Engineering,55.41,55.83,51.15,90.43,88.4,2.04,51.64,69.59,D
S3875,Business,82.8,54.42,69.28,69.49,60.18,9.6,52.04,90.41,C
S3876,Engineering,96.2,76.83,86.99,74.28,69.01,7.91,94.82,87.98,A
S3877,Business,58.06,77.28,89.62,,93.69,9.19,87.48,95.05,C
S3878,CS,79.85,42.79,91.84,89.49,77.29,9.51,91.42,56.65,C
S3879,CS,67.09,76.47,74.17,92.45,53.37,0.84,72.83,84.54,A
S3880,Business,72.98,62.47,92.02,53.9,75.4,4.33,72.98,82.38,C
S3881,CS,64.35,84.85,70.6,95.2,89.48,6.48,76.7,89.93,C
S3882,Engineering,,88.49,76.42,96.87,76.44,8.02,62.18,51.23,D
S3883,CS,51.45,73.13,85.52,79.64,58.34,2.41,86.68,91.31,F
S3884,Business,99.08,40.1,65.53,59.34,72.25,9.15,91.47,66.32,B
S3885,CS,81.24,78.18,44.41,90.92,96.22,2.21,95.36,84.36,D
S3886,Business,75.04,84.93,61.01,77.43,82.91,8.66,75.85,80.83,A
S3887,Engineering,69.19,54.94,77.44,90.86,86.49,5.13,70.73,72.01,A
S3888,CS,76.97,67.88,51.54,,89.3,5.15,91.55,87.3,A
S3889,Engineering,69.01,97.94,48.9,54.34,54.53,3.74,87.63,98.06,B
S3890,CS,68,57.89,57.58,80.35,79.08,1.04,93.36,66.17,A
S3891,CS,73.2,53.39,41.93,,68.8,3.47,82.79,87.42,A
S3892,CS,63.8,52.65,84.61,97.31,56.96,4.27,94.17,65.73,F
S3893,CS,59,73.53,55.52,64.83,60.14,4.79,54.45,92.28,F
S3894,Mathematics,77.83,96.99,47.45,60.3,89.06,7.39,83.98,71.86,C
S3895,CS,92.14,76.52,81.95,94.85,58.07,3.52,54.44,72.46,B
S3896,Engineering,57.64,58.2,90.58,57.44,65.62,4.07,87.45,88.59,C
S3897,CS,51.64,78.31,41.19,84.33,64.24,9.06,81.42,74.81,C
S3898,Engineering,62.34,77.49,54.02,65,52.43,7.53,50.8,63.33,B
S3899,CS,98.99,75.82,96.71,78.39,73.11,0.23,79.96,99.78,A
S3900,Engineering,,49.57,63.12,80.81,88.3,8.12,57.31,81.01,B
S3901,Business,79.79,78.07,96.32,70.87,51.11,9.9,57.12,82.26,F
S3902,Engineering,96.46,65.81,56.45,,55.63,9.4,57.52,82.33,A
S3903,CS,72.26,41.12,53.08,56.59,86.01,8.36,74.19,94.17,C
S3904,Engineering,99.16,72.39,52.85,69.57,79.68,6.29,55.78,59.19,A
S3905,CS,64.82,99.36,45.11,71.52,85.76,2.78,56.28,52.96,F
S3906,CS,62.02,60.98,93.79,81.55,61.51,6.54,62.81,69.34,D
S3907,Engineering,81.9,97.93,98.79,70.36,90.19,6.96,50.04,78.25,D
S3908,Engineering,,45.77,97.27,54.85,73.99,2.82,63.79,64.29,F
S3909,Engineering,81.32,83.95,91.12,97.37,80.52,2.55,80.92,84.46,A
S3910,Business,65.25,46.86,90.81,70.8,54.61,3.97,80.08,53.7,B
S3911,CS,80.9,56.41,79.67,67.13,60.25,6.41,98.48,89.54,B
S3912,CS,63.79,74.25,89.57,72.34,88.67,2.93,55.98,85.9,A
S3913,CS,52.55,75.57,52.5,60.83,61.2,5.56,93.28,60.7,C
S3914,Engineering,95.61,86.51,63.27,55.01,54.63,8.99,69.56,64.92,B
S3915,Engineering,94.16,76.92,78.45,57.43,79.86,2.95,69.35,90.35,A
S3916,CS,98.54,75.62,92.49,58.33,77.4,9.66,67.44,88.67,A
S3917,Business,85.83,94.74,79.63,59.88,80.39,4.73,56.24,90.69,A
S3918,Engineering,84.14,67.13,90.34,71,80.92,1.01,73.93,66.11,F
S3919,Engineering,77.95,53.52,68.44,81.19,75.01,0.55,89.37,98.48,F
S3920,Engineering,56.3,49.71,83.04,81.44,74.69,3.39,93.77,85.77,C
S3921,Engineering,59.46,64,98.8,50,96.21,2.59,98.14,53.26,D
S3922,Engineering,64.47,82.77,49.21,96.05,76.69,8.44,89.26,73.89,F
S3923,CS,94.51,42.55,95.62,91.14,80.87,7.38,81.15,83.23,B
S3924,CS,58.65,47.74,71.34,98.2,63.35,8.85,74.88,58.43,D
S3925,CS,96.14,46.37,78.59,68,93.55,5.89,93.74,95.09,A
S3926,Engineering,76.14,75.12,92.67,83.24,51.22,4.35,86.98,87.71,B
S3927,Business,85.78,54.57,64.58,58.4,77.86,2.71,58.06,54.07,B
S3928,Engineering,55.51,49.98,65.12,90.85,69.19,5.83,84.13,95.66,C
S3929,CS,63.45,75.57,71.63,58.07,80.2,6.18,71.55,70.22,B
S3930,Business,97.93,85.68,41.15,66.3,68.01,3.93,79.79,72.62,A
S3931,Business,63.31,59.93,69.8,74.54,85.88,9.37,94.92,89.16,F
S3932,Business,64.83,74.69,57.47,79.73,51.02,6.4,82.63,82.2,A
S3933,Engineering,59.88,45.89,95.68,77.98,70.29,8.37,96.94,71.88,F
S3934,Business,56.45,96.11,45.26,55.1,91.56,6.2,93.32,62.98,C
S3935,CS,61.66,60.21,67.56,71.08,62.51,3.17,56.45,75.84,F
S3936,CS,82.12,99.85,96.85,96.15,52.64,7.37,50.58,78.96,D
S3937,CS,72.77,98.72,94.06,,74.83,2.3,69.22,81.55,F
S3938,Business,77.69,86.73,82.08,79.54,98.83,5.97,93.27,80.25,F
S3939,CS,56.12,41.2,75.36,78.62,53.21,4.02,61.51,80.87,F
S3940,Engineering,90.11,72.61,56.84,55.58,53.5,1.5,84.57,73.79,A
S3941,Engineering,89.2,45.21,62.02,60.01,79.76,4.13,73.8,78.09,A
S3942,CS,51.08,93.71,45.41,62.63,62.5,3.1,87.3,64.43,D
S3943,Business,69.18,87.38,87.17,74.41,70.51,1.12,58.25,57.92,C
S3944,CS,,98.34,59.43,86.57,91.53,8.24,61.95,80.35,D
S3945,CS,89.61,76.5,80.07,73.04,59.94,4.99,62.13,52.35,A
S3946,Business,86.86,71.33,61.46,56.3,85.96,3.46,77.42,53.26,A
S3947,CS,,71.14,67.86,71.97,75.22,5.05,64.48,62.37,C
S3948,Engineering,61.82,63.19,73.3,58.13,95.25,7.55,90.59,59.72,F
S3949,Business,72.81,68.12,88.11,87.56,98.65,0.18,67.34,68.71,F
S3950,Mathematics,59.22,78.12,52.67,58.33,74.25,5.47,83.04,68.56,F
S3951,Business,68.56,95.98,63.93,74.13,79.23,4.79,97.43,55.84,C
S3952,CS,,75.75,47.8,84.67,87.29,8.93,80.35,62.33,B
S3953,Engineering,52.67,91.43,44.55,61.41,65.93,5.56,62.11,50.23,C
S3954,CS,85.74,91.77,76.28,53.8,61.34,1.37,91.52,67.55,A
S3955,CS,77.16,71.13,51.35,,98.23,3.89,50.63,89.82,B
S3956,CS,,60.85,43.59,52.71,71.63,6.21,62.83,63.31,C
S3957,CS,63.59,78.37,93.83,79.39,50.08,0.46,69.37,82.17,B
S3958,Business,,66.75,72.06,87.67,91.89,8.85,59.8,54.91,A
S3959,CS,99.93,44.89,48.08,66.47,79.98,0.68,80.2,50.61,A
S3960,Engineering,95.96,62.67,43.21,74.42,58.43,0.31,77.9,74.92,A
S3961,Engineering,88.89,99.64,47.19,96.44,51.51,0.02,70.32,73.07,A
S3962,Engineering,90.62,42.91,68.28,73.56,64.57,6.84,64.72,59.58,B
S3963,Mathematics,78.69,81.8,80.11,99.83,96.39,4.56,71.7,64.33,D
S3964,CS,59.51,90.47,78.48,57.85,96.67,1.03,64.56,51.53,F
S3965,Engineering,83.85,78.92,48.67,85.45,65.55,8.56,61.06,89.89,D
S3966,Engineering,85.64,74.18,78.01,82.63,91.8,2.03,67.56,65.06,B
S3967,CS,99.27,82.45,64.29,93.62,72.09,3.26,80.12,60.97,A
S3968,Engineering,77.07,65.76,67.88,,82.72,1.78,82.42,90.23,F
S3969,Business,63.57,45.48,88.09,64.01,66.72,9.27,64.87,51.96,A
S3970,CS,84.18,97.74,59.95,56.61,75.8,7.58,97.37,64.23,A
S3971,CS,98.97,65.94,48.82,96.65,64.69,7.24,63.1,63.14,A
S3972,CS,58.86,79.92,92.41,71.33,53.06,0.44,85.61,63.15,D
S3973,Business,66.3,71.88,52.73,95.5,56.97,5.23,54.07,50.57,B
S3974,Business,77.09,43.28,57.64,64.72,64.53,5.75,83.24,96.73,F
S3975,Engineering,,97.16,82.4,56.32,98.81,3.83,73,93.21,C
S3976,Engineering,51.11,87.55,81.01,64.83,98.28,3.22,78.46,70.72,F
S3977,Business,66.85,48.95,88.02,79.86,91.38,8.52,59.2,72.27,D
S3978,Business,,98.9,51.03,92.26,61.63,0.23,71.68,76.21,C
S3979,Business,52.17,84.21,61.14,69.27,72.08,6.25,88.31,73.92,C
S3980,Business,71.45,68.34,47.55,95.74,71.99,3.94,88.35,88.96,D
S3981,Engineering,88.11,76.68,72.46,62.21,69.35,6.66,61.88,74.42,A
S3982,Engineering,97.66,46.4,57.55,,52.24,1.98,67.63,59.44,A
S3983,Business,99.27,73.62,81.34,86.79,76.73,2.39,50.19,55.85,A
S3984,Mathematics,71.1,44.42,40.02,63.7,53.64,5.87,54.5,95.91,F
S3985,CS,97.52,72.69,43.58,51.35,90.1,9.8,56.34,52.42,A
S3986,CS,51.77,73.16,65.95,68.26,84.57,9.75,64.68,94.88,D
S3987,Mathematics,87.3,92.47,97.49,52.26,67.64,2.49,87.95,84.52,A
S3988,CS,82.14,83.5,93.45,95.04,82.36,1.02,75.51,70.24,A
S3989,Business,62.48,54.97,99.64,97.68,61.65,5.9,89.63,59.36,F
S3990,CS,75.37,93.31,65.01,86.77,63.26,4.2,87.75,65.52,A
S3991,CS,56.48,74.39,42.79,86.33,65.71,7.62,79.36,76.49,D
S3992,CS,93.58,76.38,58.36,62.04,89.85,5.28,74.99,82.84,B
S3993,CS,67.89,50.14,80.55,53.7,60.53,5.11,96.57,84.57,D
S3994,CS,81.3,91.47,48.11,90.11,78.14,6.46,78.46,72.36,A
S3995,Engineering,57.94,95.86,58,,60.02,1.26,74.14,68.7,C
S3996,Business,60.31,86.5,43.37,84.08,64.25,6.77,93.46,88.42,C
S3997,Mathematics,99.6,96.45,68.5,88.98,61.77,4.89,53.57,96.27,A
S3998,Engineering,87.65,58.14,52.54,70.47,82.25,8.2,82.8,95.72,B
S3999,Engineering,98.1,91.67,45.47,57.23,76.34,1.39,55.65,77.58,A
S4000,Engineering,64.79,69.33,64.67,89.75,86.06,3.01,90.99,53.95,A
S4001,Engineering,58.23,49.84,61.07,72.69,61,9.5,89.63,53.66,C
S4002,Engineering,75.15,80.13,72.25,91.35,50.46,5.53,75.18,70.14,B
S4003,CS,74.73,81.05,84.94,71.88,84.03,9.29,83.05,86.64,C
S4004,CS,58.75,57.22,46.75,60.85,55.74,6.89,88.63,74.87,D
S4005,CS,86.66,41.65,87.47,58.55,62.32,9.26,74.17,81.37,B
S4006,CS,,51.99,41.58,87.2,65.28,3.18,95.3,92.17,A
S4007,Business,59.32,63.99,66.59,78.74,87.34,0.91,71.85,52.02,D
S4008,CS,66.6,50.05,75.25,70.23,81.29,8.02,94.6,96.19,B
S4009,Business,78.18,51.64,97.42,74.61,59.21,8.04,79.14,66.54,C
S4010,Mathematics,86.32,63.48,74.44,77.48,79.89,6.19,71.31,52.34,A
S4011,Mathematics,74.09,97.71,49.52,,85.41,5.8,50.2,91.77,C
S4012,Mathematics,76.28,85.85,71.05,68.91,69.44,9.15,64.78,96.71,A
S4013,CS,,59.18,63.75,64.62,62.3,1.76,93.4,88.43,F
S4014,Engineering,95.73,97.1,68.76,69.42,83.95,6.17,71.44,90.23,B
S4015,CS,96.44,78.74,51.83,75.03,80.54,0.5,71.07,93.57,A
S4016,Business,84.17,67.33,70.05,58.67,53.9,1.41,74.47,76.12,A
S4017,Business,50.88,68.1,49,69.68,83.33,4.37,64.32,84.02,C
S4018,Business,76.85,64.64,84.64,69.27,74.43,8.21,74.58,64.32,C
S4019,Engineering,81.46,53.98,75.63,64.3,87.67,7.33,68.79,62.49,B
S4020,Business,99.73,63.2,44.71,99.92,59.54,9.74,95.47,80.45,B
S4021,CS,99.8,71.67,93.38,53.68,62.91,0.45,78.2,86.73,A
S4022,CS,92.88,71.68,76.98,82.15,77.17,3.81,91.71,69.86,A
S4023,Business,53.19,85.7,58.97,58.72,74.09,1.59,84.34,70.01,D
S4024,Engineering,,61.53,42.74,91.98,69.32,0.37,60.63,97.71,A
S4025,Mathematics,80.63,83.01,77.93,95.71,87.3,2.64,93.38,75.92,F
S4026,CS,90.04,74.69,62.41,70.07,78.24,2.44,54.36,99.31,A
S4027,Business,70.36,97.71,94.46,91.17,85.51,4.2,72.43,93.14,D
S4028,Engineering,65.98,63.12,42.09,62.5,57.66,1.4,61.96,81.98,D
S4029,Business,,94.07,42.35,57,86.45,4.89,76.88,50.46,F
S4030,Business,57.34,89.24,96.96,65.79,73.08,9.2,65,64.8,C
S4031,Mathematics,67.85,78.26,97.89,67.08,51.69,7.48,86.14,70.88,A
S4032,CS,92.88,79.27,41.66,69.87,61.72,8.42,96.85,82.64,B
S4033,Mathematics,51.9,45.08,82.96,,51.29,8.05,85.45,69.78,C
S4034,CS,57.54,97.01,53.29,70.56,72.84,3.9,67.77,91.39,F
S4035,CS,56.26,46.42,82.08,85.5,66.29,7.09,80,83.15,D
S4036,Engineering,70.15,73.79,92.12,62.28,99.37,7.54,94.43,67.36,D
S4037,Business,99.85,59.8,46.05,50.93,93.43,2.06,63.5,89.22,B
S4038,Engineering,58.67,65.79,54.33,74.48,91.28,8.6,55.91,65.15,F
S4039,Business,57.27,76.61,41.44,72.41,75.06,4.58,56.54,53.14,F
S4040,Business,95.75,94.53,42.63,,90.35,0.16,74.74,58.63,A
S4041,CS,94.1,67.45,41.78,,63.34,6.43,86.61,50.14,A
S4042,Mathematics,51.61,99.26,88.04,75.5,78.03,6.77,82.86,91.62,C
S4043,CS,87.59,75.57,57.9,61.74,69.65,5.52,72.69,81.36,A
S4044,Business,82.77,49.63,69.59,93.88,58.57,2.12,86.46,78.53,B
S4045,CS,88.39,51.4,87.27,58.66,53.63,4.82,81.7,83.1,A
S4046,Engineering,74.73,82.97,69.7,51.01,77.91,4,81.41,82.68,B
S4047,Engineering,99.57,43.02,65.75,72.38,54.88,9.75,60.12,78.27,A
S4048,CS,52.19,68.82,40.69,99.31,85.9,8.25,65.63,92.12,F
S4049,CS,61.72,48.89,74.08,,96.07,7.62,67.22,72.05,B
S4050,CS,69.83,65.99,47.48,67.7,58.11,1.81,90.41,90.24,C
S4051,CS,72.49,85,85.88,50.84,73.55,3.31,88.76,89.33,F
S4052,CS,96.07,67.53,55.46,74.25,86.94,3.8,62.63,59.98,A
S4053,Engineering,,49.81,80.45,60.32,64.34,4.93,52.76,72.69,B
S4054,Business,52.26,55.12,78.77,,96.04,0.3,88.39,91.75,F
S4055,Engineering,70.39,62.05,77,79.15,94.42,5.93,70.49,91.54,B
S4056,Business,70.82,44.17,56.02,63.26,55.19,3.58,60.99,51.2,C
S4057,Engineering,98.27,75.06,56.03,53.44,51.37,5.62,55.85,61.15,A
S4058,Engineering,79.96,76.45,91.78,87.75,98.82,0.09,50.64,71.19,D
S4059,Engineering,81.78,43.73,40.77,79.27,97.82,3.21,71.39,52.36,D
S4060,Engineering,,64.14,50.89,92.11,71.11,7.69,66.99,63.03,B
S4061,Engineering,88.5,64.84,76.61,62.99,52.53,5.01,84.82,62.91,A
S4062,CS,81.75,60.03,89.02,82.64,80.94,7.89,98.83,60.73,A
S4063,Business,61.86,73.46,61.5,,64.67,6.99,60.34,69.83,A
S4064,Business,93.7,60.76,79.21,64.59,96.84,8.55,62.15,90.65,A
S4065,CS,86.61,64.98,73.43,82.83,89.73,0.07,66.87,62.21,A
S4066,Business,87.09,87.85,43.87,91.28,82.48,2.61,73.3,79.1,A
S4067,CS,99.83,49.73,77.31,66.05,64.23,5.49,84.88,77.88,A
S4068,CS,90.13,77.15,88.83,,85.06,9.41,67.6,90.9,A
S4069,CS,91.46,70.34,99.55,83.89,64.46,6.8,55.21,69.7,B
S4070,Business,97.57,58.3,41.78,67.43,51.88,4.57,86.52,61.18,B
S4071,Business,57.56,83.65,79.6,93.82,75.42,1.3,89.73,94.58,C
S4072,Business,,73.07,64.87,75.46,74.43,4.93,62.38,91.65,C
S4073,CS,79.03,68.64,40.59,82.41,88.15,4.41,56.84,81.08,A
S4074,Engineering,66.46,80.06,76.86,74.78,93.28,7.78,76.39,54.66,D
S4075,Business,91.97,88.14,47.35,72.64,67.72,4.13,60.42,50.81,A
S4076,CS,88.12,98.36,62.71,92.4,72.47,3.19,68.71,59.13,A
S4077,Engineering,86.04,77.76,55.68,64.74,73.52,0.9,88.87,59.83,A
S4078,CS,99.86,92.47,61.67,,66.21,0.47,60.98,56.81,B
S4079,CS,62.97,40.07,69.56,,87.17,4.39,90.31,63.11,D
S4080,Engineering,86.77,71.81,61.55,91.25,76.11,3.47,83.7,66.89,A
S4081,Engineering,77.57,52.88,73.16,,95.7,5.55,60.99,87.72,C
S4082,CS,,45.65,54.32,59.27,82.52,7.12,76.32,85.48,C
S4083,CS,58.03,71.92,78.12,83.78,60.59,0.4,80.7,55.22,D
S4084,CS,94.79,84.81,91.23,53.94,58.24,4.96,60.01,98.86,B
S4085,CS,79.77,64.74,53.44,71.19,68.62,8.62,57.25,87.61,F
S4086,CS,91.25,80.21,70.47,54.29,67.35,4.55,76.56,58.17,A
S4087,CS,77.27,69.38,78.92,79.9,70.36,5.21,84.69,56.22,D
S4088,Engineering,61,66.23,73.88,,59.18,4.87,73.25,54.38,A
S4089,Engineering,,57.42,61.94,81.46,98.91,3.9,53.5,86.59,B
S4090,Business,69.08,62.96,78.53,83.66,57.29,1.1,96.26,61.81,B
S4091,Business,98.65,60.99,41.69,74.36,82.63,1.26,84.75,53.65,B
S4092,CS,50.28,78.77,62.19,58.75,50.65,1.79,81.06,71.09,F
S4093,CS,99.28,46.96,71.96,55.07,70.35,7.93,82.18,85.43,A
S4094,Business,99.02,45.56,41.24,65.66,65.46,2.75,69.93,65.23,A
S4095,CS,99.81,79.6,70.46,73.26,69.1,9.48,99.22,74.13,A
S4096,CS,73.83,72.78,79.26,82.11,74.9,8.1,56.63,59.63,D
S4097,CS,98.19,65.81,85.55,50.06,80.02,6.85,86.96,71.46,A
S4098,Engineering,69.78,49.15,46.8,85.55,79.18,7.2,71.04,67.95,D
S4099,Engineering,51.31,64.66,99.43,85.64,81.54,0.48,94.05,71.7,D
S4100,Mathematics,61.22,87.38,76.37,72.23,92.23,5.68,85.86,73.29,C
S4101,Business,97.26,93.38,61.79,67.17,94.34,9.41,78.11,54.61,A
S4102,Engineering,50.69,82.15,54.95,92.12,86.86,0.39,96.88,54.67,F
S4103,CS,77.3,43.59,74.37,89.23,53.95,2.91,95.62,63.03,F
S4104,CS,53.78,80.22,92.9,99.16,98.06,0.52,52.62,55.79,D
S4105,CS,64.32,54.46,71.23,68.6,97.37,5.7,59.63,62.64,D
S4106,CS,54.4,58.92,79.69,95.34,85.59,1.16,83.8,51.23,D
S4107,CS,92.98,51.75,61.46,54.37,75.87,4.79,96.09,67.54,A
S4108,CS,79.55,86.55,63.29,70.57,62.53,7.2,71.52,60.67,B
S4109,CS,95.11,78.92,57.17,73.27,87.82,1.64,51.92,94.61,A
S4110,CS,84.42,76.71,82.34,72.04,93.89,7.55,82.16,92.91,C
S4111,Mathematics,98.55,80.08,61.55,81.25,83.26,0.6,59.73,65.02,A
S4112,Engineering,75.49,54.21,51.44,58.51,81.45,1.5,77.62,73.77,F
S4113,Mathematics,81.94,66.68,62.16,93.32,59.65,2.8,69.23,97.79,B
S4114,CS,78.82,78,91.23,77.59,67.89,7.96,77.9,76.2,F
S4115,Engineering,74.21,78.2,84.3,95.21,86.16,8.5,96.62,92.42,C
S4116,CS,92.3,87.51,60.08,50.13,50.84,2.2,74.29,91.32,B
S4117,CS,82.23,57.23,94.41,,82.06,0.96,51.73,97.06,B
S4118,CS,90.07,86.22,44.49,70.62,88.33,8.48,79.05,65.29,A
S4119,Mathematics,89.32,66.41,42.99,75.25,66.74,6.49,66.29,52.17,A
S4120,Mathematics,59.55,80.21,47.65,87.19,53.81,1.58,88.91,55.2,F
S4121,CS,82.51,67.34,46.99,61.36,90.96,5.58,73.5,78.56,A
S4122,CS,59.98,96.92,45.27,60.24,57.09,8.72,87.07,76.51,F
S4123,Engineering,79.17,50.76,79.68,85.15,68.54,0.7,95.44,64.92,A
S4124,CS,,80.5,76.05,76.07,85.36,0.84,68.11,62.44,B
S4125,CS,99.86,74.59,78.86,61.68,90.85,2.74,99.47,85.47,B
S4126,CS,51.53,50.36,81.3,,93.12,6.52,57.49,67.03,D
S4127,Engineering,,43.96,85.41,72.98,76.52,1.78,82.2,80.2,F
S4128,CS,53.85,87.95,52.43,84.57,73.79,8.16,51.74,85.61,F
S4129,CS,69.92,49.45,77.34,50.13,92.42,7.5,60.65,71.52,D
S4130,CS,91.08,51.19,74.8,79.34,78.15,5.61,81.69,59.67,A
S4131,Engineering,92.2,98.71,96.62,80.28,78.93,1.16,52.31,93.04,B
S4132,Mathematics,86.85,83.04,53.94,87.28,71.7,9.88,55.09,54.68,A
S4133,CS,94.84,55.03,43.52,94.46,68.64,4.9,64.55,91.47,B
S4134,Business,66.14,75.46,79.21,,74.03,4.52,78.78,91.83,B
S4135,Business,54.41,72.05,84.41,,68.24,9.96,50.8,78.55,C
S4136,Mathematics,52.91,90.67,56.99,55.12,67.18,8.64,74.12,81.47,C
S4137,Business,92.61,83.76,74.25,66.84,99.68,4.56,81.29,67.9,B
S4138,Engineering,86.52,89.9,43.57,53.42,66.81,4.19,70.13,92.08,B
S4139,Business,84.93,52.69,97.6,90.14,62.82,0.96,53.38,63.19,F
S4140,CS,66.98,78.41,46.6,90.35,67.7,9.27,80.54,77.99,C
S4141,Engineering,,42.41,44.05,70.86,79.54,8.44,80.29,50.09,C
S4142,Mathematics,97.91,44.14,42.65,62.98,95.55,3.1,75.3,96.99,A
S4143,Business,53.19,82.81,65.64,,89.39,7.53,84.66,97.41,C
S4144,Mathematics,88.69,41.47,45.83,,92.11,7.63,60.39,85.52,A
S4145,Business,65.48,74.79,84.68,,92.95,2.28,83.93,71.16,B
S4146,Business,51.95,90.42,93.93,63.31,96.03,6.14,58.07,58.93,F
S4147,Business,87.13,62.8,55.61,81.09,61.75,2.55,69.63,74.62,A
S4148,Business,66.55,42.69,77.73,62.93,72.92,7.9,53.38,89.57,A
S4149,Engineering,86.11,82.83,42.54,61.26,69.26,1.54,90.96,80.26,B
S4150,Mathematics,,95.78,63.19,51.06,69.09,6.69,76.91,76.37,F
S4151,Business,76.74,83.03,57.58,78.86,82.61,3.26,98.55,92.47,C
S4152,Business,,74.71,53.72,57.5,70.09,0.36,97.12,65.66,F
S4153,Engineering,79.05,53.8,78.68,50.62,80.82,1.24,99.93,93,A
S4154,CS,64.33,40.92,47.81,,69.11,6.55,55.06,71.97,C
S4155,CS,86.71,81.68,91.64,65.69,65.56,2.4,80.33,50.12,B
S4156,Mathematics,79.46,53.86,79.89,83.46,67.65,6.31,70.38,86.6,B
S4157,Engineering,50.64,91.49,82.64,60.13,90.19,4.15,76.63,93.89,D
S4158,CS,95.08,67.98,96.12,94.38,80.05,6.93,65.44,74.22,A
S4159,CS,77.28,71.84,96.54,64.42,98.7,4.93,52.4,72.74,B
S4160,Business,93.43,85.24,73.1,,91.63,3.09,85.39,90.27,B
S4161,Business,94.14,86.77,69.72,60.9,74.29,1.46,98.29,94.24,A
S4162,Business,72.25,78.56,60.12,62.69,62.12,3.41,76.62,98.72,D
S4163,Engineering,,96.31,82.93,53.71,83.7,6.35,66.48,67.28,B
S4164,CS,70.79,98.94,72.29,,86.33,7.4,96.91,79.73,F
S4165,CS,72.47,96.81,95.97,92.98,73.21,1.6,68.23,91.15,B
S4166,CS,94.76,89.45,54.32,84.42,61.5,6.64,95.73,76.59,B
S4167,Business,89.41,82.34,58.62,93.76,77.86,1.79,92.78,73.09,A
S4168,CS,56.33,79.8,58.97,55.24,62.69,2.22,76.44,78.6,F
S4169,Engineering,80.52,46.23,88.36,72.78,97,5.31,83.84,67.84,B
S4170,Engineering,99.8,56.29,45.94,61.46,81.44,2.89,85.02,59.6,A
S4171,Engineering,79.78,40.34,67.34,86.06,64.6,6.62,82.05,53.33,C
S4172,Mathematics,89.29,48.24,65.65,98.51,60.79,9.56,58.04,80.5,B
S4173,CS,88.45,66.35,44.39,90.77,85.84,1.49,84.64,68.96,B
S4174,Business,67.52,48.79,64.65,51.76,85.39,5.71,50.16,94.15,D
S4175,CS,68.59,94.1,70.8,65.83,79.86,9.23,85.5,61.15,F
S4176,CS,86.2,88.34,43.91,51.43,80.72,1.77,77.74,65.54,A
S4177,Engineering,75,44.3,70.59,52.01,80.19,3.67,62.99,98.53,C
S4178,CS,78.53,54.93,97.55,53.98,68.01,1.24,90.19,77.81,C
S4179,Business,85.65,89.14,98.73,63.82,96.87,6.42,70.26,67.34,A
S4180,Engineering,88.88,88.18,71.9,65.21,73.96,6.69,74.29,93.04,A
S4181,CS,63.58,96.73,70.91,70.02,51.02,6.64,51.38,87.17,A
S4182,CS,57.34,99.85,57.13,,67.42,5.42,70.07,78.66,C
S4183,Engineering,64.59,98.58,99.83,88.57,56.51,7.46,58.37,94.45,D
S4184,Business,75.38,64.61,56.45,57.07,68.17,0.36,63.81,54.7,F
S4185,Engineering,67.11,55.02,67.17,57.89,80.41,9.58,62.61,69.72,F
S4186,Engineering,78.42,85.5,40.18,81.33,51.13,2.22,52.3,90.53,B
S4187,Business,52.67,57.96,60.95,78.59,93.51,1.22,73.02,69.3,D
S4188,Engineering,75.49,88.38,44.29,57.7,80.52,9.41,76.13,96.34,C
S4189,CS,68.4,72.04,84.63,,64.77,8.3,78.55,57.63,A
S4190,Engineering,76.73,87.64,73.66,,65.56,7.65,73.11,66.83,A
S4191,Engineering,71.13,56.55,74.33,68.35,73.28,1.05,93.48,71.29,A
S4192,Business,64.21,70.48,57.19,71.02,62.4,8.08,51.88,84.35,B
S4193,Engineering,95.21,73.84,88.89,66.14,50.22,6.09,80.69,59.77,A
S4194,Mathematics,59.24,96.59,40.2,77.87,51.33,7.32,93.31,50.49,C
S4195,CS,84.07,56,60.02,69.43,67.89,9.78,52.05,98.83,C
S4196,Mathematics,96.23,96.2,79.57,62.97,56.21,1.94,74.82,94.94,A
S4197,Engineering,76.93,88.29,94.48,95.22,51.12,5.04,79.45,65.01,C
S4198,Engineering,93.82,83.85,54.08,65.42,92.96,7.53,59.55,74.17,A
S4199,CS,56.24,87.21,72.47,84.92,63.71,4.34,62.63,74.45,F
S4200,CS,,76.33,72.28,67.36,75.16,0.55,89.28,93.46,C
S4201,Business,72.85,54.64,92.45,71.76,58.97,1.11,78.37,79.85,F
S4202,Business,50.41,51.37,43.03,61.8,52.34,6.02,65.79,91.32,F
S4203,CS,72.16,91.98,65.47,87.62,87.24,2.85,88.24,95.6,C
S4204,Engineering,68.45,83.51,50.95,86.86,56.25,1.38,87.34,78.3,A
S4205,CS,83.49,52.79,41.29,51.11,51.29,3.4,67.27,64.27,A
S4206,Mathematics,96.92,76.91,48.82,53.01,79.36,2.01,74.43,74.94,B
S4207,Business,54.29,66.85,98.59,96.12,50.67,0.24,83.23,92.54,C
S4208,CS,66.37,49.52,52.89,94.44,71.81,1.52,67.16,79.18,A
S4209,Business,72.2,71.91,96.1,75.3,64.44,8.83,81.45,94.79,B
S4210,Mathematics,72.76,56.89,52.32,74.67,65.97,0.12,62.55,94.77,A
S4211,CS,88.74,45.77,95.88,90.62,50.19,7.74,64.6,68.67,A
S4212,Business,72.17,68.02,79.28,56.92,98.22,7.53,65.53,72.41,B
S4213,Engineering,51.36,75.41,46.79,82.68,75.85,5.64,96.8,83.9,D
S4214,Engineering,85.51,42.81,74.91,73.8,78.63,2.08,91.68,55.55,B
S4215,CS,94.24,64.13,59.11,87.17,83.31,8.78,78.26,73.28,B
S4216,CS,75.7,55.46,62.99,51.51,89.88,4.75,78.19,57.47,F
S4217,Engineering,79.06,41.84,66.41,79.64,80.4,1.73,52.81,92.4,D
S4218,CS,58.15,47.54,65.36,77.84,88.11,4.29,82.48,97.14,C
S4219,Business,61.03,48.34,79.85,92.04,72.44,1.95,66.41,57.08,D
S4220,CS,61.76,50.97,86.1,83.84,68.56,3.76,80.61,83.37,C
S4221,Engineering,71.54,88.2,59.75,94.01,91.16,4.97,92.01,81.83,F
S4222,Business,96.41,66.37,95.46,94.36,93.27,3.6,52.27,88,A
S4223,Engineering,76.09,48.83,96.31,70.41,56.89,6.57,80.35,84.79,A
S4224,Engineering,59.6,46.02,42.44,56.87,77.13,9.36,78.21,60.86,D
S4225,Mathematics,63.3,57.88,40.89,81.51,84.18,3.48,60.34,64.56,C
S4226,Business,69.2,87.88,65.5,93.69,54.18,3.56,82.32,58.26,F
S4227,CS,81.16,61.87,75.44,53.75,96.48,7.38,77.74,96.06,B
S4228,Engineering,72,49.59,56.67,77.9,76.01,5.31,88.37,76.09,F
S4229,Mathematics,69.62,64.25,55.56,55.75,82.27,4.29,55.53,98.81,D
S4230,CS,78.24,73.32,80.7,51.35,58.91,8.14,72.18,72.47,F
S4231,CS,62.09,41.78,76.1,83.98,63.22,8.91,99.9,77.64,B
S4232,CS,53.95,77.66,50.03,84.09,56.05,5.91,84.46,89.46,C
S4233,CS,51.22,63.71,93.07,80.03,63.2,1.85,84.21,89.86,D
S4234,Business,62.56,40.58,80.8,92.96,74.62,4.66,65.89,61.56,D
S4235,Business,54.58,80.43,61.75,54.04,91.68,5.04,54.69,64.41,F
S4236,Mathematics,66.82,82.74,81.02,55.26,76.69,4.32,97.47,54.89,B
S4237,Business,88.65,77.73,46.76,93.23,62.22,2.62,55.27,90.27,A
S4238,CS,85.81,60.52,68.1,75.16,52.23,4.72,99.64,89.69,A
S4239,CS,80.55,71.78,50.14,63.65,81.1,4.47,56.29,54.06,F
S4240,Mathematics,92.63,63.23,42.49,86.91,71.01,2.09,58.55,62.87,A
S4241,CS,64.1,82.04,60.3,94.72,99.22,9.03,65.42,72.49,D
S4242,CS,94.25,75.01,49.04,84.48,88.99,8.85,75.62,77.09,A
S4243,Mathematics,69.96,44.91,78.01,89.6,90.42,7.6,89.52,76.13,B
S4244,Engineering,70.04,78.59,80.44,64.12,50.61,4.01,98.55,99.15,D
S4245,CS,70.27,81.23,48.92,64.44,88.89,3.7,67.94,88.21,D
S4246,Business,,62.24,41.48,,59.73,7.16,51.02,55.66,B
S4247,Mathematics,98.77,92.55,87.57,80.74,79.29,6.08,80.83,64.68,A
S4248,CS,56.93,90.58,40.12,61.71,72.37,6.01,85.54,67.27,F
S4249,Business,67.04,50.51,60.63,76.21,78.58,1.24,69.87,65.76,B
S4250,CS,65.97,94.26,69.67,84.29,56.67,6.18,59.17,89.3,A
S4251,Engineering,53.73,66.45,89.12,60.93,72.84,9.02,65.3,68.03,F
S4252,Mathematics,57.61,83.42,90.31,82.75,51.85,0.86,82.79,74.62,D
S4253,Mathematics,52.24,88.85,83.5,52.11,52.05,3.39,74.71,76.67,D
S4254,CS,64.62,70.31,54.83,65.18,82.89,5.09,87.17,63.52,A
S4255,CS,,63.95,83.21,83.7,97.58,6.86,60.91,66.13,D
S4256,CS,66.97,94.93,54.79,57.47,88.87,0.9,92.1,89,D
S4257,Engineering,56.18,53.85,52.88,61.11,73.46,8.73,57.79,93.33,D
S4258,CS,82.28,55.42,72.83,93.95,52.79,0.41,66.5,51.85,F
S4259,Engineering,99.83,61.7,80.73,83.72,52.25,8.58,79.56,80.26,A
S4260,CS,61.62,91.57,43.18,74.95,57.89,0.28,86.84,81.67,A
S4261,Engineering,63.98,96.33,43.6,60.54,98.79,1.54,63.31,86.87,C
S4262,CS,,53.2,87.05,,69.93,8,97.41,84.69,F
S4263,Business,58.94,91.83,91.57,78.72,92.17,8.6,85.31,93.87,D
S4264,CS,75.56,55.49,76.27,57.77,85.26,9.82,60.88,53.92,B
S4265,CS,,98.24,65.73,74.09,80.27,1.16,86.29,69.42,C
S4266,Business,96.62,75.84,90.72,70.45,97.39,5.26,84.82,89.1,A
S4267,Business,99.08,40.43,83.73,73.83,61.52,0.77,87.63,92.33,A
S4268,CS,90.73,42.05,74.78,55.28,72.74,1.56,95.79,63.24,A
S4269,CS,65.74,48.85,59.19,55.32,93.24,1.74,85.59,79.26,B
S4270,Business,70.17,51.25,51.88,98.21,77.59,0.63,67.6,59.04,B
S4271,CS,62.12,86.06,65.12,98.97,62.32,8.93,89.53,92.54,A
S4272,Business,94.54,53.37,57.21,71.31,60.45,1.26,84.79,86.52,B
S4273,Engineering,95.73,98.15,60.36,89.45,87.64,6.29,78.71,61.1,A
S4274,CS,70.94,78.17,70.94,82.79,50.64,6.26,67.69,81.19,D
S4275,Engineering,82.83,81.55,50.15,55.85,95.71,1.99,96.05,75.47,A
S4276,Business,58.28,53.07,88.37,,50.92,9.98,75.64,62.94,F
S4277,Mathematics,71.75,93.56,48.73,65.68,81.55,3.47,81.41,94.66,A
S4278,CS,81.57,80.07,68.86,79.79,80.24,9.05,70.77,57.39,D
S4279,Engineering,69.27,91.86,84.76,79,78.92,9.48,89.04,73.37,D
S4280,CS,67.88,97.39,69.1,96.18,73.72,9.49,67.05,79.14,A
S4281,Engineering,50.05,47.54,61.66,89.5,92.62,7.53,90.53,91.18,F
S4282,Business,90.21,45.8,68.49,92.84,82.97,2.54,55.4,57.51,A
S4283,CS,94.47,88.2,90.92,94.56,89.09,1.21,85.45,80.46,A
S4284,Mathematics,98.47,91.97,99.43,90.06,55.78,5.7,73.84,50.33,A
S4285,Engineering,85.96,75.03,77.87,66.64,52.49,3.6,84.94,91.13,A
S4286,Mathematics,77.44,61.96,87.61,60.75,51.43,8.31,76.57,61.74,C
S4287,Business,,79.16,40.87,,57.36,7.45,56.72,86.05,C
S4288,CS,99.96,58.34,92.82,,83.35,2.76,73.85,80.09,B
S4289,CS,79.49,54.3,97.24,69.33,74.7,0.17,98.23,52.51,D
S4290,CS,84.06,69.29,74.51,92.42,87.61,2.37,87.74,59.16,A
S4291,CS,84.12,52.97,85.23,98.03,59.59,5.67,65.01,63.39,C
S4292,Engineering,92.26,69.02,70.76,78.47,68.35,0.79,97.21,94.34,A
S4293,Engineering,50.48,97.4,57.17,72.83,94.42,6.58,88.95,74.04,C
S4294,Mathematics,61.01,90.39,91.13,92.14,96.79,6.72,68.22,95.68,A
S4295,Engineering,83.28,96.5,75.81,51.21,96.09,1.69,80.18,52.37,F
S4296,Business,94.76,88.38,74.76,,90.92,5.96,71.33,50.33,B
S4297,Mathematics,84.27,61.29,79.55,,84.41,6.07,54.83,97.41,D
S4298,Business,70.67,88.72,91.36,86.6,95.68,4.78,90.3,86.2,C
S4299,CS,68.08,95.37,83.91,70.81,85.71,9.53,59.55,89.17,F
S4300,Engineering,86.9,96.82,52.67,94.44,97.7,1.08,72.9,95.79,A
S4301,CS,87.06,80.99,68.01,67.57,51.24,4.07,85.13,99.23,B
S4302,CS,80.35,52.68,98.82,81.69,96.08,8.83,96.61,54.89,A
S4303,CS,64.57,42.38,73.27,81.72,77.79,3.86,53.14,57.91,B
S4304,Business,96.26,48.83,96.29,59.22,55.59,4.25,69.66,59.43,A
S4305,Engineering,77.59,97.93,88.8,64.24,60.75,6.68,80.73,90.92,F
S4306,Engineering,,67.73,79.96,95.8,92.61,6.66,88.97,67.78,A
S4307,Mathematics,60.72,91.3,60.96,59.17,75.31,0.23,96.05,79.66,C
S4308,CS,67.2,67.9,58.26,58.68,99.14,4.56,50.02,92.76,F
S4309,Engineering,93.73,79.65,78.61,,55.88,3.34,81.39,84.16,B
S4310,Business,52.51,41.45,65.95,54.61,70.63,6.28,50.35,53.27,C
S4311,CS,75.62,54.99,87.93,94.73,66.59,5.56,89.36,72.28,C
S4312,Engineering,74.09,66.18,85.63,55.01,75.81,6.51,57.48,53.38,F
S4313,CS,87.56,77.84,58.73,80.83,81.67,6.54,94.73,73.94,A
S4314,Business,64.09,50.29,82.16,66.99,83.08,2.55,57.76,60.97,A
S4315,CS,60.95,85.87,69.67,90.21,50.06,2.46,88.22,50.07,B
S4316,CS,96.31,61.86,59.4,79.49,54.45,3.7,64.47,90.66,A
S4317,Engineering,78.59,89.05,64.78,69.42,51.75,2.42,77.86,98.47,B
S4318,CS,55.23,45.88,93.72,99.19,93.23,6.83,80.42,98.21,C
S4319,CS,59.65,80.79,61.57,53.31,65.66,6.03,60.34,64.96,C
S4320,Engineering,99.94,57.6,57.24,,68.35,2.16,64.93,91.44,A
S4321,CS,59.78,87.72,61.11,99.48,72.52,8.84,55.38,83.94,D
S4322,Engineering,80.52,64.13,52.88,84.55,92.47,4.61,50.26,90,D
S4323,Engineering,71.01,79.92,72.68,86.99,50.71,1.27,61.97,92.31,D
S4324,Engineering,94.28,96.06,48.85,,55.93,2.13,75.8,99.01,A
S4325,Engineering,87.76,41.24,89.05,51.07,84.26,5.4,85.68,57.59,A
S4326,CS,,40.67,53.53,,98.19,3.38,89.68,88.49,B
S4327,CS,50.54,86.22,75.88,99.59,82.14,8.51,53.49,86.71,C
S4328,Business,93.99,78.78,47.5,98.98,63.06,4.95,63.62,64.39,A
S4329,Business,72.23,57.58,98.71,66.73,75.99,9.15,88.51,69.63,D
S4330,CS,96.58,69.66,67.27,,98.75,1.02,74.04,58.84,A
S4331,Engineering,74.78,42.52,89.33,,76.4,6.69,59.11,95.66,A
S4332,Engineering,84.71,51.55,86.12,66.46,68.68,8.86,69.61,93.97,F
S4333,Engineering,,65.47,82.82,68.51,69.17,2.93,63.5,80.7,A
S4334,Engineering,87.26,90.04,89.64,87.41,98.35,1.36,52.53,75.58,A
S4335,CS,,68.78,46.03,93.31,85.95,4.57,88.18,61.64,D
S4336,Business,67.57,75.18,80.71,87.34,84.36,9.61,64.58,89.48,A
S4337,CS,55.93,92.43,55.95,82.32,61.6,6.33,97.26,50.41,F
S4338,Engineering,57.34,58.53,87.15,88.3,77.97,6.44,94.41,73.14,D
S4339,Business,59.29,82.04,97.41,86.92,67.84,6.72,85.81,93.03,D
S4340,Engineering,66.41,91.7,94.09,,62.01,0.4,66.33,80.92,D
S4341,CS,94.6,52.16,46.9,,94.78,4.46,64,81.76,A
S4342,Mathematics,68.41,61.39,62.17,64.14,69.16,0.78,73.76,53.54,B
S4343,Business,86.22,98.79,61.86,83.97,64.14,3.16,67.73,64.34,B
S4344,Business,54.14,98.99,47.34,97.97,96.59,8.22,95.06,83.69,C
S4345,Engineering,79.55,53.39,45.89,79.05,59.87,6.56,56.17,52.48,F
S4346,CS,74.09,43.99,63.09,95.63,87.28,9.96,86.22,66.55,C
S4347,Mathematics,98.9,56.26,99.52,,82.64,1.72,80.54,67.7,A
S4348,Engineering,92.31,63.86,74.14,89.72,96.02,3.97,90.32,74.94,B
S4349,Business,72.74,66.46,77.31,92.68,91.6,8.1,77.12,68.12,B
S4350,CS,88.76,77.13,68.26,81.55,85.26,2.16,81.48,72.71,A
S4351,CS,59.65,93.97,79.74,96.7,65.73,1.54,98.14,77.35,D
S4352,Mathematics,78.12,59.82,97.4,79.5,74.78,4.28,54.6,56.42,F
S4353,Engineering,53.73,91,75.32,62.03,97.22,3.84,55.24,59.02,C
S4354,CS,67.4,45.61,43.9,60.79,51.16,9.8,69.68,91.63,C
S4355,CS,61.29,42.51,69.57,77.79,89.72,4.56,73.64,72.99,A
S4356,Engineering,,70.24,99.57,95.32,62.59,8.61,59.99,67.76,C
S4357,CS,74.5,43.58,63.24,53.62,59.25,8.88,54.13,71.69,B
S4358,Engineering,87.55,63.55,75.63,80.22,61.61,1.58,51.11,58.74,B
S4359,Engineering,75.76,93.81,46.4,88.49,52.99,7.15,88.23,61.99,D
S4360,Business,54.32,54.49,48.47,55.77,99.6,2.78,74.25,75.78,F
S4361,CS,86.77,82.36,92.48,55.84,93.49,0.95,92.17,67.95,A
S4362,Mathematics,91.66,58.14,58.02,68.31,76.05,8.75,68.04,73.77,B
S4363,CS,95.18,42.7,58.33,63.69,85.76,2.92,85.17,57.49,A
S4364,Engineering,78.6,73.4,63.23,59.92,77.83,3.45,74.43,57.82,D
S4365,CS,87.68,90.09,97.99,59.93,90.58,3.24,80.6,69.2,A
S4366,Business,87.6,64.57,45.06,,92.24,2,68.51,68.94,A
S4367,Mathematics,57.79,77.04,89.13,80.54,61.64,4.35,54.06,94.17,C
S4368,Business,58.21,94,60.49,84.41,72.99,4.28,97.37,51.67,F
S4369,Engineering,53.54,87.38,90.97,85.15,81.74,4.09,91.8,99.64,F
S4370,Engineering,66,51.63,99.51,,98.92,9.16,65.59,97.83,B
S4371,Business,73.68,84,60.92,97.65,84.13,3.4,97.94,77.11,F
S4372,Mathematics,99.89,70.11,47.76,94.03,94.88,0.3,65.02,85.94,B
S4373,Mathematics,71.55,84.76,48.66,97.88,92.31,1.78,72.15,96.76,B
S4374,CS,86.31,69.67,85.52,69.44,79.1,7.21,87.76,62.56,A
S4375,Mathematics,84.67,47.68,48.7,93.89,94.68,5.91,65.45,65.78,B
S4376,CS,60.22,74.19,55.63,88.14,68.87,9.52,66.23,55.55,B
S4377,CS,52.93,69.53,52.26,67,68.96,6.94,70.5,78.19,D
S4378,CS,77.3,71.08,61.34,55.33,89.05,1.94,73.42,57.97,C
S4379,CS,,92.73,44.46,84.13,56.73,1.21,56.18,96.54,C
S4380,Business,99.91,93.69,91.4,56.82,65.29,5.21,50.87,71.58,B
S4381,Business,,67.21,91.61,64.69,80.43,6.65,95.96,95.98,B
S4382,Business,94.82,67.34,64.78,75.02,71,1.66,67.66,60.25,A
S4383,Engineering,69.1,70.91,76.73,83.99,97.04,6.02,55.08,84.7,D
S4384,Engineering,84.47,71.18,78.52,96.31,97.93,8.65,87.96,82.38,F
S4385,Business,79.91,97.02,84.96,79.66,75.13,7.28,64.75,69.98,B
S4386,CS,52.65,78.96,71.24,83.57,76.95,6.64,59.08,94.92,C
S4387,Business,53.92,56.65,70.62,65.5,86.23,7.89,98.13,71.74,F
S4388,Engineering,,71.89,77.88,,72.86,1.04,96.03,59.92,F
S4389,Engineering,68.54,77.63,82.18,71.89,59.5,2.04,55.29,98.85,A
S4390,Engineering,87.29,78.39,60.8,92.85,87.35,0.38,94.96,72.07,A
S4391,Business,58.64,75.12,59.82,69.62,86.89,1.45,94.54,60.4,D
S4392,CS,80.29,50.66,56.18,73.41,62.25,9.13,81.72,68.18,B
S4393,CS,64.44,42.02,72.93,71.63,91.65,2.22,76.49,80.68,B
S4394,Business,89.85,60.27,61.61,,80.68,6.62,60.87,75.6,B
S4395,Engineering,89.92,65.65,72.42,97.68,61.82,6.92,56.07,81.76,B
S4396,Business,88.77,43.71,64.36,66.36,82.6,6.45,80.32,83.09,A
S4397,CS,76.24,88.9,90.2,73.75,61.68,5.54,91.1,56.17,A
S4398,CS,64.23,60.64,44.39,85.3,63.26,4.86,84.43,65.74,D
S4399,Business,90.47,94.82,74.33,94.77,92.4,4.2,59.04,87.44,B
S4400,Engineering,,49.26,74.54,74.69,96.47,9.17,64.5,82.52,A
S4401,Engineering,,43.42,63.02,55.44,62.84,0.1,77.32,54.42,B
S4402,CS,,68.94,65.26,68.43,96.4,0.53,81.25,65.76,B
S4403,CS,83.71,51.35,88.01,77.52,61.94,4.93,53.61,96.57,B
S4404,Engineering,84.31,96.24,56.84,70.88,55.86,3.31,80.7,93.1,A
S4405,CS,82.63,40.62,92.28,59.33,52.91,4.08,86.82,83.53,C
S4406,Business,70.78,64.76,93.78,51.85,62.11,9.98,59.07,53.64,A
S4407,Business,55.01,95.6,79.04,84.37,69.26,7.75,62.31,80.35,C
S4408,CS,95.56,63.07,86.37,99.64,96.38,8.77,62.94,50.61,A
S4409,Engineering,75.39,45.59,76.78,95.96,62.11,3.69,96.99,83.06,C
S4410,Engineering,70.35,58.17,71.52,84.16,68.27,2.4,70.35,86.56,B
S4411,CS,79.44,69.88,98,92.08,86.71,7.68,76.53,74.86,B
S4412,CS,59.64,51.11,56.96,,65.1,8.08,86.22,50.19,D
S4413,Engineering,56.63,67.99,49.25,81.12,84.22,5.5,68.57,83.33,F
S4414,Engineering,70.28,90.18,57.25,53.03,71.6,8.96,55.28,90.99,F
S4415,Engineering,61.36,92.36,76.88,85.36,59.82,9.67,82.72,79.29,D
S4416,Engineering,62.21,42.96,51.11,98.49,86.7,4.71,83.36,85.46,F
S4417,Business,94.63,49.65,94.53,93.04,51.35,2.23,63.03,54.52,A
S4418,Business,76.54,56.52,64.66,76.72,64.62,5.17,51.76,85.77,A
S4419,Engineering,74.17,75.69,91,,67.81,9.9,83.27,80.71,A
S4420,Business,84.47,61.66,54.95,97.19,72.91,2.93,85.17,66.55,D
S4421,CS,97.58,90.64,58.79,60.8,83.99,6.18,51.3,84.27,A
S4422,Business,55.61,83,43.55,89.66,72.97,6.94,84.66,82.28,D
S4423,Engineering,91.68,46.03,55.47,63.49,79.72,2.14,96.95,79.97,A
S4424,Business,79.2,77.47,69.42,93.85,79.79,5.88,58.94,59.15,A
S4425,Engineering,57.31,46.78,96.77,54.92,68.66,3.15,76.07,64.81,D
S4426,CS,64.86,55.3,63.33,58.91,96.7,8.54,84.84,99.57,B
S4427,Engineering,74.12,50.67,78.38,86.03,97.79,7.15,61.5,71.66,F
S4428,CS,84.56,50.38,65.66,58.74,79.09,8.26,87.58,52.97,C
S4429,Engineering,62.13,76.98,42.81,57.9,53.58,2,93.4,94.95,B
S4430,Engineering,76.74,73.82,70.21,77.77,74.56,0.35,90.73,58.65,F
S4431,Business,84.23,50.56,43.95,,59.22,8.51,62.94,70.18,B
S4432,Engineering,72.44,99.41,93.02,63.42,74.16,3.87,90.21,63.9,D
S4433,Engineering,,65.31,85.18,92.06,59.42,1.8,70.67,98.19,C
S4434,CS,93.47,45.82,62.72,90.4,85.19,0.92,63.32,68.9,A
S4435,Mathematics,73.53,47.23,78.41,78.96,54.02,5.17,58.4,85.44,D
S4436,Business,98.65,75.03,46.72,,97.67,1.5,95.45,79.92,B
S4437,Business,53.78,98.74,82.15,52.02,59.77,5.67,71.34,52.15,D
S4438,CS,50.17,74.32,89.36,68.36,83.03,7.27,93.29,69.22,D
S4439,Engineering,69.03,96.94,89.3,63.17,95.85,5.35,57.98,69.5,D
S4440,CS,80.05,66.65,57.06,57.5,62.39,9.04,88.35,99.49,C
S4441,Engineering,81.46,66.15,55.82,69.48,96.71,1.56,55.5,90.6,A
S4442,CS,73.82,70,71.28,67.75,69.43,4.94,50.88,92.83,C
S4443,Engineering,56.24,81.85,98.07,86.44,98.03,1.63,99.75,65.68,D
S4444,Engineering,58.52,62.06,95.23,79.9,98.57,8.76,53.68,66.45,D
S4445,CS,92.61,91.83,61.58,95.66,59.4,9.32,73.08,75.78,A
S4446,Engineering,93.4,41.76,86.79,57.27,91.55,4,93.92,81.55,A
S4447,Business,83.69,66.39,95.28,52.99,59.67,3.06,90.97,86.41,D
S4448,CS,83.21,70.66,55.66,76.73,61.32,2.79,73.56,91.04,C
S4449,Business,79.88,76.42,89.82,,54.21,8.6,80.54,93.66,A
S4450,CS,60.15,56.56,56.07,89.39,57.83,6.82,81.49,51.23,D
S4451,CS,71.41,65.65,60.6,75.3,81.61,8.81,55.49,89.8,F
S4452,CS,,69.07,51.93,74.4,72.46,1.18,64.25,80.54,B
S4453,Business,76.86,81.21,70.42,,89.55,4.76,65.05,76.6,B
S4454,Engineering,50.93,86.41,90.6,68.75,66.6,6.76,68.91,81.42,D
S4455,Business,97.68,84.27,71.68,71.56,98.43,8.97,63.7,94.1,A
S4456,Engineering,92.24,60.49,47.41,50.8,52.49,3.82,62.57,77.26,B
S4457,CS,63.03,99.97,55.11,54.18,53.15,3.13,67.74,58.11,A
S4458,Business,80.82,90.92,73.77,75.25,85.07,9.13,68.96,71.84,D
S4459,CS,96.16,55.6,74.99,57.51,94.38,0.48,74.36,96.22,A
S4460,Business,54.8,51.71,74.61,88.94,89.78,4.8,58.68,90.72,C
S4461,CS,75.15,58.84,44.62,63.72,74.49,4.59,89.42,60.15,D
S4462,CS,72.81,67.14,85.22,54.89,63.48,1.46,93.03,85.71,C
S4463,Business,70.51,91.05,94.57,61.76,50.67,3.95,62.41,62.81,D
S4464,Mathematics,91.78,86.7,70.63,67.85,75.47,7.23,56.17,67.43,A
S4465,CS,69.03,91.07,83.13,51.77,73.78,3.67,86.12,73.45,F
S4466,Business,53.18,56.32,94.84,,67.21,3.1,96.21,72.04,D
S4467,CS,53.29,75.61,78.56,66.19,78.9,7.82,51.76,51.46,D
S4468,Business,52.14,56.99,80.46,65.52,86.44,9.89,50.72,88.7,C
S4469,Engineering,70.46,46.54,83.28,90.02,85.04,7.79,59.17,92.32,B
S4470,CS,85.92,81.05,55.63,92.16,63.16,8.46,84.24,76.55,A
S4471,CS,,48.58,74.96,59.67,79.27,9.4,98.24,58.65,D
S4472,CS,82.32,80.06,90.53,56.2,57.44,8.02,87.52,62.4,C
S4473,CS,84.35,78.88,57.77,81.71,56.08,9.8,78.65,56.32,D
S4474,CS,62.76,88.61,93.83,90.23,89.29,7.47,85.03,58.48,D
S4475,Engineering,80.03,48.37,77.22,98.19,84.69,6.62,61.53,93.82,A
S4476,Mathematics,84.24,87.01,65.39,50.34,88.4,6.93,84.43,74.01,C
S4477,CS,73.33,99.96,77.39,70.68,57.62,9,66.07,55.55,D
S4478,Engineering,66.84,91.06,64.11,86.7,95.73,6.83,61.12,62.74,B
S4479,Engineering,80.96,85.11,90.28,91.43,56.66,7.61,61.83,97.48,D
S4480,Mathematics,98.89,79.73,68.94,53.11,93.5,2.16,83.39,75.46,B
S4481,Engineering,71.34,65.31,94.07,84.03,67.62,9.13,88.36,75.78,B
S4482,Engineering,69.59,83.83,70.59,64.45,55.27,4.47,79.09,76.28,B
S4483,Engineering,73.21,83.45,79.62,53.73,64.34,1.61,53.19,55.58,B
S4484,CS,53.81,77.89,99.86,74.46,59.07,8,51.9,98.52,D
S4485,CS,77.66,87.78,48.82,,74.53,3.56,60.86,54.22,A
S4486,Engineering,66.43,66.93,84.2,86.85,97.49,1.84,64.32,85,B
S4487,CS,56.07,47.28,48.33,87.06,66.39,2.56,70.24,52.89,F
S4488,Engineering,73.31,73.54,90.33,92.1,80.6,0.35,53.8,72.18,B
S4489,CS,50.17,55.9,75.79,68.88,94.59,0.91,86.26,94.98,C
S4490,Engineering,70.09,63.07,96.29,50.67,81.5,5.93,85.57,88.42,F
S4491,CS,55.29,41.04,91.96,62.99,68.11,8.66,67.33,66.73,D
S4492,Mathematics,51.21,62.97,44.49,73.39,99.54,4.49,78.15,77.57,F
S4493,Business,91.22,88.53,48.24,,59.37,6.26,55.05,58.26,A
S4494,CS,95.81,72.56,76.07,,76.16,8.1,70.76,97.81,A
S4495,CS,60.38,40.59,71.1,,89.84,3.57,92.88,85.43,F
S4496,Engineering,76.96,68.19,50.11,76.21,50.03,6.54,83.03,68.71,C
S4497,CS,63.9,57.49,47.76,58.25,85.1,3.5,55.2,65.9,B
S4498,CS,74.68,68.65,73.84,,63.32,6.43,92.38,61.93,A
S4499,CS,71.83,64.28,42.94,,58.49,2.18,84.03,89.33,D
S4500,Mathematics,63.45,95.92,92.42,,63.71,9.78,72.65,71.73,D
S4501,Business,85.02,42.47,88.42,84.53,98.34,0.76,84.6,66.51,B
S4502,Engineering,56.32,81.02,87.12,55.57,94.6,5.05,58.64,95.26,C
S4503,Engineering,52.65,91.06,40.96,74.44,60.69,2.86,77.52,57.51,F
S4504,Mathematics,88.38,97.55,42.86,85.12,55.85,6.01,80.9,63.19,A
S4505,Mathematics,,50.66,72.99,54.35,68.21,4.28,96.39,67.24,A
S4506,Mathematics,74.93,71.88,99.67,89.62,79.62,3.07,53.34,62.99,D
S4507,CS,73.39,42.62,60.54,61.1,93.36,2.5,68.74,79.27,D
S4508,CS,74.87,69.95,60.66,75.15,98.3,1.82,96.84,80.05,A
S4509,Engineering,71.85,47.53,48.06,97.03,87.56,7.83,60.86,52.74,D
S4510,Engineering,69.64,90.27,80.46,78.57,79.95,2.22,90.66,57.23,F
S4511,CS,74.98,46.83,78.8,71.2,57.12,7.74,50.08,59.93,B
S4512,CS,,70.8,46.08,50.34,53.7,4.85,51.29,53.52,B
S4513,Business,84.6,71.27,68.04,56.67,79.8,0.72,66.38,56.24,C
S4514,Business,85.56,98.3,80.02,78.93,76.95,1.65,88.43,61.98,A
S4515,CS,,79.3,69.61,74.69,92.3,8.93,55.21,67.28,C
S4516,Business,70.68,57.27,80.46,,66.13,6.03,69.14,89.57,D
S4517,Engineering,,54.45,88.98,96.16,51.98,1.84,56.57,60.9,B
S4518,Business,76.83,47.69,81.15,66.62,71.19,7.04,61.18,83.5,C
S4519,Engineering,72.67,85.39,76.97,76.86,98.46,8.23,75.15,52.89,C
S4520,CS,94.48,81.45,91.22,78.44,89.78,3.31,65.96,82.91,A
S4521,Engineering,84.82,76.59,94.04,76.37,51.69,5.57,60.6,89.74,D
S4522,Engineering,94.93,42.45,63.33,73.88,93.73,2.93,69.67,80.24,B
S4523,Engineering,85.46,85.77,50.39,66.85,73.58,0.8,85.05,60.07,B
S4524,CS,98.55,78.51,89.07,95.44,68.24,4,55.97,66.52,A
S4525,Mathematics,81.79,97.83,52.83,72.54,67.34,7.51,73.98,90.26,D
S4526,CS,98.18,75.23,95.74,76.42,79.76,4.59,63.74,71.6,B
S4527,CS,57.91,58.24,41.37,82.82,76.53,4.05,68.93,62.76,C
S4528,Engineering,52.62,62.89,95.28,53.38,82.83,3.66,91.08,96.63,D
S4529,Engineering,78.96,50.55,75.35,89.06,78.68,4.59,96.49,81.87,C
S4530,Engineering,99.17,83.37,86.48,75.63,57.2,3.18,62.15,90.29,B
S4531,Business,70.88,82.46,63.91,,62.86,6.12,81.5,51.23,C
S4532,Engineering,60.6,52.04,99.5,88.6,92.05,0.64,83.83,66.97,A
S4533,Engineering,76.08,49.51,53.65,93.7,83.16,8.07,92.12,72.94,D
S4534,Business,82.44,44.62,55.86,69.61,72.42,1.73,94.95,79.37,D
S4535,CS,65.76,94.72,43.09,90.57,59.13,6.33,73.4,59.5,A
S4536,Engineering,85.74,53.98,96.43,62.94,50.38,4.5,99.13,74.9,A
S4537,Business,98.76,60.65,67.36,83.02,65.59,7.73,98.54,84.28,A
S4538,CS,94.85,56.83,80.49,55.14,52.74,8.26,75.32,67.29,A
S4539,Engineering,64.58,64.82,81.25,51,74.11,2.04,77.1,84.57,C
S4540,Mathematics,66.34,82.84,92.47,54.79,91.09,6.77,83.39,69.48,D
S4541,CS,,92.24,79.9,65.97,64.27,1.9,68.69,73.47,F
S4542,Engineering,69.73,50.96,73.72,51.55,92.39,1.24,83.1,56.71,A
S4543,Mathematics,55.02,81.18,82.62,,85.23,9.3,75.71,82.56,C
S4544,CS,88.1,61.15,85.06,65.83,56.26,1.64,51.77,61.21,A
S4545,CS,68.27,98.83,51.16,86.82,82.23,2.28,92.64,91.44,C
S4546,Business,93.99,57.94,46.58,52.3,57.58,1.3,97.02,77.67,A
S4547,Business,96.35,40.43,44.49,60.84,82.74,4.7,51.31,78.01,B
S4548,Engineering,51.22,70.94,62.44,,57.14,9.2,89.46,95.62,F
S4549,Engineering,99.43,49.04,69.88,69.13,69.63,2.64,69.29,58.37,A
S4550,Business,85.5,42.67,76.94,,78.33,5.42,79.28,76.51,B
S4551,Business,76.02,81.9,97.48,,52.52,4.11,75,69.11,D
S4552,CS,,83.94,59.85,,57.67,3.36,77.57,98.32,B
S4553,CS,75.93,67.64,85.65,86.05,66.02,5.72,74.76,89.64,A
S4554,Engineering,66.23,80.61,71.88,61,73.12,5.59,92.67,87.88,C
S4555,Business,81.13,72.29,53.21,93.89,92.92,3.59,84.18,60.21,A
S4556,Business,54.65,77.79,76.92,69.39,59.36,8.51,70.63,61.87,F
S4557,Mathematics,81.06,75.8,98.03,95.05,67.37,0.53,84.43,51.46,B
S4558,Business,63.77,79.95,47.46,67.09,73.79,0.85,98.25,81.93,C
S4559,Engineering,50.88,51.98,70.44,50.43,64.79,9.91,54.02,68.54,C
S4560,Engineering,77.64,56.12,43.1,75.85,81.29,7.48,69.4,65.6,C
S4561,Business,78.92,66.4,59.27,76.24,62.83,8.04,93.52,81.85,D
S4562,Business,71.33,66.77,77.24,55.99,88.62,6.03,86.95,91.43,D
S4563,Engineering,53.61,86.46,90.46,,75.26,4.2,96.75,56.65,D
S4564,CS,94.67,62.04,83.82,89.17,54.32,6.29,51.99,95.93,B
S4565,Mathematics,80.57,49.75,67.77,51.84,81.35,0.93,93.14,51.71,C
S4566,Engineering,55.79,55.09,94.55,74.48,78.46,7.58,89.59,54.76,D
S4567,CS,75.55,52.88,58.16,76.52,66.93,5.41,90.75,91.91,C
S4568,Engineering,74.86,83.9,85.24,84.44,50.56,9.57,79.86,74.64,C
S4569,Engineering,53.02,68.22,68.44,51.87,60.04,6.37,52.6,96.96,D
S4570,CS,80.34,82.52,93.92,79.28,70.29,1.52,76.96,73.08,F
S4571,Business,,64.97,87.85,50.15,60,4.78,70.39,96.31,F
S4572,CS,87.45,93.38,94.09,63.26,78.87,0.58,76.35,61.98,B
S4573,CS,60.15,99.01,52.85,74.98,85.62,7.45,87.01,80.82,B
S4574,Engineering,93.11,80.19,80.09,,92.8,5.02,79.8,99.72,B
S4575,Business,67.13,91.83,84.31,56.33,82.35,3.7,64.63,68.8,B
S4576,Mathematics,97.33,70.48,84.54,58.46,84.45,9.69,79.98,50.07,A
S4577,Business,53.59,96.08,70.24,83.46,80.42,9.41,54.16,53.2,D
S4578,Mathematics,74.31,89.9,40.68,68.74,99.27,9.53,50.27,92.95,D
S4579,CS,79.86,99.51,55.69,81.17,63.05,2.21,70.08,74.59,F
S4580,CS,62.38,77.39,59.4,99.87,63.31,7.29,87.86,76.84,F
S4581,Engineering,88.57,86.75,91.12,99.34,56.32,9.45,91.13,89.97,A
S4582,CS,81.34,72.57,90.45,67.69,74.28,5.71,77.49,90.58,C
S4583,Business,50.91,55.55,46.28,75.2,54.81,2.14,93.4,73.87,F
S4584,Engineering,80.42,61.29,96.99,95.23,63.51,8.18,56.3,92.9,C
S4585,Mathematics,74.57,93.64,50.95,54.61,74.13,8.8,98.21,73.42,A
S4586,CS,59.8,43.36,64.86,72.62,97.88,7.03,96.09,83.75,C
S4587,Engineering,99.79,75.49,52.91,68.88,98.19,2.94,79.96,51.67,A
S4588,Engineering,94.86,62.35,91.62,64.74,87.19,1.91,52.94,56.9,A
S4589,CS,64.63,63.2,84.96,99.71,69.46,6.24,72.71,92.57,A
S4590,Engineering,77.05,93.07,61.21,86.68,93.26,4.83,58.96,65.66,A
S4591,Engineering,65.83,91.23,80.91,69.44,93.77,6.69,81.42,66.74,B
S4592,Engineering,88.77,75.93,51.06,91.45,95.51,1.12,59.5,83.15,A
S4593,CS,96.52,56.38,62.94,74.48,82,1.36,74.09,79.63,B
S4594,CS,67.94,68.53,62.63,93.64,60.09,3.63,60.28,54.11,F
S4595,Engineering,,64.5,54.28,63.32,54.55,2.59,59.09,88.29,B
S4596,CS,74.92,61.22,92.58,61.18,95.74,6.19,62.4,80.86,F
S4597,CS,69.83,46.17,80.73,,52.78,3.68,51.46,92.77,D
S4598,CS,96.92,72.59,56.8,76.92,64.79,6.84,85.81,76.77,B
S4599,CS,75.52,58.11,54.53,64.57,74.35,7.69,65.34,70.72,C
S4600,CS,73.37,79.65,41.08,57.36,51.1,1.87,84.91,68.57,B
S4601,CS,83.62,59.15,60.79,99.73,95.35,9.2,82.67,50.22,D
S4602,Engineering,63.06,65.87,71.61,95.02,64.36,7.87,53.31,51.99,A
S4603,Engineering,66.24,43.14,56.66,81.75,51.43,6.27,65.6,56.56,F
S4604,Engineering,,99.55,82.03,,99.68,9.09,78.34,96.48,A
S4605,Business,,70.46,64.7,96.77,65.57,2.66,95.92,94.03,C
S4606,Engineering,91.33,41.45,58.98,83.81,93.84,4.22,70.07,74.86,B
S4607,Engineering,63.56,72.47,96.34,75.93,72.67,0.86,75.24,59.01,F
S4608,Business,,92.22,55.77,94.1,83.16,4.56,87.51,57.31,A
S4609,Engineering,,86.35,63.9,78.39,62.05,5.06,90.16,62.81,B
S4610,Business,,82.05,62.94,56.34,75.14,6.16,96.17,95.44,D
S4611,Engineering,58.02,48.37,54.47,68.34,62.88,0.64,74.86,76.07,C
S4612,Engineering,,79.46,53.05,72.3,97.55,0.32,59.69,90.2,D
S4613,Business,69.39,85.98,58.14,,53.05,4.2,88.22,75.34,D
S4614,CS,57.98,74.35,91.85,82.96,63.73,1.89,56.28,80.47,F
S4615,CS,94.43,93.56,86.02,93.76,94.66,7.59,70.92,80.51,B
S4616,CS,99.54,56.62,80.86,87.88,74,6.69,81.41,51.57,B
S4617,CS,78.43,54.53,67.43,65.49,80,3.26,84.59,72.26,A
S4618,CS,88.73,92.17,70.47,85.94,82.58,0.46,86.65,93.2,A
S4619,Engineering,92.95,77.52,56.03,59.76,53.55,1.82,59.68,74.45,A
S4620,Business,,40.09,44.46,70.41,50.89,6.92,99.08,71.77,D
S4621,Business,52.21,61.19,59.86,90.3,96.89,9.9,58.92,76.33,D
S4622,CS,57.88,91.47,69.74,80.6,63.58,3.26,54.8,69.04,D
S4623,Mathematics,53.55,41.64,43.44,91.27,69.02,8.02,83.2,75.77,D
S4624,Engineering,50.49,40.19,45.29,62.74,84.1,8.67,95.5,56.77,C
S4625,CS,65.3,56.88,55.78,,61.82,0.48,77.97,98.4,A
S4626,Business,69.62,94.84,62.02,60.12,86.65,9.16,79.77,51.71,F
S4627,Business,62.05,94.09,63.6,,72.91,4.66,76.92,74.16,D
S4628,Business,,71.13,47.07,71.68,92.83,9.64,52.14,60.5,F
S4629,CS,76.49,73.19,53.55,77.82,63.93,5.39,84.07,52.92,B
S4630,Engineering,63.67,59.92,55.7,,60.19,2.35,67.91,82.59,D
S4631,Business,89.8,54.62,44.06,68.06,91.58,9.75,96.78,99.26,B
S4632,Engineering,50.4,88.91,59.57,83.35,66.32,2.43,59.34,87.48,D
S4633,Engineering,92.13,46.38,44.33,77.93,70.59,8.82,65.11,62.7,A
S4634,Engineering,,69.24,82.21,77.45,89.69,1.73,75.24,74.67,D
S4635,Business,85.81,78.06,63.16,75.54,81.78,6.75,73.87,52.49,B
S4636,CS,86.68,46.22,59.61,97.19,72.09,4.11,70.02,76.58,A
S4637,Engineering,96.68,71.18,47.59,96.73,62.49,9.72,65.72,54.97,A
S4638,CS,60.45,74.65,53.59,68.01,88.21,1.85,57.36,89.73,C
S4639,Engineering,99.73,84.55,53.96,67.59,59.02,4.09,91.05,52.84,A
S4640,Business,88.67,54.09,99.11,77.74,96.41,6.4,72.44,50.47,A
S4641,CS,86.33,57.6,90.12,54.78,57.52,9.78,78.65,93.08,A
S4642,Engineering,68.05,74.17,40.92,65.15,90.25,3.04,77.33,97.13,F
S4643,Engineering,77.29,98.99,77.01,61.54,71.21,3.97,78.77,54.33,A
S4644,CS,82.7,53.05,55.35,61.17,59.3,4.62,85.24,63.95,B
S4645,Engineering,81.02,99.15,46.26,81.93,70.12,2.53,81.47,87.08,A
S4646,CS,85.25,82.86,82.34,69.22,61.08,8.17,63.7,76.98,A
S4647,Engineering,54.12,89.56,47.9,58.56,56.8,0.92,77.69,97.46,F
S4648,CS,67.78,45.38,66.62,,61.96,7.05,62.23,69.46,B
S4649,Business,71.7,58.03,77.93,93.71,93.37,5.34,79.44,50.17,C
S4650,Business,63.03,43.46,73.27,,55.3,2.42,71.6,50.99,D
S4651,Engineering,58.63,62.29,98.66,69.54,98.63,4.93,51.97,78.24,C
S4652,CS,56.95,98.88,87.14,52.85,50.25,8.3,86.7,87.61,D
S4653,Mathematics,68.32,46.32,86.45,55.34,82.91,4.45,63.73,89.53,A
S4654,Engineering,74.67,73.74,61.34,63.8,92.83,1.22,96.01,95.58,D
S4655,CS,53.15,40.36,40.5,61,96.7,0.41,64.03,61.45,F
S4656,Business,,82.76,84.06,93.7,57.2,7.78,99.83,86.92,C
S4657,CS,88.26,51.83,99.98,99.32,84.91,3.3,73.15,91.35,A
S4658,Engineering,86.54,47.78,64.35,90.83,55.37,9.31,51.32,91.81,B
S4659,Engineering,58.64,60.22,99.13,,67.63,6.17,53.81,70.58,C
S4660,Engineering,80.19,86.26,48.5,79.43,86.6,4.36,54.1,81.3,D
S4661,Business,,46.4,57.79,88.5,67.3,5.64,52.81,77.58,F
S4662,Engineering,99.12,53.79,50.24,97.35,65.67,4.57,63.39,79.87,A
S4663,CS,87.38,40.51,68.51,80.07,55.8,9.06,66.23,64.1,B
S4664,Mathematics,78.79,98.1,87.82,57.73,53.32,4.58,55.56,84.16,B
S4665,Mathematics,92.54,75.53,60.44,58.19,55.76,1.04,71.91,85.5,B
S4666,Engineering,57.75,83.19,94.37,79.19,93.77,5.97,68.27,59.8,D
S4667,Engineering,50.76,79.08,72.69,66.67,50.56,6.23,81.82,72.18,D
S4668,CS,84.51,48.66,67.93,95.51,84.64,7.65,59.79,71.11,C
S4669,Business,54.92,75.7,87.22,80.58,88.43,9.33,95.7,87.45,D
S4670,CS,55.77,47.88,46.09,83.82,78.39,4.43,75.8,83.33,D
S4671,CS,87.23,64.07,86.43,50.29,86.54,3.52,81.19,73.81,B
S4672,Engineering,63.53,74.14,54.58,,82.61,4.91,51.98,82.63,D
S4673,CS,81.43,73.53,56.85,71.56,72.78,9,77.95,63.14,D
S4674,CS,95.87,47.14,75.97,85.29,69.14,9.8,68.41,61.62,A
S4675,Engineering,65.82,42.07,94.12,69.13,97.07,9.71,96.21,62,C
S4676,CS,60.86,87.89,74.7,98.83,98.6,2.3,94.28,51.47,C
S4677,CS,55.33,83.56,78.94,83.51,82.56,4.97,81.88,84.55,D
S4678,CS,56.52,44.91,86.6,83,59.86,2.59,88.39,99.29,C
S4679,CS,53.11,47.64,55.56,95.97,72.39,3.68,82.23,65.45,D
S4680,Business,54.38,93.56,89.63,99.76,74.83,0.32,50.85,96.49,F
S4681,Business,71.6,86.15,65.08,59.89,87.9,1.61,85.16,80.33,F
S4682,Engineering,66.04,99.77,50.54,90.53,83.39,3.97,58.85,61.25,D
S4683,Engineering,85.33,55.24,61.01,58.12,75.74,3.65,84.13,50.59,A
S4684,CS,93.51,69.27,54.77,72.85,84.02,2.79,50.53,86.19,A
S4685,CS,89.24,54.19,53.72,55.01,51.2,2.3,65.55,84.83,A
S4686,CS,76.53,77.37,56.95,81.17,88.83,7.49,75.85,61.46,F
S4687,Engineering,55.12,46.92,50.86,73.43,60.58,2.95,66.66,66.64,D
S4688,Business,85.49,47.63,80.06,81.43,82.82,7.07,84.7,94.9,A
S4689,Engineering,68.14,44.31,74.8,83.9,55.7,3.69,76.14,57.86,F
S4690,CS,54.28,81.62,78.91,80.97,55.72,8.02,97.98,91.77,C
S4691,CS,92.12,69.64,60.62,,51.78,1.67,67.89,58.46,A
S4692,Business,66.91,77.06,86.18,91.85,95.51,1.58,86.09,74.09,F
S4693,CS,60.91,92.76,47.78,77.58,80.23,6.8,91.79,74.95,D
S4694,Business,93.57,84.42,74.27,74.49,68.1,9.15,62.68,73.6,A
S4695,Engineering,95.11,67.7,56.53,99.35,89.39,1.43,87.71,64.4,B
S4696,Business,,99.06,71.66,64.18,81.3,0.74,69.67,62.67,F
S4697,Mathematics,67.74,67.38,59.42,76.4,81,9.35,56.44,86.66,B
S4698,Mathematics,78.98,46.75,87.43,84.12,74.35,1.17,50.18,63.78,C
S4699,Engineering,86.67,99.56,93.48,56.26,50.4,2.5,87.19,80.5,A
S4700,Engineering,53.16,41.37,84.55,67.71,62.92,9.29,59.31,92.33,D
S4701,CS,79.67,72.99,50.54,90.08,55.45,8.03,52.56,91.85,B
S4702,Mathematics,97.64,58.55,56.49,61.84,83.12,3.43,74.86,58.36,A
S4703,Engineering,63.1,70.21,95.16,74.66,62.43,9.55,67.33,82.74,F
S4704,CS,95.44,73.52,66.23,81.53,72.51,5.68,84.59,80.11,A
S4705,Engineering,97.51,54.41,96.47,83.56,67.67,0.72,55.37,64.1,B
S4706,CS,63.46,73.41,63.55,86.42,57.16,7.03,56.63,69.57,C
S4707,Engineering,,85.36,97.11,93.3,97.92,5.37,70.21,64.26,C
S4708,Engineering,61.94,55.99,95.54,69.64,96.67,5.73,76.02,76.85,F
S4709,CS,86.88,63.01,79.63,85.33,54.23,9.94,91.21,90.18,A
S4710,CS,89.87,56.09,40.53,86.61,91.37,1.53,79.28,93.88,A
S4711,Mathematics,62.36,89.23,64.02,,74.42,6.57,95.13,86.14,B
S4712,Business,85.79,83.5,94.67,98.41,88.69,4.59,60.89,74.17,A
S4713,Business,90.61,92.27,93.11,93.26,57.56,2.72,79.81,97.9,B
S4714,CS,67.93,50.2,51.24,,56.61,6.94,82.76,78.19,B
S4715,Business,58.39,44.41,63.95,83.75,94.54,6.68,86.29,73.93,D
S4716,Engineering,54.6,47.16,90.13,85.89,94.89,8.56,99.43,92.84,D
S4717,CS,78.77,49.66,74.67,,73.3,8.79,73.4,59.23,F
S4718,CS,98.9,71.98,90.84,93.19,93.51,5.62,68.47,57.89,A
S4719,CS,91.15,98.25,89.59,84.51,83.37,3.26,92.61,89.13,B
S4720,CS,71.79,61.43,94.45,82.91,59.25,5.3,58.84,93.53,F
S4721,Mathematics,76.83,97.51,47.03,61.04,66.45,3.59,51.85,53.64,B
S4722,CS,63.98,42.29,48.71,70.39,56.8,2.77,72.18,88.2,A
S4723,Engineering,58.15,95.61,44.97,71.7,88.7,5.52,62.36,71.22,D
S4724,Engineering,74.1,50.87,96.12,86.68,99.26,6.58,69.83,85.19,F
S4725,CS,,94.75,68.51,80.92,77.32,5.91,99.3,56.75,F
S4726,Engineering,76.1,43.37,43.86,54.29,82.79,9.54,67.42,98.65,A
S4727,CS,97.64,96.89,59.29,65.38,87.3,2.99,85.4,94.06,A
S4728,Business,80.19,52.05,61.08,73.65,61.21,3.72,62.52,70.3,D
S4729,CS,80.29,58.16,88.57,86.84,66.8,6.68,65.17,94.67,C
S4730,Engineering,56.4,69.46,84.13,87.18,70.62,6,62.16,94.75,D
S4731,Business,99.82,62.84,81.36,74.53,79.73,0.02,78.61,73.06,A
S4732,Business,88.64,80.05,41.31,55.85,92.52,3.12,61.31,97.34,A
S4733,Business,93.86,98.49,94.64,64.65,62.71,2.54,85.92,98.84,B
S4734,Engineering,70.72,76.39,52.93,62.73,73.54,8.4,84.01,60.86,D
S4735,CS,75.11,83.29,77.74,89.05,87.58,8.66,71.06,53.33,F
S4736,Engineering,76.1,45.28,43.71,59,54.37,2.84,51.28,66.56,B
S4737,Business,59.7,77.67,44.89,73.25,75.64,1.02,51.13,74.44,F
S4738,Business,84.47,67.23,40.57,83.54,57.22,2.05,76.64,54.63,D
S4739,CS,95.15,93.15,73.96,98.24,76.96,1.77,91.96,57.03,A
S4740,CS,58.19,63.29,77.76,99.96,88.39,2.37,79.94,98.58,D
S4741,Business,54.32,80.77,43.03,97.65,61.85,2.35,71.78,86.87,D
S4742,Engineering,86.91,53.69,57.43,85.91,92.47,4.8,94.11,93.75,B
S4743,CS,63.66,55.56,91.09,87.32,66.74,3.2,59.85,98.56,F
S4744,Engineering,81.19,62.57,46.08,87.96,59.54,5.6,67.97,68.91,D
S4745,Engineering,84.79,58.24,52.99,93.13,73.27,3.44,78.27,84.39,A
S4746,Mathematics,66.1,55.23,65.46,97.59,93.8,8.15,64.58,59.2,B
S4747,Engineering,90.76,42.98,90.54,72.29,53.45,9.51,99.89,77.58,A
S4748,CS,77.5,90.2,55.29,70.83,66.38,4.04,72.62,60.49,A
S4749,CS,93.45,43.86,99.83,73.02,82.66,0.49,52.59,58.02,A
S4750,CS,,93.24,61.32,82.99,67.88,2.4,58.8,54.92,D
S4751,Engineering,93.43,47.53,63.19,88.77,53.54,1.02,76.62,78.99,B
S4752,Engineering,51.01,43.92,47.33,93.53,66.6,3.45,77.5,97.49,C
S4753,CS,62.18,73.78,80.81,72.81,91.05,6.45,99.21,56.11,D
S4754,Engineering,54.5,70.15,54.61,68.17,98.4,5.19,80,75.12,D
S4755,Business,72.1,69.47,77.73,99.17,51.99,2.43,83.33,84.35,C
S4756,CS,,74.47,53.39,61.59,78.46,7.67,60.69,74.79,A
S4757,CS,73.38,57.22,63.27,,55.27,1.31,55.34,95.59,F
S4758,Mathematics,92.49,79.78,91.4,85.77,84.02,2.28,80.1,58.31,B
S4759,CS,66.36,70.14,84.33,,50.39,6.76,93.24,51.21,C
S4760,Business,66.98,60.08,49.28,69.97,50.74,1.97,79.37,69.16,D
S4761,Engineering,94.78,89.59,76.46,64.62,88.84,6.79,72.14,77.77,A
S4762,Business,71.29,83.66,77.72,58.44,53.72,9.77,78.91,62.73,C
S4763,Business,,63.62,45.43,78.99,65.26,8.31,73.44,58.42,F
S4764,Engineering,61.83,90.86,67.95,68.68,97.9,1.6,57.09,90.24,B
S4765,Business,97.44,95.22,55.64,,99.26,5.2,87.06,59.43,A
S4766,Mathematics,78.73,72.21,68.03,59.79,58.07,4.22,76.65,72.13,D
S4767,Engineering,,52.9,86.62,88.39,78.05,9.92,69.97,97.72,A
S4768,CS,54.48,94.95,49.5,65.74,77.96,9.64,77.98,80.64,F
S4769,CS,74.63,51.37,47.4,67.14,72.62,1.27,62.06,74.89,A
S4770,Business,95.05,42.91,56.16,62.61,96.24,9.09,71.4,68.01,B
S4771,Engineering,93.85,59.65,97.14,71.72,87.7,1.93,81.12,76.02,B
S4772,CS,52.34,83.62,84.87,73.18,88.23,3.19,61.31,86.72,C
S4773,CS,65.18,95.4,41.17,76.48,63.48,3.53,87.45,91.13,B
S4774,Engineering,72.17,78.24,64.06,98.38,71.72,2.87,76.05,82.49,A
S4775,CS,58.61,97.11,55.44,95.23,74.37,8.53,93.09,89.52,D
S4776,Engineering,86.5,45.54,78.29,80.47,64.95,3.3,92.36,54.42,A
S4777,Business,59.23,43.65,67.56,51.95,54.74,8.17,74.73,50.72,C
S4778,Engineering,67.33,76.25,97.87,,56.32,9.94,59.77,86.72,C
S4779,CS,83.16,97.97,53.14,54.48,59.03,8.41,86.83,63.09,C
S4780,CS,74.1,70.16,75.27,85.52,60.18,3.46,70.93,93.88,D
S4781,CS,86.93,43.09,82.01,69.5,62.11,7.11,79.73,76.79,A
S4782,CS,98.06,53.27,89.53,91.88,62.77,5.34,55.36,73.93,A
S4783,Engineering,55.83,54.69,64.42,,72.79,7.87,81.58,88.64,D
S4784,Engineering,85.48,60.27,81.22,70.86,75.48,1.53,68.68,87.05,B
S4785,CS,61.52,42.62,58.19,73.03,65.44,6.38,66.71,85.21,B
S4786,CS,70.72,94.29,66.13,79.51,95.36,7.74,99,84.5,A
S4787,CS,51.64,70.93,93.74,,77.66,7.61,71.62,75.77,C
S4788,Mathematics,,80.26,96.99,96.37,89.37,9.64,83.9,96.32,F
S4789,Engineering,,44.03,83.13,71.65,96.21,0.58,81.39,94.53,D
S4790,Business,67.1,43.25,62.46,58.34,58.16,3.46,55.22,66.47,B
S4791,Business,94.98,75.19,89.2,88.14,71.39,4.77,87.4,90.23,B
S4792,Engineering,87.09,93.24,41.55,60.96,71.66,3.1,66.16,94.56,A
S4793,Business,98.61,71.71,46.16,57.18,67.72,3.1,89.95,80.91,A
S4794,CS,79.95,92.67,79.68,78.14,50.45,1.76,80.38,77.78,A
S4795,Engineering,62.09,88.66,57.47,83.57,90.8,8.13,65.85,83.59,D
S4796,CS,66.38,44.55,97.08,,55.58,9.08,67.81,58.15,C
S4797,Business,65.99,52.12,66.16,82.83,99.77,0.82,86.58,54.37,C
S4798,CS,66.32,79.46,65.76,55.78,88.65,1.55,77.5,91.01,A
S4799,Business,83.65,66.61,80.68,73.8,79,2.28,83.42,78.67,B
S4800,CS,76.54,57.44,86.05,67.85,57.73,5.09,57.92,56.13,F
S4801,Business,,65.12,68.53,98.67,75.77,7.91,89.35,70.82,A
S4802,CS,,66.71,52.84,52.48,63.06,0.71,66.02,64.91,F
S4803,Engineering,51.11,94.63,86.4,64.91,62.62,6.37,80.99,93.77,D
S4804,Engineering,60.94,46.21,59.22,97.09,91.48,1.49,55.73,75.36,A
S4805,CS,55.37,56.78,50.51,99.17,69.03,9.71,66.07,78.88,C
S4806,Engineering,89.27,72.25,77.9,,72.54,8.99,82.44,61.76,B
S4807,Mathematics,55.62,81.9,45.43,53.8,92.15,9.5,63.71,89.95,C
S4808,CS,,77.84,98.28,78.07,54.39,1.06,94.02,96.51,A
S4809,Mathematics,69.28,96.5,77.94,70.01,79.73,4.88,83.06,89.62,D
S4810,Engineering,53.67,87.74,99.15,90.32,78.91,1.65,93.51,74.64,C
S4811,Business,90.64,73.42,60.33,52.75,71.26,6,69.77,91.75,A
S4812,CS,78.98,52.88,98.27,59.86,91.49,2.33,51.7,59.4,F
S4813,Engineering,61.79,67.05,48.73,74.46,97.14,7.71,78.81,55.67,B
S4814,Business,94.73,81.6,42.44,57.88,73.27,6.44,66.96,71.91,A
S4815,Engineering,52.26,90.28,41.98,84.64,72.81,5.72,72.41,59.08,D
S4816,Engineering,60.09,97.58,67.89,91.04,75.1,8.25,84.06,62.96,B
S4817,CS,87.6,76.33,44.98,85.23,86.16,5,85.03,79.26,B
S4818,CS,85.47,71.62,70.73,72.01,83.4,2.7,51.38,70.2,A
S4819,Engineering,64.46,41.06,59.65,93.92,61.14,6.21,88.47,93.29,D
S4820,Business,53.1,44.33,60.14,,53.19,9.57,74.68,61.28,F
S4821,Engineering,92.9,49.37,78.14,63.02,97.46,6.01,77.83,99.84,A
S4822,CS,,43.29,49.79,74.48,63.05,6.3,64.9,67.97,A
S4823,Engineering,59.79,64.05,85.99,53.07,81.93,9.35,71.04,75.77,C
S4824,CS,,60.21,74.92,54.78,91.42,5.15,85.52,56.62,B
S4825,Engineering,95.51,78.24,94.9,69.87,65.01,9.96,88.84,78.96,B
S4826,Business,52.18,72.14,61.89,97.19,81.77,1.6,69.36,98.06,D
S4827,Business,,75.76,98.96,95.42,55.4,5.37,84.56,87.47,F
S4828,CS,78.62,68.32,74.55,73.3,98.5,2.13,62.9,62.2,C
S4829,Business,71.27,56.66,98.4,,52.91,4.53,91.6,72.13,D
S4830,Engineering,87.2,97.17,41.62,58.91,71.91,1.71,80.49,71.27,A
S4831,Business,98.29,45.18,83.68,68.88,76.84,2.23,88.76,54.9,B
S4832,CS,61.46,96.33,89,,89.52,2.11,73.86,94.29,F
S4833,Engineering,57.18,58.67,43.19,54.15,56.06,3.2,61.46,69.07,D
S4834,CS,95.64,70.76,74.74,83.69,72.04,1.35,71.46,74.71,A
S4835,Engineering,83.45,46.53,88.12,79.07,64.99,8.09,69.07,64.56,B
S4836,CS,,44.26,73.66,64.56,65.6,2.21,66.64,57.62,D
S4837,CS,,65.77,43.83,88.95,88.94,4.17,60.61,95.11,B
S4838,CS,87.28,84.5,81.61,88.8,50.27,0.16,87.96,51.87,A
S4839,CS,88.65,56.16,43.64,74.55,87.45,1.05,54.32,69.99,B
S4840,CS,95.99,73.74,89.05,54.83,90.52,8.96,94.38,86.53,A
S4841,Engineering,71.34,56.72,42.58,95.92,95.07,8.37,58.75,65.44,A
S4842,CS,64.67,63.32,48.24,83.43,81.34,8.41,98.99,72.3,A
S4843,Engineering,81.98,94.39,56.51,62.35,66.67,4.11,99.42,78.22,D
S4844,CS,70.79,91.35,78,80.52,71.36,1.42,69.92,99.75,C
S4845,Mathematics,79.73,70.96,98.58,70.25,98.49,1.08,99.39,87.92,F
S4846,Mathematics,71,54.29,47.07,81.77,94.06,6.06,93.45,98.36,D
S4847,CS,57.65,51.59,48.56,73.69,73.18,8.28,54.12,84.66,C
S4848,Engineering,73.47,97.25,62.13,74.27,97.15,9,97.37,63.45,A
S4849,CS,84.55,52.16,90.17,86.79,91.15,2.89,52.13,64.37,A
S4850,Mathematics,89.96,88.49,68.03,,95.05,3.21,59.1,91.12,A
S4851,Engineering,74.67,62.14,59.3,54,84.15,1.01,79.23,71.39,A
S4852,CS,58.26,99.14,73.67,53.27,92.88,7.74,54.04,68.51,F
S4853,CS,70.73,62.09,55.63,65.25,94.59,2.76,58.09,97.25,F
S4854,CS,89.31,61.09,64.07,71.51,54.6,4.81,97.67,50.66,B
S4855,CS,70.64,78.25,59.96,63.76,98.26,9.29,99.73,76.25,D
S4856,Engineering,84.83,97.69,88.25,,66.68,7.52,89.91,88.75,F
S4857,Engineering,75.36,98.57,95.46,59.76,71.99,0.53,75.76,86.81,F
S4858,CS,62.06,82.43,85.57,,89.6,0.08,95.02,68.38,B
S4859,CS,89.81,85.28,66.35,88.66,83.24,7.87,55.59,76.78,A
S4860,CS,54.21,73.8,70.26,56.22,94.65,5.53,97.14,50.28,D
S4861,CS,76.24,85.35,47.5,82.54,70.03,7.2,67.58,76.74,C
S4862,Business,60.44,91.59,84.81,98.07,68.66,1.57,93.07,79.52,F
S4863,CS,,69.17,75.79,59.64,51.58,8.72,83.42,93.74,F
S4864,Engineering,75.15,77.19,94.15,95.47,73.14,7.73,98.01,60.54,D
S4865,CS,74.98,72.24,52.04,80.3,86.2,8.91,93.23,91.26,C
S4866,CS,85.35,73.75,85.58,79.55,65.06,3.41,94.39,85.9,A
S4867,Engineering,87.24,93.4,81.08,52.6,73.14,2.76,81.59,83.3,A
S4868,Engineering,86.39,61.34,55.95,87.42,60.97,1.52,91.66,69.72,A
S4869,Engineering,70.48,52.49,80.04,73.91,88.64,9.3,87.86,68.37,F
S4870,Engineering,81.58,67.38,95.46,86.06,53.03,1.77,58.08,85.16,B
S4871,Engineering,78.85,52.49,95.11,90.46,85.27,1.19,82.43,99.51,B
S4872,CS,71.08,69.9,83.18,76.19,68.95,1.93,57.41,70.27,D
S4873,Engineering,,94.21,42.88,63.18,52.08,7.71,93.47,95.93,C
S4874,Engineering,97.36,77.05,92.34,57.08,92.67,8.9,53.3,79.33,B
S4875,CS,59.64,91.33,79.47,58.03,74.39,8.11,99.35,93.41,F
S4876,Engineering,,49.97,58.63,93.35,79.97,5.63,70.03,60.86,D
S4877,CS,52.67,94.05,51.24,,86.6,9.94,58.53,88.11,D
S4878,CS,65.42,76.11,46.97,69.23,82.75,0.69,96.78,91.75,D
S4879,Engineering,,41.91,43.01,66.71,86.54,8.67,52.27,91.61,A
S4880,Business,81.32,77.99,85.25,93.27,88.11,4.28,73.51,89.24,F
S4881,Business,56.56,97.08,54.15,73.88,79.46,4.55,88.51,65.21,F
S4882,CS,,44.75,41.46,,68.28,1.28,65.84,76.1,B
S4883,Engineering,91.43,74.95,63.84,86.85,62.16,0.33,76.44,64.99,A
S4884,Engineering,,94.93,68.96,92.55,95.15,3.17,85.02,67.15,C
S4885,CS,72.92,40.58,50.15,54.93,98.5,1.75,97.6,65.06,A
S4886,Business,96.65,77.85,42.64,62.66,67.88,4.83,55.14,64.21,B
S4887,Business,91.54,68.49,51.35,56.77,55.62,1.47,57.86,84.67,A
S4888,Mathematics,74.97,60.82,80.75,73.18,61.13,1.38,75.44,82.51,D
S4889,CS,85.09,77.65,44.93,,83.53,8.77,70.92,60.21,A
S4890,CS,78.35,43.16,73.3,58.45,58.65,9.21,70.54,84.58,D
S4891,Business,79.4,85.18,48.78,56.51,89.01,9.64,64.85,64.55,B
S4892,Engineering,66.55,40.27,51.74,80.73,96.15,6.81,78.03,60.09,B
S4893,Business,73.1,58.42,63.58,61.52,98.18,7.71,94.16,87.36,A
S4894,CS,,70.24,46.05,73.97,50.47,8.36,58.05,68.14,D
S4895,Engineering,67.87,62.62,50.39,52.56,97.91,6.59,60.76,78.47,B
S4896,Engineering,84.79,58.45,60.94,84.03,87.01,3.3,83.54,60.01,C
S4897,CS,,89.85,59.78,77.07,54.2,1.56,52.81,80.68,A
S4898,Engineering,98.15,96.09,84.96,82.37,70.76,2.37,83.69,60.4,B
S4899,Engineering,77.79,92.42,44.49,63.77,85,8.4,65.72,58.34,A
S4900,CS,80.33,71.35,91.63,63.93,97.83,6.96,67.89,69.33,A
S4901,CS,59.29,93.05,88.97,90.07,58.21,4.56,70.28,89.5,F
S4902,Engineering,84.77,95.25,85.96,,56.39,0.29,67.48,58.83,B
S4903,Engineering,53.53,64.55,58.56,78.99,73.62,2.66,92.06,55.85,F
S4904,Business,64.23,57.01,89.37,81.41,98.4,7.29,97.3,51.58,B
S4905,CS,83.42,45.9,50.97,54.7,98.57,5.12,77.4,70.8,B
S4906,CS,65.52,68.75,47.46,,61.4,4.36,79.09,64.1,D
S4907,Mathematics,52.49,96.78,42.7,88.5,65.97,3.14,53.52,64.61,F
S4908,Mathematics,91.59,73.65,96.36,79.52,95.4,6.07,85.66,99.1,B
S4909,CS,65.52,80.05,58.48,95.93,86.74,9.66,79.2,59.71,F
S4910,Business,53.16,46.77,95.06,58.43,98.62,9.01,52.52,72.92,D
S4911,CS,53.74,48.61,56.36,84.33,94.66,0.3,59.92,99.32,C
S4912,CS,62.59,67.87,94.45,98.15,60.75,4.81,60.1,51.53,C
S4913,CS,58.9,97.08,94.24,65.5,87.99,3.29,58.55,84.83,D
S4914,CS,88.72,61.65,95.42,50.76,52.43,5.11,82.93,68.55,A
S4915,Business,66.08,92.65,69.77,86.74,90.89,6.06,96.42,95.3,F
S4916,Business,90.23,47.22,91.96,50.35,80.08,2,88.15,95.6,A
S4917,Mathematics,58.69,77.02,97.05,93.63,97.81,7.82,73.87,69.36,F
S4918,Business,74.64,76.04,59.48,52.82,98,4.75,70.2,61.07,A
S4919,Engineering,84.4,91.59,65.13,82.64,52.54,9.92,69.32,71.4,F
S4920,Engineering,82.6,40.2,83.15,68.86,58.03,0.25,80.06,98.27,B
S4921,Mathematics,80.06,51.4,58.02,60.17,74.21,1.9,67.96,64.07,B
S4922,Business,,53.18,85.23,,93.97,6.9,61.31,99.07,A
S4923,Business,61.43,97,44.43,87.31,90.72,6.95,80.14,90.97,D
S4924,Mathematics,74.69,49.22,71.41,67.02,98.22,5.82,69.54,63.37,C
S4925,CS,94.2,42.22,47.34,64.21,80.9,9.72,50.71,89.55,A
S4926,Business,53.89,72.07,57.6,86.8,62.83,4.15,51.11,52.49,C
S4927,Business,52.79,71.71,55.52,91.83,51.26,4.17,63.71,77.4,C
S4928,Mathematics,61.67,90.64,90.34,85.79,61.15,9.1,75.62,67.87,D
S4929,CS,,96.93,51.61,82,83.76,5.38,67.71,71.35,F
S4930,Engineering,62.99,72.31,88.51,61.4,96.31,3.54,51.2,73.64,A
S4931,Engineering,59.51,95.8,87.64,92.64,66.05,7.19,61.16,75.14,D
S4932,CS,72.94,83.51,69.93,87.48,93.79,6.2,54.82,82.82,C
S4933,Engineering,80.68,55.87,54.03,75.86,69.74,3.06,97.43,84.84,A
S4934,CS,62.43,95.71,53.61,75.58,65.41,2.98,65.64,98.79,B
S4935,CS,,80.05,67.9,78.46,75.44,3.96,50.74,88.14,F
S4936,Engineering,80.68,64.85,40.53,91.41,72.11,0.72,83.03,84.39,C
S4937,Engineering,97.29,80.81,71.88,87.11,95.69,9.43,61.62,69.62,B
S4938,Engineering,,64.08,97.17,92.81,73.41,1.83,78.34,55.89,A
S4939,Engineering,89.15,46.85,49.28,75.36,63.87,1.94,57.54,52.94,B
S4940,CS,,83.14,74.4,81.23,92.13,6.47,99.2,73.88,C
S4941,CS,63.61,89.45,97.71,92.73,99.94,7.24,98.51,83.41,A
S4942,CS,72.71,83.73,91.63,61.62,82.41,7.37,82.8,82.51,A
S4943,CS,90.36,53.75,91.02,72.2,62.52,3.75,85.36,97.64,A
S4944,Engineering,72.81,97.4,89.31,81.03,61.94,8.73,71.29,69.12,D
S4945,Business,92.34,41.52,58.54,,52.89,5.44,98.11,81.39,A
S4946,CS,99.44,59.96,93.44,50.79,53.86,4.39,71.19,94.39,A
S4947,CS,53.6,55.61,96.48,60.63,95.75,8.1,61.97,70.2,F
S4948,Business,,42.89,69.75,,54.82,2.44,55.77,73.89,B
S4949,CS,57.48,64.34,61.27,66.33,74.22,8.6,60.41,96.15,F
S4950,Mathematics,,77.39,64.85,64.09,84.91,5.39,78.61,77.51,A
S4951,Business,56.55,92.95,60.05,79.51,92.52,9,62.25,89.98,D
S4952,CS,93.53,99.38,52.75,94.28,58.56,2.02,82.71,96.78,A
S4953,CS,51.16,88.49,77.11,81.85,71.89,9.36,69.11,78.55,F
S4954,Engineering,65.79,68.12,73.76,62.08,62.57,6.88,94.34,55.46,A
S4955,CS,59.23,83.42,67.76,93.19,62.79,6.18,77.92,91.08,F
S4956,CS,96.58,90.62,45.75,81.6,65.19,4.22,81.13,90.89,A
S4957,CS,83.47,67.92,87.81,60.95,79.36,9.56,77.83,55.75,B
S4958,Business,95.6,87.1,50.5,68.08,50.83,4.44,94.28,77.41,B
S4959,Engineering,98.62,68.96,46.87,89.5,70.44,4.99,53.17,74.35,A
S4960,CS,74.85,63.19,77.38,86.95,59.34,7.81,53.37,92.36,A
S4961,Engineering,61.72,71.57,63.92,78.83,98.36,2.85,85.09,63.73,D
S4962,Engineering,59.69,80.55,43.59,57.24,79.14,2.91,88.4,71.31,D
S4963,Engineering,61.15,83.61,61.33,90.16,93.4,7.75,71.68,80.24,F
S4964,CS,85.43,61.4,86.31,65.38,59.78,1.29,67.62,75.86,A
S4965,Engineering,52.02,74.28,76.91,88.58,90.5,8.23,63.9,97.75,F
S4966,Mathematics,52.57,94.59,61.77,82.38,70.74,6.25,61.72,98.03,C
S4967,CS,80.41,98.58,51.51,63.21,58.88,5.39,95.6,54.08,B
S4968,CS,82.1,53.63,77.91,60.62,88.06,2.29,64.76,64.89,A
S4969,CS,83.26,51.57,93.25,56.55,88.1,7.86,82.4,50.38,F
S4970,CS,68.59,80.6,78.78,62.1,99.79,8.05,89.35,70.89,B
S4971,CS,,64.88,88.77,57.89,89.05,4.83,51.1,83.11,B
S4972,Business,76.68,41.45,71.29,80.85,57.26,3.89,51.69,73.56,F
S4973,Mathematics,55.27,60.81,83.08,79.94,66.13,2.46,66.66,53.36,F
S4974,CS,,88.4,93.77,,72.59,7.54,84.8,59.8,F
S4975,Engineering,97.65,87.85,86.39,82.09,56.33,6.39,63.04,58.66,B
S4976,Engineering,53,69.68,94.59,90.74,89.4,2.07,50.07,75.56,D
S4977,Engineering,69.57,68.35,65.87,95.68,76.33,7.94,64.41,83.88,D
S4978,Engineering,74.38,74.77,94.25,61.52,97.22,8.82,54.51,65.82,B
S4979,CS,57.32,53.16,77.29,,79.47,0.59,60.97,56.52,F
S4980,Engineering,93.39,71.56,92.2,53.92,76.14,7.72,66.66,89.93,B
S4981,Engineering,,40.66,42.36,56.01,53.57,8.53,56.4,92.92,F
S4982,Business,89.15,68.53,79.47,82.72,57.47,9.92,85.32,63.82,A
S4983,Business,83.55,60.16,90.88,74.33,92.48,2.38,62.8,71.04,D
S4984,CS,79.9,80.49,50.45,,99.53,3.71,83.05,54.1,F
S4985,CS,59.61,78.3,79.71,71.28,70.76,9.66,79.95,61.38,C
S4986,Mathematics,61.04,62.85,89.5,56.38,90.5,0.94,94.9,88.35,C
S4987,Engineering,,40.44,57.28,93.6,81.38,5.24,54.4,68.26,A
S4988,Business,62.04,55.14,64.31,54.14,97.95,5.07,60.73,80.23,B
S4989,CS,67.27,78,74.17,59.45,61.91,6.07,93.26,97.31,C
S4990,Engineering,,44.34,71.15,63.85,77.24,3.31,91.11,86.18,F
S4991,Engineering,68.32,46.46,42.35,99.76,70.44,9.26,59.61,72.67,C
S4992,Business,87.73,78.82,45.92,70.84,77.09,2.7,55.39,68.34,B
S4993,CS,,85.35,46.03,75.09,63.44,6.5,92.81,59.53,F
S4994,CS,89.24,59.29,55.74,88.48,74.89,4.96,58.91,87.81,A
S4995,Engineering,98.81,69.38,54.75,81.82,81.24,2.67,93.56,55.62,A
S4996,Business,61.99,96.74,84.53,92.07,54.06,1.89,98.06,53.07,A
S4997,Mathematics,,96.73,74.36,74.32,87.15,9.57,61.04,55.24,A
S4998,Mathematics,81.09,58.45,85.84,98.61,85.33,5.61,92.02,62.15,F
S4999,Mathematics,90.86,88.6,44.19,89.84,94.02,6.04,71.19,81.36,A
S5000,CS,82.58,75.64,69.11,70.07,71.29,7.83,89.44,93.07,A
S5001,CS,,98.53,59.43,69.06,53.08,0.81,70.37,99.63,B
S5002,CS,61.4,68.66,91,96.47,73.07,7.14,53.52,86.57,D
S5003,CS,53.5,86.48,82.47,,56.88,1.65,85.63,57.3,D
S5004,Business,76.78,86.09,92.16,,82.37,7.4,57.53,63.89,B
S5005,Business,99.52,69.85,42.79,87.89,52.36,1.41,96.35,56.6,B
S5006,CS,86.9,87.74,83.25,,68.7,8.32,70.89,55.78,A
S5007,Engineering,66.37,55.66,72.4,57.96,54.14,6.81,54.1,78.39,A
S5008,Mathematics,91.36,47.34,89.5,65.96,50.17,3.86,61.42,95.34,B
S5009,Engineering,88.45,65.51,70.43,,98.03,3.59,93.13,84.22,A
S5010,CS,64.08,96.62,72.41,50.91,99.81,1.49,66.05,90.03,B
S5011,Engineering,50.72,70.04,43.11,71.87,77.78,9.04,92.82,75.4,C
S5012,CS,55.91,78.12,80.11,87.79,61.95,1.19,58.61,73.77,F
S5013,Engineering,93.87,77.45,56.39,58.21,95.55,4.72,73.41,96.87,A
S5014,Engineering,91.83,47.95,41.18,53.23,96.15,2.37,93.91,86.1,A
S5015,CS,64.76,63.42,43.99,91.8,92.73,9.96,52.42,72.97,F
S5016,Mathematics,64.26,82.42,97.44,,77.22,5.86,65.21,66.63,C
S5017,Engineering,89.64,98.32,60.76,58.83,53.74,1.5,95.49,54.66,B
S5018,Engineering,96.89,50.08,92.08,90.32,54.42,6.68,79.83,91.05,B
S5019,Mathematics,88.96,64.63,97.58,82.91,94.83,9.92,85.81,58.47,B
S5020,CS,80.28,45.71,96.6,66.71,93.79,6.05,92.11,75.75,A
S5021,CS,62.13,54.54,92.9,68.81,71.72,4.57,76.18,81.86,F
S5022,Business,76.29,62.61,93.69,57.79,66.41,2.93,92.27,87.2,F
S5023,CS,61.68,72.44,57.34,91.76,82.21,0.92,81.94,54.17,B
S5024,Business,90.4,53.83,49.09,75.45,90.35,2.28,84.28,50.53,A
S5025,CS,69.35,53.65,78.36,77.85,86.58,5.54,57.64,85.3,C
S5026,CS,91.68,86.67,69.29,94.17,80.78,7.54,96.95,72.72,A
S5027,Engineering,69.08,97.76,45.92,50.79,61.58,8.78,89.8,59.06,A
S5028,CS,91.21,59.42,80.65,53.35,63.13,7.94,62.71,99.1,B
S5029,Business,66.67,81.28,73.77,58.08,86.2,1.25,79,89.57,B
S5030,Engineering,,55.48,91.78,51.5,90.13,7.73,68.82,78.93,D
S5031,Mathematics,,95.68,76.55,,55.81,5.82,83.02,85.11,F
S5032,Business,53.51,80.37,74.44,81.69,59.36,4.69,99.69,57.75,F
S5033,CS,97.41,88.16,66.45,60.54,84.02,5.73,52.29,98.11,A
S5034,Business,78.68,42.96,67.77,57.47,69.45,0.08,97.63,99.82,F
S5035,Engineering,75.39,75.91,97.26,57.28,78.16,0.68,53.62,82.42,F
S5036,Engineering,91.97,71.66,48.31,,80.74,5.26,73.04,83.42,A
S5037,Business,93.29,57.58,66.77,84.68,88.81,1.74,74.11,85.22,A
S5038,Engineering,76.11,55.75,79.35,79.27,90.29,5.46,63.44,83.29,D
S5039,Engineering,96.36,74.8,65.98,66.12,64,3.54,78.33,71.93,A
S5040,Engineering,53.24,82.39,56.99,71.65,77.06,9.07,91.7,77.03,D
S5041,CS,55.66,41.99,57.24,54.47,56.18,9.5,64.7,64.14,C
S5042,CS,,74.04,54.02,99.91,92.1,9.8,53.52,72.34,D
S5043,Engineering,67.7,50.23,60.63,87.75,92.27,8.99,81.61,71.81,C
S5044,CS,73.21,48.42,92.3,81.07,64.98,9.86,87.59,64.41,A
S5045,CS,66.4,77.39,70.31,79.39,58.03,7.06,97.73,89.34,D
S5046,CS,70.24,58.65,54.41,75.22,53.5,9.61,57.98,70.48,D
S5047,Engineering,91.13,66.45,63.07,62.87,78.75,6.42,95.07,77.59,A
S5048,CS,79.67,61.6,46.35,61.32,54.57,8.09,74.11,57.8,D
S5049,Business,99.87,78.9,94.24,,84.03,1.32,61.79,73.75,B
S5050,CS,89.34,68.21,64.49,53.51,83.91,6.83,98.14,88.07,A
S5051,Engineering,63.68,97.81,98.82,53.72,80.7,9.31,61.92,72.23,D
S5052,Engineering,63.22,61.14,60.85,78.04,93.83,5.4,86.67,77.89,A
S5053,Engineering,66.79,84.42,90.18,95.99,68.91,1.87,89.24,85.09,F
S5054,CS,,55.44,55.38,95.71,95.11,5.27,71.53,69.45,D
S5055,Mathematics,51.36,70.53,44.57,50.54,51.85,7.07,84.5,67.66,D
S5056,Mathematics,61.51,73.15,41.9,55.37,55.64,7.7,78.62,54.29,C
S5057,Business,95.25,59.75,76.37,79.15,70.61,5.24,59.6,79.11,A
S5058,Mathematics,81.99,68.31,58.69,92.42,79.7,2.17,87.99,85.35,F
S5059,Engineering,61.34,56.76,66.61,97.72,51.62,9.27,96.4,79.06,A
S5060,Engineering,60.96,40.36,89.12,93.03,78.37,7.74,74.43,64.18,D
S5061,Business,93.13,52.94,54.89,83.88,65.37,2.71,99.72,63.12,B
S5062,Engineering,94.69,82,58.52,60.03,94.36,8.12,71.4,57.97,B
S5063,Business,62.81,86.26,90.72,53.63,76.66,3.48,73.99,52.35,F
S5064,Business,71.03,56.81,69.57,52.38,79.39,3.12,83.69,71.34,A
S5065,Mathematics,91.73,64.48,89.66,,97.28,8.63,59.29,58.03,B
S5066,CS,88.55,42.24,62.47,51.81,88.21,8.73,95.1,84.54,A
S5067,Business,90.7,54.22,63.9,86.96,71.91,3.98,90.06,98.09,B
S5068,Engineering,75.92,86.75,50.03,85.62,73.84,0.09,93.62,53.67,D
S5069,Engineering,95.58,76.36,94.98,,82.4,1.87,80.48,94.65,A
S5070,CS,66.3,52.35,93.81,95.33,60.01,9.09,94.19,82.89,F
S5071,Business,57.83,55.45,99.05,,54.43,8.99,84,93.01,D
S5072,Mathematics,85.44,89.01,64.15,95.22,65.56,4.53,75.58,57.75,A
S5073,CS,76.97,52.55,89.12,95.08,88.92,3.04,96.59,95.32,D
S5074,Engineering,92.73,60.05,64.9,59.85,62.87,3.03,71.99,97.89,A
S5075,CS,54.06,79.86,67.26,69.03,56.54,8.97,75.03,95.34,F
S5076,Mathematics,92.18,73.67,89.8,56.73,60.95,3.25,58.48,89.27,A
S5077,Engineering,64.66,67.65,50.64,88.75,83.95,5.12,97.38,54.52,D
S5078,CS,82.74,93.98,53.22,75.21,80.7,7.31,61.05,61.04,A
S5079,CS,52.01,53.18,58.88,,84.42,2.09,60.07,95.66,D
S5080,Engineering,80.48,84.49,87.29,,66.1,2.54,55.06,61.47,D
S5081,CS,85.86,49.54,62.36,,95.04,3.58,72.67,67.39,B
S5082,Engineering,68.44,76.94,61.49,99.46,72.59,6.54,63.68,52.52,F
S5083,Mathematics,,92.24,99.93,83.27,75.69,8.17,87.04,81.4,C
S5084,Business,76.88,67.47,63.03,53.44,97.44,5.47,65.38,78.17,F
S5085,CS,91.66,83.46,54.87,79.42,98.96,1.33,86.04,98.09,B
S5086,Mathematics,66.18,89.22,77.39,58.99,83.08,4.46,59.8,94.62,A
S5087,Engineering,62.62,48.16,88.11,51.53,97.24,1.28,61.5,75.3,D
S5088,CS,,82.35,44.18,66.75,77.08,0.88,90.31,80.47,F
S5089,CS,97.46,95.19,77.13,,65.36,5.9,68.55,70.66,B
S5090,CS,67.96,74.58,42.14,,65.75,9.56,55.59,56.62,C
S5091,Business,,51.17,71.58,68.68,77.95,8.38,98.07,93.39,F
S5092,CS,,47.62,55.42,86.65,80.25,7.74,58.87,77.48,D
S5093,CS,84.96,55.58,58.4,50.81,71.98,7.27,57.51,71.27,A
S5094,Business,56.43,46.21,68.03,50.74,94.19,8.97,67.92,53.42,D
S5095,Engineering,99.25,70.8,95.63,51.47,71.33,7.53,54.78,83.27,A
S5096,Business,80.4,44.18,82.64,60.97,63.67,6.27,57.78,69.98,D
S5097,Business,75.04,53.4,96.21,68.7,50.4,3.65,92.32,62.68,A
S5098,CS,69.11,66.39,79.6,80.39,98.53,1.01,58.58,93.84,D
S5099,Business,94.93,68.43,40.43,99.3,91.22,4.61,55.57,59.18,A
S5100,CS,62.2,73.92,55.94,67.72,80.78,9.25,94,75.75,B
S5101,Engineering,64.29,82.34,94.35,52.78,91.53,5.83,72.19,89.79,A
S5102,Engineering,56.12,42.83,78.61,59.75,90.51,1.85,57.86,92.45,C
S5103,CS,87.96,44.84,98.9,94.89,96.59,6.49,79.08,90.94,A
S5104,Mathematics,79.78,43.65,49.36,,69.3,4.65,52.08,94.83,B
S5105,Engineering,80.45,65.39,57.8,89.51,77.74,9.31,71.37,57.12,F
S5106,CS,60.92,42.51,61.74,56.21,54.93,1.61,79.52,97.02,F
S5107,Mathematics,82.56,84.76,59.59,,98.27,7.12,97.86,50.54,D
S5108,Engineering,88.27,53.38,55.12,55.61,99.26,6.82,66.32,62.8,B
S5109,Engineering,67.89,96.35,66.61,92.86,89.45,9.84,88.25,54.2,F
S5110,Engineering,90.07,69.18,78.54,60.5,72.71,5.65,56.63,97.28,A
S5111,Business,67.44,66.78,58.68,82.16,74.83,8.72,71.68,71.2,F
S5112,CS,87.91,86.83,44.78,75.81,71.77,0.25,61.16,65.76,A
S5113,CS,51.69,82.79,82.51,77.22,64.67,1.23,74.62,58.35,D
S5114,Engineering,,76.44,67.54,59.77,76.39,3.46,70.86,57.79,D
S5115,CS,98.48,96.11,73.39,81.76,52.67,6.19,98.99,80.7,A
S5116,Business,99.06,65.34,67.32,52.16,99.59,4.49,95.87,52.35,B
S5117,CS,64.09,88.51,93.42,99.67,71.2,2.03,79.11,79.72,C
S5118,CS,72.07,62.81,73.52,51.34,96.37,5.89,58.83,88.73,D
S5119,CS,53.15,90.3,95.4,52.51,86.21,5.67,77.85,80.05,D
S5120,Business,93.67,55.57,70.63,66.23,64.5,5.24,89.6,91.33,B
S5121,Business,78.43,57.36,57.56,91.58,61.1,0.91,51.9,63.26,C
S5122,CS,69.26,80.67,61.33,62.86,99.78,9.27,71.7,53.86,A
S5123,Engineering,55.64,52.76,71.33,73.6,88.61,5.92,52.13,86.05,C
S5124,CS,97.34,53.75,71.8,,62.48,2.64,62.2,91.41,B
S5125,Engineering,76.51,58.32,81.24,,53.37,6.87,54.61,75.08,B
S5126,CS,64.15,80.74,53.47,80.4,84.85,3.18,98.03,91.03,B
S5127,Engineering,67.51,93.36,79.53,,65.15,5.06,58.44,72.9,B
S5128,Engineering,63.53,80.47,86.72,84.71,61.07,3.41,57.51,59.93,C
S5129,Mathematics,80.09,89.67,80.6,89.27,86.75,8.8,98.6,73.72,D
S5130,CS,96.5,72.61,68.91,92.52,83.96,9.94,75.8,60.8,A
S5131,Business,,44.14,99.5,56.69,74.07,1.61,87.9,73.6,A
S5132,Engineering,73.02,46.03,64.29,72.78,97.13,0.24,66.37,57.38,B
S5133,Mathematics,91.32,73.26,46.4,97.35,83.98,2.19,76.64,59.28,A
S5134,CS,71.16,59.67,89.29,88.6,94.67,5.9,50.34,94.15,F
S5135,CS,62.62,53.23,52.73,55.85,59.53,1.74,70.44,55.79,F
S5136,Business,99.17,67.98,82.8,75.13,64.83,8.11,77.75,61.21,A
S5137,CS,65.19,79.99,50.74,96.12,55.23,4.09,75.72,99.78,A
S5138,CS,66.19,63.1,41.01,72,65.23,6.11,70.29,78.8,A
S5139,CS,99.48,88.15,49.59,91.87,98.59,4.56,89.4,79.29,B
S5140,Business,56.7,84.31,62.62,74.79,98.14,9.03,75.08,92.25,F
S5141,CS,88.03,84.09,46.4,55.34,88.02,0.35,81.81,76.22,B
S5142,Business,96.79,99.11,51.86,57.39,76.05,7.29,59.23,61.09,A
S5143,Engineering,75.59,57.71,85.88,52.33,89.04,6.52,93.08,71.12,C
S5144,CS,50.13,78.68,86.19,59.77,77.67,6.5,68.14,87.75,D
S5145,Engineering,68.75,91.33,89.05,94.68,50.18,4.14,74.11,93.62,F
S5146,CS,55.58,74.77,90.47,82.51,75.08,0.16,67.61,63.66,D
S5147,Engineering,70.81,87.37,65.23,86.94,79.95,6.89,94.6,63.1,D
S5148,Engineering,,64.87,92.05,81.08,63.29,8.29,95.04,66.38,B
S5149,Engineering,71.94,75.43,71.56,69.33,60.16,0.85,61.21,79.81,F
S5150,CS,71.6,43.34,68.24,60.84,63.69,4.42,87.64,63.93,D
S5151,Engineering,,99.15,83.11,96.28,81.18,1.63,55.14,94.66,D
S5152,Business,79.08,88,52.83,75.74,57.3,6.11,51.49,98.9,A
S5153,Business,92.81,92.13,87.37,74.05,86.02,7.86,91.83,83.96,A
S5154,Business,65.42,81.66,65.77,99.81,71.13,6.67,56.56,98.51,B
S5155,CS,91.08,51.16,47.64,69.2,67.67,3.18,57.74,64.39,A
S5156,Business,78.3,41.86,47.16,92.71,90.36,1.4,80.33,90.76,C
S5157,CS,65.03,91.88,49.89,93.12,75.3,7.94,90.84,83.92,C
S5158,CS,64.76,63.78,93.43,61.63,68.92,3.24,59.48,63.16,A
S5159,Business,68.06,55.83,99.46,54.74,93.91,0.22,55.71,65.92,D
S5160,Mathematics,81.13,73.7,61.42,,68.41,5.71,53.87,74.43,F
S5161,Engineering,61.54,65.25,57.53,71.29,92.95,2.47,51.24,89.58,C
S5162,CS,96.02,79.1,53.13,50.11,75.21,8.41,55.82,93.61,A
S5163,CS,78.75,69.03,89.43,74.95,60.4,1.43,97.13,81.7,B
S5164,Engineering,96,81.83,52.55,80.97,80.64,4.35,54.76,86.08,A
S5165,Business,52.32,91.21,95.45,88.8,64.27,2.53,79.88,63.19,C
S5166,CS,67.13,51.73,80.04,97.15,57.36,6.9,96.05,87.05,C
S5167,Business,51.14,59.77,93.83,,54.33,5.49,81.39,80.25,C
S5168,CS,63.61,66.21,73.24,97.01,62.08,7.91,51.64,61.15,F
S5169,Business,93.1,97.72,81.44,51.61,86.83,4.59,79.82,97.51,A
S5170,Mathematics,51.83,61.92,77.17,85.59,91.9,0.05,95.15,75.64,D
S5171,Engineering,71.81,62.87,89.87,,93.09,2.15,66.13,89.72,B
S5172,CS,55.88,79.21,90.15,59.38,63.51,9.99,65.68,76.28,D
S5173,Business,70.84,65.15,75.39,90.02,83.05,4.05,62.44,96.65,D
S5174,Engineering,91.94,97.07,77.95,70.86,61.52,6.2,75.28,57.06,A
S5175,Engineering,81.15,93.67,95.31,95.83,81.14,9.05,61.9,77.31,F
S5176,Engineering,86.84,70.8,95.79,52.12,94.36,0.21,86.19,51.26,B
S5177,CS,67.46,78.69,79.85,90.11,52.04,6.6,82.24,59.87,B
S5178,Business,97.22,43.48,40.47,,99.26,2.88,70.04,64.05,A
S5179,CS,85.46,81.74,46.26,58.83,91.35,2.79,86.13,73.63,B
S5180,Mathematics,71.09,82.43,91.48,73.87,88.08,2.25,54.92,91.01,C
S5181,CS,71.32,61.55,45.08,69.78,84.57,8.23,87.48,73.33,A
S5182,Business,95.93,53.18,52.81,74.31,88.51,3.73,80.15,78.06,A
S5183,CS,78.82,94.9,53.83,97,99.73,0.67,81.5,96.2,C
S5184,CS,,65.6,76.01,82.87,88.51,0.97,53.23,87.83,F
S5185,CS,,79.22,74.6,64.52,67.58,1.49,80.91,52.51,C
S5186,Business,61.18,42,57.37,58.65,80.7,8.99,74.71,58.82,C
S5187,Engineering,86.18,64.84,52.46,71,66.85,4.27,74.29,51.91,A
S5188,Business,80.39,89.04,85.87,72.58,98.5,9.16,66.09,53.45,B
S5189,CS,75.07,63.25,96.13,,95.01,8.17,50.38,66.94,D
S5190,Engineering,81.2,76.19,43.17,,78.38,8.38,71.13,86.39,C
S5191,Business,60.41,52.59,47.99,88.38,89.06,2.87,70.05,62.22,F
S5192,CS,89.7,64.99,78.53,54.92,95.48,2.71,71.14,69.61,A
S5193,Engineering,97.41,95.66,88.27,78.02,62.18,5.6,80.6,69.69,A
S5194,Engineering,94.56,73.99,87.47,81.18,78.97,4.18,65,79.52,A
S5195,CS,66.07,94.12,83.18,60.34,74.09,5.09,63.47,94.65,B
S5196,CS,70.3,94.12,93.25,91.3,88.58,0.53,74.89,99.16,D
S5197,Engineering,,96.65,53.04,80.77,68.95,9.72,79.62,80.23,A
S5198,CS,79.76,93.72,46.44,82.29,85.45,0.58,78.37,75.25,B
S5199,Business,77.4,40.2,76.92,74.89,70.15,1.79,94.08,84.09,F
S5200,Mathematics,96.33,96.04,89.34,95.48,55.55,6.78,88.46,83.4,B
S5201,Engineering,,48.25,74.92,84.7,55.36,1.56,52.61,76.2,B
S5202,Engineering,75.75,42.4,97.78,69.09,55.95,1.07,78.17,86.85,D
S5203,CS,52.1,43.32,87.73,61.93,51.63,1.54,70.89,74.56,F
S5204,Business,53.47,60.93,82.05,53.55,76.65,0.62,68.05,99.82,D
S5205,CS,50.37,77.25,43.62,58.27,83.6,2.51,97.89,52.45,D
S5206,Engineering,95.66,64.14,46.46,99.63,56.34,2.71,72.84,72.16,A
S5207,Mathematics,70.42,41.53,87.09,70.34,80.59,4.99,85.97,69.85,F
S5208,Engineering,73.43,68.59,51.89,94.93,79.89,4.39,98.35,88.52,C
S5209,Business,,66.53,41.73,,57.35,4.74,57.55,59.54,F
S5210,Engineering,80.46,85.41,94.65,71.27,70.2,6.16,52.73,71.7,A
S5211,CS,80.48,56.78,93.45,98.03,87.76,2.31,65.68,84.9,C
S5212,Business,64.83,53.05,53.11,54.56,50.84,1.35,52.22,80.16,B
S5213,CS,91.7,55.36,86.81,,57.35,8.79,55.84,77.26,B
S5214,Business,58.29,58.22,42.88,95.96,99.79,6.34,99.59,71.75,F
S5215,CS,52.66,75.95,57.1,97.48,86.68,0.61,98.01,87.6,F
S5216,Business,59.58,68.29,77.42,92.3,73.21,9.61,84.56,82.32,C
S5217,CS,63.39,60.21,85.79,,81.49,6.93,87.65,93.74,D
S5218,Engineering,64.12,62.46,40.62,82.61,92.31,1.52,57.02,86.65,C
S5219,Engineering,83.53,62.26,59.57,61.02,92.12,9.69,79.76,57.02,C
S5220,Engineering,60.89,98.34,52.86,86.53,66.24,3.65,57.72,80.98,A
S5221,CS,83.83,53.98,99.93,98.92,74.56,9.85,68.92,52.23,F
S5222,Engineering,54.56,89.08,80.26,76.3,81.9,1.03,67.27,69.37,F
S5223,CS,57.36,82.49,64.34,,53.59,1.6,80.7,70.6,D
S5224,Engineering,75.44,40.33,44.54,78.67,97.29,6.57,53.98,92.74,A
S5225,CS,,99.59,75.92,84.53,71.64,0.22,55.17,59.02,F
S5226,Engineering,92.98,85.39,78.5,60.41,68.54,0.19,80.5,82.18,A
S5227,CS,98.44,80.95,88.98,85.96,95.36,7.92,81.81,59.62,A
S5228,Mathematics,82.52,64.32,57.31,79.37,55.91,1.68,66.99,97.43,F
S5229,Engineering,83.79,73.31,98.89,80.62,51.96,9.19,57.34,76.47,C
S5230,CS,81.25,55.2,66.37,65.3,84.25,4.26,94.3,85.41,D
S5231,Engineering,,42.13,57.76,57.76,69.25,8.74,52.65,82.33,D
S5232,Business,57.36,90.16,60.91,81.17,88.22,4.18,85.87,65.18,D
S5233,CS,77.19,93.79,71.18,79.31,53.43,5.3,57,95.06,A
S5234,Engineering,69.3,49.75,96.2,66.9,69.19,3.17,81.87,81.36,C
S5235,Engineering,72.13,87.22,84.11,64.79,61.77,6.58,83.18,75.52,A
S5236,CS,76.18,84.47,74.63,67.36,86.98,3.18,90.21,76.42,C
S5237,Business,56.42,50.7,49.77,74.49,61.36,2.23,69.75,94.53,D
S5238,CS,67.97,65.31,48.96,98.74,72.9,0.81,51.09,52.96,D
S5239,CS,53.17,65.37,70.13,88.18,90.94,0.58,90.55,69.45,D
S5240,Business,98.98,85.6,83.72,92.59,95.77,3.06,72.2,92.08,B
S5241,Engineering,55.93,90.26,85.06,75.28,86.13,7.36,92.35,51.88,D
S5242,Business,62.93,45.69,53.55,76.31,71.46,2.06,88.8,81.96,A
S5243,Engineering,94.56,73.78,46.01,60.22,78.6,2.99,74.92,70.16,A
S5244,Business,74.14,85.7,63.07,,84.48,9.05,99.97,60.23,F
S5245,Business,56.78,87.17,95.09,71.08,93.75,6.39,73.1,80.57,C
S5246,CS,69.21,48.88,72.72,87.12,94.43,9.2,84.83,91.55,D
S5247,Business,55.79,71.53,59.21,,96.55,9.11,83.49,73.37,C
S5248,Engineering,60.01,91.45,59.42,55.43,90.54,0.63,75.9,57.34,F
S5249,CS,52.6,59.11,47.93,58.65,57.34,9.55,79.27,65.31,D
S5250,Engineering,71.91,65.51,68.39,90.58,87.38,0.51,89.93,99.07,F
S5251,CS,90.33,88.26,87.48,,90.73,9.26,78.58,55.55,A
S5252,Business,79.3,45.36,98.11,63.22,93.89,5.47,72.51,58.04,C
S5253,Engineering,80.32,91.57,70.1,96.47,96.24,5.33,83.1,99.51,F
S5254,Mathematics,60.03,58.67,50.03,82.88,75.46,7.13,51.78,94.11,D
S5255,CS,67.19,40.09,80.98,55.72,82.75,8.79,55.46,85.36,B
S5256,Engineering,92.26,54.05,85.41,57.18,50.48,6.17,56.27,57.55,A
S5257,CS,54.39,45.37,44.3,63.62,78.64,4.25,71.29,62.03,F
S5258,Engineering,,45.54,91.01,79.7,73.66,1.12,93.59,59.01,D
S5259,Business,74.18,81.57,89.76,,98.12,7.89,82.16,81.55,D
S5260,Business,91.86,52.84,68.35,63.72,95.09,1.28,98.63,69.94,B
S5261,Business,65.9,96.08,73.63,93.53,89.88,7.26,52,52.39,D
S5262,Business,66.94,70.99,82.8,55.46,52.85,5.28,86.1,64.56,F
S5263,CS,87.58,67.61,80.6,60.38,70.1,3.86,65.71,93.03,A
S5264,CS,89.25,66.06,40.99,98.52,84.8,6.13,51.16,89.8,A
S5265,Engineering,61.48,81.56,47.35,56.74,51.48,7.72,91.3,82.15,C
S5266,Engineering,98.64,67.14,49.76,94.41,61.79,9.41,58.13,54.28,A
S5267,CS,54.22,47.72,85.34,85.2,94.38,2.65,60.7,94.14,C
S5268,Engineering,53.43,92.81,66.41,53.65,56.49,9.47,67.02,76.73,D
S5269,Engineering,79.78,65.7,72.73,74.19,52.57,9.61,89.42,74.73,B
S5270,CS,,44.44,86.36,75.95,79.03,8.14,81.23,96.7,D
S5271,Business,98.04,71.76,60.46,96.61,97.32,8.81,63.24,50.44,A
S5272,Engineering,70.25,78.84,84.93,,91.73,6.92,58.42,77.79,C
S5273,CS,51.26,56.53,66.54,72.34,98.74,0.39,55.48,89.56,C
S5274,CS,,88.02,62.63,55.62,87.68,5.75,57.49,53.18,A
S5275,Business,64.48,80.19,59.98,81.96,71.87,7.47,93.41,67.86,D
S5276,Mathematics,71.65,79.02,97.9,60.54,97.33,9.42,96.13,98.87,B
S5277,Engineering,,65.25,86.32,53.88,71.33,5.7,98.4,60.59,A
S5278,CS,,97.71,41.21,99.85,67.5,7.94,91.74,76.56,C
S5279,Mathematics,74.3,56.45,97.44,63.48,72.41,7.05,94.37,87.3,C
S5280,Engineering,71.32,74.66,86.53,,90.7,2.81,90.81,69.52,A
S5281,Business,85.63,58.54,48.95,,95.88,1.55,97.9,70.39,A
S5282,Business,,84.69,44.58,91.08,67.88,7.51,92.28,53.16,B
S5283,CS,59.26,42.87,58.49,53.2,73.11,2.34,73.1,59.5,C
S5284,Engineering,,42.75,77.45,55.27,94.92,2.45,66.16,94.03,D
S5285,CS,,88.65,76.99,54.51,52.35,6.44,79.21,90.92,F
S5286,CS,58.95,66.06,56.55,52.35,89.19,7.89,80.41,65.23,F
S5287,Business,,60.47,66.74,82.97,72.71,5.82,78.75,69.09,C
S5288,Business,99.72,76.45,52.71,79.42,68.83,8.85,85.34,72.02,A
S5289,Business,82.61,82.11,43.03,83.14,72.35,2.11,84.95,67.3,A
S5290,Engineering,80.33,52.07,71.02,75.28,70.93,2.52,54.36,82.7,A
S5291,CS,,51.13,60.82,90.88,87.83,6.37,64.28,50.64,F
S5292,CS,65.63,97.49,72.57,77.33,96.4,8.29,94.49,94.01,D
S5293,CS,,75.38,96.79,95.94,74.57,5.39,79.5,65.03,A
S5294,Engineering,98.45,63.41,48.6,74.28,91.64,0.1,66.43,93.62,A
S5295,Engineering,74.84,88.09,40.12,89.53,86.6,6.77,92.52,72.72,B
S5296,CS,64.51,71.51,44.61,70.37,66.53,8.14,62.45,88.82,B
S5297,Mathematics,88.51,54.5,67.76,71.76,79.37,2.77,70.46,91.29,A
S5298,CS,,52.4,82.42,92.45,83.34,0.54,63.81,65.06,D
S5299,Business,,63.81,74.85,,51.17,5.18,93.57,82.02,F
S5300,Engineering,90.95,91.59,69.69,78.25,69.8,0.42,86.41,80.37,A
S5301,CS,56.25,43.69,61.24,86.32,99.63,4.16,73.01,73.8,D
S5302,Business,98.84,53.11,58.6,87.52,81.86,0.18,96.62,73.48,A
S5303,Business,99.28,93.59,62.58,79.57,66.71,2.25,96.37,65.26,A
S5304,Engineering,96.84,47.3,76.7,72.4,62.5,3.89,85.58,65.51,A
S5305,Engineering,74.8,77.78,50.07,63.04,60.47,1.12,94.6,77.41,C
S5306,CS,62.3,52.81,86.28,95.47,70.08,1.14,85.97,51.61,A
S5307,Engineering,79.1,76.35,74.52,68.49,59.66,8.27,81.41,96.68,D
S5308,Mathematics,71,62.99,56.15,89.95,56.76,0.41,71.04,82.5,D
S5309,CS,60.3,46.1,70.07,,68.2,6.89,63.67,72.17,F
S5310,CS,71.18,74.95,97.77,61.61,80.35,8.14,53.01,53.09,B
S5311,Mathematics,,80.98,41.23,67.28,57.32,1.31,90.04,81.5,B
S5312,CS,53.55,80.82,51.97,,52.22,1.95,56.11,50.89,F
S5313,Engineering,66.67,78.22,66.9,65.97,51.73,6.41,70.52,83.99,A
S5314,Engineering,50.89,70.01,78.31,52.07,63.37,3.16,61.73,53.63,D
S5315,Engineering,87.47,71.17,52.73,58.69,59.51,4.76,72.73,82.81,B
S5316,Engineering,,78.14,95.88,62.96,76.96,8.36,65.75,70.29,D
S5317,CS,53.13,81.42,78.55,58.8,72.79,1.38,91.48,83.13,F
S5318,CS,,79.29,92.65,60.19,66.24,6.2,98.91,56.92,D
S5319,Business,51.13,75.22,59.76,88.45,91.68,9.42,97.08,55.87,F
S5320,Business,79.5,49.35,89.74,70.6,75.25,0.57,81.12,62.37,A
S5321,Engineering,88.82,52.64,62.69,,54.58,0.6,98.96,70.58,B
S5322,Engineering,89.39,55.61,55.17,98.33,64.79,5.55,70.04,62.65,A
S5323,CS,51.71,95.18,94.7,72.34,98.67,9.6,76.12,54.1,F
S5324,CS,95.32,85.56,45.53,96.38,98.85,2.2,62.84,66.25,A
S5325,Business,,73.17,96.57,64.95,62.73,3.31,94.9,85.29,B
S5326,Engineering,78.07,55.12,67.51,70.03,58.36,0.99,58.99,79.15,B
S5327,CS,74.1,46.65,99.56,69.81,74.78,3.62,80.52,98.17,B
S5328,CS,52.24,93.93,72.38,77.3,74.07,0.44,89.97,71.8,C
S5329,CS,78.1,93.56,85.45,79.21,70.51,3.89,79.77,66.64,D
S5330,CS,70.47,46.64,40.42,62.41,76.47,5.55,53.94,84.68,A
S5331,Business,88.64,87.83,69.8,89.68,61.61,9.75,80.57,70.6,A
S5332,Mathematics,,66.8,84.25,74.83,55.75,8.18,88.35,80.92,C
S5333,Business,84.18,59.44,86.97,50.35,78.52,8.22,59.39,97.31,D
S5334,Mathematics,55.07,84.35,49.48,79.57,96.63,2.28,86.85,74.96,D
S5335,Mathematics,56.65,76.86,65.14,89.9,56.89,0.87,93.93,74.91,D
S5336,Engineering,56.99,86.8,65.14,62.52,85.24,6.03,99.32,88.76,D
S5337,CS,52.28,44.46,46.22,51.89,71.89,5.21,70.5,87.8,D
S5338,Business,77.07,59.12,66.58,90.36,64.7,5.17,51.26,75.81,B
S5339,CS,89.7,59.16,88.43,98.81,92.66,1.09,70.95,53.24,A
S5340,CS,80.52,59.79,58.01,53.83,72.82,4.94,83.01,99.04,F
S5341,CS,78.75,70.15,65.95,96.9,79.17,1.5,94.57,68.87,F
S5342,Engineering,84.03,56.98,97.66,67.96,72.15,4.22,96.91,65.84,C
S5343,CS,66.98,66.66,41.9,97.07,54.06,0.62,95.48,99.08,A
S5344,CS,68.1,62.07,75.49,82.44,79.75,8.57,82.9,93.61,D
S5345,Engineering,65.71,84.12,84.61,94.51,70.94,0.13,84.13,66.51,D
S5346,Business,85.61,76.21,85.65,89.29,54.34,9.39,50.12,65.42,B
S5347,Engineering,58.08,79.22,82.96,51.4,79.79,8.63,68.19,86.05,D
S5348,Business,50.65,52.64,83.59,53.27,50.49,7.53,95.34,66.72,F
S5349,CS,79.81,59.53,43.54,76.29,60.43,9.83,84.48,62.57,B
S5350,CS,97.12,41.27,72.05,56.48,89.05,0.54,73.4,98.98,B
S5351,Engineering,80.47,46.5,86.98,73.05,51.9,6.42,55.21,78.29,B
S5352,Engineering,89.15,55.9,45.64,97.73,82.33,8.49,62.32,88.12,A
S5353,Engineering,83.64,43.93,40.72,,97.49,1.27,77.75,85.65,F
S5354,Business,74.87,76.16,88.87,74.45,58.56,5.85,94.88,87.78,B
S5355,Business,85.92,99.89,82.74,69.21,70.86,3.94,54.79,95.17,A
S5356,Mathematics,91.21,46.05,64.73,81.49,78.77,4.36,57.69,75.04,A
S5357,CS,61.24,89.27,96.42,59.69,72.52,9.13,82.75,87.67,B
S5358,CS,,47.13,86,,81.02,5.39,64.71,89.84,D
S5359,Engineering,61.19,80.19,98.07,92.94,70.2,0.93,58.49,97.32,A
S5360,CS,72.61,78.59,95.76,90.57,57.43,9.37,58.92,85.65,D
S5361,CS,,94.16,68.88,89.46,54.45,1.85,74.63,94.63,C
S5362,CS,67.26,46.84,85.28,88.55,87.22,8.93,79.19,54.75,B
S5363,CS,,58.93,80.15,72.97,61.93,9.71,95.22,56.3,B
S5364,CS,93.02,45.45,88.69,86.44,92.37,8.78,76.49,57.92,A
S5365,CS,75.77,64.44,87.26,69.36,87.15,6.77,84.56,57.24,A
S5366,Engineering,76.77,94.7,49.19,55.04,52.47,7.44,59.03,54.38,F
S5367,Engineering,93.04,86.89,54.02,,60.06,7,85.67,56.13,A
S5368,Business,74.53,83.37,55.94,57.93,64.6,4.61,82.43,99.8,C
S5369,Engineering,84.08,71.98,89.11,69.54,79.72,2.74,60.81,63.61,A
S5370,CS,54.28,93.01,88.64,64.87,90.49,2.85,83.47,73.9,F
S5371,CS,58.93,66.97,69.72,79.96,53.02,7.31,60.57,91.08,C
S5372,CS,70.22,48.98,74.85,68.08,62.48,6.26,79.68,55.92,B
S5373,Business,74.74,90.26,89.62,85.28,68.81,5.85,83.44,65.87,B
S5374,Business,98.29,56.78,58.76,75.61,59.17,6.53,84.67,57.96,A
S5375,CS,98.53,43.22,43.01,95.97,77.26,7.75,95.46,53.13,A
S5376,CS,92.56,47.56,68.96,,73.9,7.48,97.39,98.04,B
S5377,Mathematics,65.78,76.54,94.82,84.39,65.82,1.05,90.51,92.92,D
S5378,Engineering,98.2,76.42,87.43,,75.84,3.63,93.94,93.96,A
S5379,Business,,55.61,62,,67.79,2.64,50.97,93.43,C
S5380,CS,69.65,83.63,43.89,68.58,67.16,5.38,68.13,57.73,A
S5381,CS,85.08,86.42,78.22,65.27,63.27,0.61,51.99,89.25,A
S5382,Business,50.83,95.23,90.07,,77.02,7.62,61.24,86.39,D
S5383,Engineering,57.31,75.1,79.9,63.26,72.21,1.07,69.09,96.27,D
S5384,Engineering,91.48,86.77,65.5,75.09,59.82,2.71,93.38,60.97,A
S5385,Engineering,82.28,85.19,47.4,,50.65,7.83,75.59,70.7,D
S5386,Engineering,68.21,55.47,94.65,,57.55,0.52,82.44,64.75,B
S5387,Business,75.03,58.61,56.56,57.89,52.14,6.6,68.14,62.9,F
S5388,CS,95.26,68.71,53.46,63.61,71.58,9.24,80.15,82.62,B
S5389,CS,81.58,41.14,88.96,55.05,61.25,6.18,90.78,58.2,B
S5390,Business,69.91,57.84,98.87,96.33,71.02,7.13,65.06,73.24,C
S5391,CS,56.02,68.43,79.61,93.63,66.47,7.92,96.61,82.33,D
S5392,Engineering,,46.48,77.49,65.42,76.9,2.22,60.67,56.52,D
S5393,Business,98.92,47.58,59.17,62.35,86.19,5.81,95.97,62.85,A
S5394,Mathematics,71.87,67.79,41.22,95.27,73.97,3.09,51.41,98.37,D
S5395,Engineering,73.59,83.86,51.51,50.09,53.1,2.49,77.14,89.77,A
S5396,Engineering,74.93,90.02,75.07,80.03,50.88,1.92,99.26,83.85,B
S5397,Business,94.21,72.78,49.08,95.8,60.66,5.85,80.49,92.8,A
S5398,Business,80.2,68.48,93.03,,71.25,7.95,77.74,50.7,D
S5399,Business,84.68,63.06,51.29,50.15,52.25,8.76,84.12,50.3,F
S5400,Engineering,69.47,51.58,71.33,60.94,66.39,4.29,64.47,57.7,B
S5401,CS,51.45,48.79,70.72,96.12,94.35,3.73,52.7,74.76,D
S5402,Engineering,96.55,87.51,76.24,50.85,54.5,6.87,62.55,78.5,A
S5403,Business,97.46,67.9,59.65,69.74,97.43,7.8,58.81,55.68,B
S5404,Business,97.46,87.42,92.41,89.49,92.83,2.53,96.18,53.61,A
S5405,CS,,82.24,66.66,,91.59,2.97,92.61,91.42,F
S5406,Engineering,90.76,51.63,82.01,73.88,93.18,5.33,65.89,73.22,B
S5407,Engineering,84.23,70.62,78.15,61.62,54,4.44,91.8,99.62,B
S5408,Mathematics,92.23,66.64,47.03,79.99,57.56,7.06,60.59,61.47,A
S5409,Engineering,80.03,65.43,77.36,63.19,56.72,5.04,59.98,82.36,F
S5410,Engineering,,72.55,73.04,62.76,55.56,1.12,88.38,90.22,A
S5411,CS,69.56,98.92,93.92,90.38,66.39,1.66,66.35,93.63,B
S5412,Engineering,98.56,88.77,92.85,57.71,91.51,9.02,53.24,65.32,B
S5413,CS,67.56,94.22,49.06,50.28,62.6,2.27,86,59.66,C
S5414,Business,,41.78,44.9,66.84,62.21,0.5,99.48,61.3,A
S5415,Business,54.66,48.42,57.68,74.55,83.79,7.31,78.3,83.34,C
S5416,Engineering,66.71,45.09,99.2,85.25,54.85,6.84,63.18,76.12,F
S5417,Engineering,67.55,55.79,41.29,89.06,68.01,6,68.65,79.95,C
S5418,Business,52.58,66.51,80.37,83.18,64.77,5.02,82.43,51.03,F
S5419,CS,55.95,78.52,76.51,81.33,92.37,9.7,85.07,69.55,D
S5420,CS,,70.05,78.79,83.29,75.73,1.2,94.32,65.51,A
S5421,Mathematics,,94.19,53.1,63.58,82.32,5.1,95.44,93.19,F
S5422,Business,53.17,96.39,53.6,,56.45,5.64,93.06,88.81,F
S5423,Business,64.94,49.81,65.84,80.82,96.45,0.22,82.42,71.48,A
S5424,CS,50.51,91.17,45.75,53.28,66.12,4.12,72.49,81.53,F
S5425,CS,84.78,68.9,44.48,,85.34,7.83,83.97,52.38,C
S5426,CS,81.02,67.2,45.3,70.32,97.73,4.71,83.33,81.86,F
S5427,CS,82.25,87.1,74.38,76.67,75.43,8.75,60.9,54.86,F
S5428,Business,68.72,45.59,63.86,74.32,75.38,6.45,75.38,85.7,F
S5429,CS,60.41,92.95,57.62,85.91,55.86,7.66,60.41,78.69,A
S5430,Business,86.02,80.25,58.95,73.67,69.51,8.04,94.96,65.02,A
S5431,CS,,92.52,52.44,,92.62,6.9,66.16,68.54,C
S5432,CS,56.93,99.67,64.69,69.02,56.76,7.49,90.27,54.5,F
S5433,Mathematics,74.34,71.08,52.18,76.27,95.88,6.95,68.86,66.14,C
S5434,CS,62.44,45.6,81.88,50.16,83.37,5.5,88.19,98.34,F
S5435,CS,,49.99,47.44,65.52,71.05,5.67,61.05,74.31,C
S5436,CS,86.72,59.42,96.89,,77.32,1.9,88.19,73.71,A
S5437,CS,76.9,46.21,45.39,66.68,57.52,8.27,58.98,81.46,D
S5438,Engineering,60.81,88.92,96.61,62.66,60.87,3.12,74.54,74.22,A
S5439,CS,65.5,57.81,90,77.18,64.32,5.36,55.68,67.78,F
S5440,Engineering,98.33,98.55,80.84,,69.24,2.5,76.39,56.98,A
S5441,Business,92.43,82.16,94.74,76.58,95.78,6.96,91.04,81.52,A
S5442,Engineering,94,50.41,48.35,65.18,68.38,9.75,87.78,87.45,A
S5443,CS,73,68.56,50.58,69.16,76.19,8.02,52.54,96.16,D
S5444,Engineering,81.19,68.01,55.13,89.57,58.1,6.19,74.61,50.15,C
S5445,CS,68.84,69.55,54.69,,86.8,5.68,92.61,53.33,F
S5446,Engineering,53.89,72.14,58.65,72.31,78.01,4.9,82.51,94.97,F
S5447,Engineering,70.05,41.87,74.54,78.88,72,2.05,52.96,81.56,C
S5448,CS,79.7,81.18,41.69,88.34,97.36,3.48,66.28,97.9,B
S5449,Business,64.36,69.23,62.94,87.29,94.53,4.06,77.83,71.54,B
S5450,Mathematics,92.4,87.46,54.78,59.27,82.98,9.45,58.63,70.83,B
S5451,Business,57.56,88.92,76.4,,96.09,4.26,84.1,67.21,C
S5452,CS,68.36,53.83,99.11,67.41,78.24,5.86,81.74,57.14,C
S5453,Engineering,56.25,42.91,71.06,59.38,91.35,9.22,60.12,68.93,C
S5454,Mathematics,70.24,82.19,65.54,50.61,70.47,5.18,77.52,50.73,C
S5455,CS,51.98,98.67,62.09,58.7,54.34,2.51,90.59,75.47,C
S5456,Business,63.63,66.8,87.1,90.41,99.71,3.81,68.74,92.36,B
S5457,CS,70.04,55.58,44.32,77.3,58.28,3.76,62.35,66.06,D
S5458,CS,,49.4,97.59,67.08,62.58,7.15,85.06,54.73,C
S5459,Business,77.18,57.25,65.08,80.42,58.16,2.96,53.54,98.69,B
S5460,Business,63.75,59.68,58.82,,66.87,7.3,91.63,56.45,A
S5461,Business,76.15,65.43,98.44,67.72,64.46,8.89,97.17,76.43,B
S5462,Mathematics,75.45,79.32,96.15,73.3,80.06,3.36,98.24,90.46,F
S5463,CS,65.81,56.39,78.52,53.21,99.82,1.35,71.63,62.62,C
S5464,CS,91.51,43.06,41.11,79.85,52.63,6.39,81.16,92.07,B
S5465,Mathematics,77.28,62.4,84.91,67.82,88.92,3.61,92.87,77.85,B
S5466,CS,66.61,91.34,60.13,71.68,56.4,5.34,61.17,66.6,B
S5467,Engineering,97.37,69.9,63.3,71.13,50.99,6.34,51.39,93.28,A
S5468,Engineering,92.26,97.89,49.52,81.62,81.93,4.08,69.23,81.1,A
S5469,CS,99.13,70.22,71.41,78.62,93.67,9.25,94.22,80.77,A
S5470,CS,84.61,56.55,84.67,71.11,58.81,4,75.25,75.2,B
S5471,Engineering,68.91,51.6,56.38,50.85,67.08,3.07,76.51,63.74,D
S5472,Business,64.04,81.67,96.32,81.05,58.44,8.86,84.57,65.24,C
S5473,Business,83.17,72.18,51.68,93.98,95.33,1.36,78.73,54.4,B
S5474,Engineering,99.04,76.24,43.98,88.48,63.52,1.24,52.72,62.19,B
S5475,Engineering,81.34,85.31,78.66,99.08,72.24,9.36,78.04,63.89,B
S5476,CS,94.08,83.55,90.96,56.95,94.74,2.09,82.4,52.94,A
S5477,CS,66.46,42.6,97.19,61.13,77.64,1.48,82.08,55.52,B
S5478,Engineering,,88.15,86.03,76.96,96.64,5.35,86.42,63.51,A
S5479,CS,95.31,71.96,51.98,61.79,96.32,0.47,76,83.86,B
S5480,CS,87.84,63.5,98.66,51.73,73.08,6.2,95,59.21,A
S5481,Engineering,,72.25,95.17,70.11,79.12,4.53,73.21,76.09,C
S5482,Engineering,88.74,76.75,49.79,64.38,61.52,6.4,75.91,75.4,B
S5483,CS,72.43,48.97,73.53,63.19,99.53,2.84,89.02,91.7,F
S5484,Engineering,76.55,65.04,73.33,97.66,63.92,9.05,91.66,80.46,F
S5485,Engineering,95.03,60.14,66.55,61.92,89.17,2.71,82.42,95.85,A
S5486,CS,77.58,61.02,99.06,56.47,65.65,6.38,56.32,81.41,C
S5487,Mathematics,62.77,45.48,43.58,56.27,65.65,9.45,66.6,51.28,C
S5488,CS,71.78,49.59,77.63,90.32,55.19,4.01,51.01,69.07,D
S5489,Business,,49.71,52.32,85.74,77.99,1.61,64.77,84.95,A
S5490,CS,54.84,62.39,71.64,56.47,62.24,0.68,78.51,73.76,D
S5491,Business,87.19,93.67,86.78,,57.42,9.63,90.26,70.97,A
S5492,CS,55.47,52.36,54.8,87.37,61.33,7.64,79.28,83.58,D
S5493,Business,,64.97,63.6,63.73,62.55,9.19,51.99,64.29,B
S5494,CS,90.23,58.7,97.05,99.08,75.2,6.99,62.96,95.45,A
S5495,Business,73.38,87.24,85.69,77.03,69.3,3.42,78.9,70.66,C
S5496,Engineering,92.1,43.01,74.36,59.6,53.77,1.23,85.45,81.56,A
S5497,CS,67.09,51.79,53.32,92.94,76.8,9.29,93.32,99.12,A
S5498,Business,97.88,52.64,65.52,65.97,89.39,4.9,98.38,89.27,A
S5499,CS,60.47,99.58,86.44,64.44,78.71,3.97,94.59,76.58,F
S5500,Mathematics,51.91,74.25,89.23,66.37,98.73,5.78,73.37,92.97,F
S5501,CS,93.62,48.34,54.68,88.41,54.96,1.07,87.35,78.02,A
S5502,Engineering,87.61,56.33,79.72,58.66,91.06,3.09,62.03,72.08,A
S5503,Business,61.6,50.07,45.7,69.09,75.28,6.38,53.19,93.67,F
S5504,CS,99.24,47.48,41.39,51.54,76.08,1,52.75,51.36,B
S5505,CS,75.11,87.83,72.92,91.33,75.95,1.35,62.07,70.37,C
S5506,Business,97.55,69.75,53.46,67.04,66.27,5.11,51.88,67.15,B
S5507,Business,75.25,77.87,44.73,62.41,66.23,6.23,92.51,85.7,F
S5508,Mathematics,73.59,59.88,83.79,78.99,81.59,1.87,74.5,50.63,A
S5509,CS,72.46,73.22,69.88,85.25,52.24,0.33,90.55,83.04,F
S5510,Engineering,66.74,55.45,87.78,90.64,79.44,9.58,96.99,67.32,C
S5511,CS,76.69,58.48,79.84,67.39,86.23,0.27,99.7,54.89,A
S5512,CS,72.63,79.13,83.79,90.62,67.82,0.02,96.86,99.02,B
S5513,Business,51.84,49.02,58.44,73.24,60.87,3.23,85.83,60.61,D
S5514,CS,63.02,77.03,55.8,55.06,60.67,2.22,72.1,67.46,F
S5515,Engineering,60.66,91.13,76.05,92.32,54.09,5.74,79.9,60.35,F
S5516,Engineering,93.37,47.23,52,77.38,54.49,8.94,90.82,83.1,A
S5517,Business,79.94,93.85,88.92,80.12,58.33,4.81,94.88,89.13,D
S5518,Mathematics,88.18,44.77,71.38,96.87,50.96,7.73,97.82,93.03,B
S5519,Engineering,97.84,60.93,53.62,77.96,63.31,9.09,86.53,65.55,B
S5520,Engineering,82.2,76.63,77.51,50.28,65.32,1.89,77,76.23,B
S5521,Business,99.13,73.56,96.7,,99.76,4.88,98.42,83.16,A
S5522,Engineering,65.59,45.78,44.93,64.24,99.58,6.42,97.93,81.48,C
S5523,CS,59.31,87.93,46.56,75.09,59.35,3.32,73.88,85.8,D
S5524,CS,70.17,98.39,90.63,60.24,60.65,7.4,82.43,88.49,C
S5525,CS,73.54,50.87,46.58,64.85,74.6,7.05,90.46,54.87,D
S5526,Engineering,94.77,93.71,42.36,84.33,57.44,4.21,71.65,58.42,A
S5527,Business,78,73.41,60.88,71.48,75.2,0.88,91.47,86.72,B
S5528,CS,64.61,96.16,68,81.36,69.97,0.12,55.57,73.83,C
S5529,CS,,50.57,74.17,91.18,66.23,3.69,74.06,71.35,D
S5530,Mathematics,75.29,87.52,70.44,67.04,91.13,0.82,74.13,72.77,A
S5531,Business,58.11,43.59,94.79,78.42,91.41,7.82,84.23,68.6,F
S5532,Engineering,78.84,92.99,86.12,88.88,99.39,3.34,55.82,79.55,C
S5533,CS,95.57,80.45,99.03,85.76,61.15,6.66,55.16,66.17,B
S5534,CS,92.13,62.22,68.59,76.99,94.41,3.46,95.03,81.84,A
S5535,CS,79.34,51.43,45.06,69.17,76.89,7.96,65.19,60.13,C
S5536,CS,68.85,88.99,97.33,70.38,79.57,8.88,66.35,87.88,B
S5537,CS,54.35,76.19,40.25,71.66,94.81,8.38,88.84,89.08,C
S5538,Engineering,73.48,61.62,86.57,67.44,97.13,4.84,70.75,78.93,A
S5539,CS,87.6,66.63,41.88,84.95,86.34,0.84,91.65,68.47,B
S5540,CS,68.01,89.59,85.67,56.27,67.39,3.72,70.07,50.72,F
S5541,CS,,60.34,96.28,,74.48,4.24,88.03,56.08,B
S5542,Engineering,96.57,45.38,63.36,88.95,80.75,9.6,76.27,53.98,A
S5543,Engineering,91.08,94.68,54.46,64.91,91.43,5.65,96.79,50.51,A
S5544,Engineering,,63.24,53.58,52.13,82.9,6.41,66.37,86.11,D
S5545,CS,56.84,60.9,69.5,85.57,68.27,7.82,68.13,97.8,F
S5546,CS,57.25,52.26,50.25,86.72,70.89,5.68,98.5,50.56,F
S5547,CS,55.16,93.85,80.38,98.18,52.52,5.98,86.88,55.63,F
S5548,CS,80.81,53.05,62.1,62.69,96.21,2.45,88.63,93.03,D
S5549,Business,55.78,78.2,59.39,54.14,54.41,0.59,64.8,84.43,C
S5550,Mathematics,92.13,92.85,67.68,95.76,79,7.21,76.6,70.24,B
S5551,Engineering,99.65,42.09,72.56,62.93,93.58,8.49,65.68,99.64,B
S5552,Mathematics,68.32,89.73,48.52,86.08,71.04,4.12,62.99,78.68,F
S5553,Engineering,72.68,64.64,82.47,53.03,90.01,5.49,76.76,83.48,A
S5554,CS,85.58,79.48,92.98,88.03,90.19,3.07,99.39,82.66,A
S5555,Mathematics,96.86,62.34,56.68,56.35,52.99,4.5,60.73,61.14,A
S5556,CS,94.7,81.73,50.82,84.78,70.61,2.09,62.13,74.41,A
S5557,Engineering,52.88,55.26,85.63,76.62,84.55,7.6,62.16,60.82,F
S5558,CS,,41.32,51.01,,71.12,4.92,89.59,75.47,B
S5559,CS,87.73,96.87,42.48,51.85,77.26,5.47,75.52,51.54,A
S5560,Engineering,84.44,40.98,77.15,64.6,79.72,0.37,69.24,69.1,A
S5561,Engineering,56.66,89.45,54.39,53.48,57.56,6.22,92.19,68.61,D
S5562,CS,75.1,50.15,50.31,93.96,70.6,2.03,64.87,64.58,B
S5563,CS,89.04,63.53,98.9,79.7,51.42,3.83,69.61,53.96,A
S5564,CS,60.94,89.35,57.51,76.75,57.48,4.13,53.68,88.55,B
S5565,Mathematics,,52.36,94.21,56.57,75.61,4.49,55.95,71.02,D
S5566,Business,52.65,91.94,50.69,74.45,78.68,2.27,56.84,90.7,F
S5567,Engineering,89.11,69.87,89.14,69.94,57.31,8.5,67.35,91.79,A
S5568,CS,80.79,61.97,70.12,65.79,87.78,4.28,76.2,60.68,A
S5569,Business,65.76,79.75,44.72,88.61,68.65,6.12,50.04,71.07,C
S5570,CS,86.05,60.48,84.02,53.06,96.03,6.14,59.5,86.05,A
S5571,CS,89.12,60.84,93.52,82.33,69.38,6.07,58.78,74.97,B
S5572,CS,96.69,84.01,49.78,91.15,57.49,5.59,62.67,92.75,A
S5573,Business,68.39,58.59,83.54,95.37,87.9,8.23,58.3,78.58,F
S5574,CS,84.3,52.05,66.7,87.3,78.39,8.13,59.76,81.48,D
S5575,CS,80.13,88.46,85.23,64.12,69.33,4.17,99.19,89.35,B
S5576,Engineering,76.26,88.32,82.84,80.03,67.8,6.36,79.74,56.11,C
S5577,CS,94.52,69.86,41.6,57.07,57.54,1.03,88.13,79.21,A
S5578,Engineering,50.16,71.6,50.72,55.85,67.04,0.91,90.97,54.27,F
S5579,Engineering,64.11,81.76,68.26,81.93,51.47,4.8,83.38,63.03,F
S5580,Engineering,76.91,70.56,96.02,92.56,75.12,9,85.2,60.63,B
S5581,CS,58.91,65.02,60.52,53.36,94.84,6.5,81.61,78.35,F
S5582,CS,95.39,99.69,77.73,55.3,89.77,6.69,82.47,92.2,B
S5583,Business,82.38,48.86,40.73,78.28,51.43,1.58,96.42,56.64,D
S5584,Business,73.89,75.56,82.67,60.91,94.06,4.53,59.29,88.42,F
S5585,CS,90.74,93.15,76.18,80.59,72.62,4.01,63.74,57.15,A
S5586,CS,72.54,81.23,82.92,60.73,59.54,7.83,54.66,59.48,F
S5587,CS,77.93,92.86,94.28,55.82,87.62,1.38,91.87,95.85,F
S5588,Engineering,50.14,60.18,48.79,77.28,66.14,5.39,72.44,50.49,F
S5589,Business,68.29,56.32,55.7,93.11,62.67,9.11,95.36,59.86,A
S5590,CS,56.94,91.08,99.75,84.26,58.07,8.92,70.58,60.78,C
S5591,Engineering,84.48,63.65,49.38,90.94,74.33,8.52,72.13,64.09,B
S5592,Business,73.95,82.58,83.24,63.32,54.67,3.75,72.42,68.17,B
S5593,Mathematics,65.09,48.86,83.5,94.3,89.28,9.41,80.62,55.16,D
S5594,CS,73.39,85.35,80.98,68.85,73.53,8.05,88.31,73.42,A
S5595,CS,60.48,72.94,53.65,92.62,72.35,8.51,67.56,69.97,F
S5596,CS,96.25,56.12,52.91,73.56,50.09,9.32,81.51,81.25,A
S5597,Business,52.7,69.67,79.98,63.39,90.89,9.37,60.2,93.38,D
S5598,Business,93.27,81.82,51.18,,74.64,2.4,77.7,64.89,A
S5599,Engineering,,40.71,79.69,78.38,71.99,1.28,77.33,77.32,F
S5600,CS,80.95,78.25,69.55,53.95,88.07,6.91,94.44,68.57,F
S5601,CS,,72.5,63.2,96.5,53.14,5.63,94.79,52.01,D
S5602,CS,98.33,53.22,58.01,63.57,68.33,3.27,74.36,91.05,A
S5603,Engineering,,85.18,96.85,66.78,78.79,6.84,51.23,81.71,B
S5604,CS,79.44,58.21,70.49,61.67,73.03,0.62,92.23,50.11,C
S5605,CS,,56.61,73.68,50.15,59.08,0.47,50.03,62.48,F
S5606,Business,94.05,68.27,96.96,,64.96,3.54,73.91,65.45,A
S5607,CS,,80.57,79.23,79.53,65.01,1.94,50.99,90.58,B
S5608,Engineering,99.52,95.73,97.47,,99.6,7.19,67.63,88.04,B
S5609,CS,85.07,48.48,46.38,52.05,66.31,9.48,81.84,69.81,A
S5610,Business,60.44,63.79,90.8,96.43,60.26,6.62,68.56,57.87,D
S5611,Engineering,70.28,44.02,60.12,,91.13,6.55,96.34,69.3,F
S5612,Mathematics,66.72,85.51,88.63,95.65,71.06,0.07,82.04,90.51,B
S5613,Engineering,,66.86,91.34,55.36,72.19,5.12,82.32,72.62,B
S5614,Mathematics,88.02,82.42,56.29,87.2,77.44,8.17,68.72,55.79,A
S5615,Business,79.21,59.33,64.53,,79.78,6.54,51.93,51.93,F
S5616,Engineering,51.9,90.66,83.56,67.91,79.53,2.28,86.91,66.67,F
S5617,Mathematics,93.87,72.09,45.94,53.96,51.72,8.48,85.81,57.42,A
S5618,CS,64.84,96.62,85.33,80.24,90.94,9.64,76.51,87.25,D
S5619,CS,99.85,44.73,46.63,51.32,59.74,2.79,70.81,63.94,A
S5620,CS,97.71,70.86,94.87,75.06,64.62,2.07,76.92,93.87,A
S5621,Engineering,97.03,85.99,56.58,80.21,58.67,3.39,87.34,80.87,A
S5622,Business,90.56,76.01,74.54,86.63,88.35,0.63,85.64,69.68,A
S5623,Business,61.03,41.39,47.03,99.57,79.18,8.73,82.91,80.5,F
S5624,CS,76.63,98.34,56.17,63,87.76,9.29,95.19,64.76,B
S5625,Engineering,61.22,57.9,64.24,66.12,82.67,6.33,80.49,57.07,D
S5626,CS,62.98,54.96,69.22,67.06,55.21,7.64,50.73,98.21,C
S5627,Engineering,80.55,69.14,40,86.58,65.07,6.69,80.9,78.16,A
S5628,CS,52.04,72.53,93.32,96.59,75.36,3.77,80.63,50.37,F
S5629,Mathematics,98.47,85.98,40.46,98.72,65.25,6.32,53.48,65.52,B
S5630,CS,95.93,63.6,86.42,97.29,60.37,8.36,71.39,57.98,A
S5631,CS,69.04,66.4,68.23,93.97,93.49,8.1,82.55,62.91,C
S5632,Business,75.77,72.1,71.43,99.55,87.39,0.81,85.23,52.79,C
S5633,Engineering,73.31,63.66,52.5,68.8,67.26,4.63,94.65,62.25,B
S5634,CS,94.11,94.87,76.44,97.42,88.25,3.97,92.07,84.15,A
S5635,Engineering,,91.08,72.23,88.05,81.38,7.52,55.83,91.03,C
S5636,CS,63.91,67.3,49.85,58.42,50.19,5.01,80.44,67.37,B
S5637,Mathematics,72.34,40.01,54.29,52.27,69.01,3.5,79.82,76.12,D
S5638,Engineering,71.45,94.06,44.01,60.72,64.52,7.06,65.19,52.09,F
S5639,CS,97.97,47.46,43.98,88.94,60.9,4.74,59.21,54.54,B
S5640,Engineering,,54.67,40.83,81.58,62.58,2.57,59.98,77.6,C
S5641,CS,,49.14,53.23,61.22,97.12,8.9,58.88,92.03,A
S5642,Business,94.03,50.79,80.78,87.1,74.32,1.13,90.31,54.4,A
S5643,Mathematics,94.83,88.17,58.97,57.07,92.39,0.18,57.42,70.93,A
S5644,Business,93.59,74.77,60.56,91.09,60.71,1.44,63.22,98.52,A
S5645,CS,75.55,97.37,47.91,,58.72,1.64,60.89,86.94,F
S5646,CS,82.99,53.89,74.53,98.63,94.44,5.38,85.64,59.88,F
S5647,CS,78.17,69.14,60.53,57.51,74.79,6.25,57.92,64.26,A
S5648,Engineering,53.47,98.65,80.58,95.33,94.76,4.49,51.2,97.4,F
S5649,Engineering,79.79,89.59,84.49,67.06,53.15,2.04,68.71,61.05,A
S5650,Engineering,50.68,83.72,75.08,70.8,95.82,1.32,65.25,72.05,D
S5651,Mathematics,66.25,51.34,56.56,73.42,70.77,4.92,69.89,67.78,B
S5652,CS,96.61,86.16,70.52,81.35,57.77,5.65,87.69,74.5,A
S5653,CS,65.2,60.85,55.12,99.74,84.17,3.04,50.62,61.83,D
S5654,CS,96.99,71.83,94.17,,89.85,2.2,51.89,83.42,A
S5655,CS,62.51,76.55,85.98,96.34,52.37,0.81,62.78,61.73,B
S5656,CS,65.73,76.56,69.58,62.75,99.36,0.26,94.46,80.11,D
S5657,Engineering,81.42,83.59,97.93,69.92,84.85,1.06,58.45,67.89,F
S5658,CS,88.08,79.7,72.81,75.22,66.07,7.42,99.85,62.57,A
S5659,CS,75.07,44.1,59.71,66.15,57.56,3.44,90.28,84.75,B
S5660,Business,,67.44,45.73,98.84,69.63,0.27,72.81,98.26,D
S5661,CS,52.01,79.84,72.62,86.28,61.03,5.08,87.39,93.47,F
S5662,Engineering,96.11,57.76,91.62,73.94,74.71,5.36,75.94,54.34,A
S5663,CS,59.82,58.78,92,87.57,89.09,4.29,78.3,72.72,D
S5664,Engineering,94.21,47.47,76.27,73.37,83.01,1.11,79.04,84.74,A
S5665,Mathematics,70.04,65.12,63.61,50.86,71.8,7.55,82.44,78.13,C
S5666,CS,91.64,99.21,79.02,77.16,55.95,6.89,53.04,86.32,A
S5667,Engineering,83.58,57.12,85.73,81.26,97.86,3.95,80.82,98.76,D
S5668,Business,58.8,71.89,64.7,99.06,63.52,3.81,85.85,67.11,D
S5669,Engineering,95.9,84.59,68.58,52.04,63.89,1.56,65.54,88.54,B
S5670,CS,62.28,40.81,80.84,75.6,82.28,7.54,98.93,54.7,D
S5671,CS,62.21,94.03,92.6,54.91,88.53,6,57.22,93.49,F
S5672,Engineering,90.71,63.19,87.46,57.45,99.21,0.86,95.52,88.92,B
S5673,Business,55.29,92.15,41.34,80.52,98.46,3.78,83.82,76.05,F
S5674,CS,61.1,42.34,47.46,61.58,95.69,9.04,83.22,91.05,B
S5675,CS,75.18,48.74,91.17,,71.77,4.52,93.8,83.33,C
S5676,CS,91.52,59.35,90.03,75.71,58.33,3.25,91.59,77.61,A
S5677,CS,57.37,60.73,63.33,60.91,79.22,6.44,67.27,97.3,C
S5678,CS,77.38,90.87,75.06,74.69,50.86,2.03,85.27,56.51,C
S5679,CS,,40.67,94.35,50.04,59.81,5.24,52.53,99.65,F
S5680,CS,93.03,78.47,94.69,93.14,50.13,6.7,73.2,57.72,A
S5681,CS,96.78,47.88,86.99,50.63,59.03,8.55,96.89,74.01,A
S5682,Mathematics,89.23,89.39,52.58,,73.74,6.93,63.7,61.57,B
S5683,CS,82.64,86.71,83.82,80.58,69.67,3.84,52.5,63.6,B
S5684,CS,71.68,70,46.07,98.68,68.46,7.68,79.15,81.59,A
S5685,CS,55.61,52.76,93.64,92.8,91.55,8.98,67.75,51.74,D
S5686,Mathematics,85.49,78.07,48.95,62.6,83.75,4.78,68.98,97.04,A
S5687,Business,99.64,49.38,79.74,59.83,96.82,0.05,79.12,63.98,A
S5688,Business,86.84,51.4,76.61,81.31,72.27,8.81,81.08,63.63,A
S5689,CS,50.84,77.6,86.61,91.13,63.61,1.65,71.87,93.18,C
S5690,Business,74.81,99.47,73.09,68.1,56.13,1.26,75.38,88.24,C
S5691,Engineering,80.73,93.46,43.57,71.62,83.6,3.08,99.66,83.59,C
S5692,CS,,75.59,82.35,55.77,92.09,3.8,97.86,57.32,F
S5693,Engineering,85.99,72.31,62.99,,59.19,7.99,85.37,88.48,A
S5694,Business,,99.9,59.22,78.42,93.94,3.89,58.07,68.04,A
S5695,Business,61.17,72.84,99.5,55.13,76.31,0.49,68,99.69,D
S5696,Business,97.11,65.21,75.42,60.1,57.2,6.36,94.15,83.56,A
S5697,Mathematics,84.83,94.57,82.64,61.73,82.14,6.71,71.18,91.79,C
S5698,CS,61.84,54.05,71.58,72.2,76,8.14,97.77,86.69,F
S5699,Engineering,66.12,45.85,86.2,52.28,51.41,3.99,74.42,79.71,D
S5700,CS,96.1,78.05,85.12,,69.96,0.86,93.09,85.82,A
S5701,Business,94.37,45.75,79.43,96.43,89.24,5.53,51.77,79.87,A
S5702,CS,70.26,62.39,99.86,51.22,77.77,1.21,71.71,52.56,A
S5703,Business,51.92,65.41,67.59,81.55,64.1,0.17,85.01,67.28,F
S5704,CS,52.42,72.85,82.37,91.79,96.43,7.79,93.18,65.82,F
S5705,CS,64.2,99.5,87.87,,61.89,4.03,80.48,85.7,A
S5706,CS,81.46,53.26,62.56,56.58,62.64,5.25,58.66,78.81,F
S5707,CS,79.21,62.55,67.43,52.17,67.73,6.63,94.29,80.52,C
S5708,Business,81.69,47.93,98.15,,94.73,4.01,78.74,92.35,C
S5709,CS,85.86,76.46,41.94,77.61,75.38,0.51,55.4,76.27,A
S5710,Engineering,50.95,83.66,60.12,,84.11,2.53,73.19,60.91,F
S5711,CS,55.25,68.92,69.17,91.58,98.81,1.94,84.95,50.62,D
S5712,CS,,54.75,40.09,86.78,89.16,9.77,72.55,57.97,F
S5713,CS,57.74,77.25,93.95,63.82,58.63,7.4,93.54,51.53,F
S5714,CS,,72.35,57.17,87.67,89.42,4.52,71.18,61.85,C
S5715,Business,,50.27,55.46,62.25,87.42,0.63,79.17,81.75,A
S5716,Engineering,,64.34,89.22,83.76,61.63,1.16,60.56,57.57,A
S5717,CS,87.63,66.11,56.68,55.93,66.27,8.13,75.63,54.1,A
S5718,Engineering,,98.96,79.46,84.61,85.51,9.45,61.14,98.54,F
S5719,CS,83.29,90.96,89.29,61.94,61.92,0.31,61.26,99.85,D
S5720,CS,86.77,84.06,87.55,78.62,60.41,9.1,64,81.85,A
S5721,Engineering,63.59,93.33,86.92,58.62,85.17,3.81,52.21,55.43,B
S5722,CS,99.65,84.13,45.32,86.3,94.03,2.14,58.17,91.08,A
S5723,Engineering,59.16,94.2,44.79,53.04,53.75,1.02,71.22,76.96,D
S5724,Engineering,60.72,43.27,58.41,58.27,72.3,7.72,56.55,59.1,A
S5725,Business,64.45,67.36,42.16,59.21,80.36,4.69,56.67,78.78,C
S5726,Mathematics,98.77,84.81,70.03,52.07,83.81,8.32,98.4,51.97,B
S5727,CS,99.41,75,63.69,87.25,99.81,2.26,71.35,98.62,A
S5728,CS,89.74,50.51,73.42,99.05,84.13,6.79,70.19,91.3,B
S5729,CS,81.45,60.43,57.93,88.92,81.01,1.18,63.39,63.04,B
S5730,CS,76,59.07,69.15,93.03,99.49,0.9,75.62,70.95,F
S5731,Business,98.53,55.68,60.08,50.3,53.03,1.33,79.8,69.76,B
S5732,Business,84.78,60.59,51.71,,53.72,8.09,70.91,93.07,D
S5733,Engineering,97.24,70.89,78.96,77.95,78.03,6.56,69.69,67.73,A
S5734,Engineering,65.83,91.29,80.41,98.89,67.93,1.66,85.02,52.4,D
S5735,CS,,84.52,89.75,83.04,54.83,3.85,97.49,60.73,A
S5736,Engineering,92.74,90.11,92.49,68.71,65.32,7.64,93.89,60.78,B
S5737,Business,57.49,93.02,82.27,57.31,83.72,2.86,55.93,97.46,F
S5738,Engineering,97.3,64.97,81.25,57.64,94.03,9.21,82.62,96.2,A
S5739,CS,75.37,60.76,43.4,68.14,54.72,9.15,50.35,65.03,C
S5740,Engineering,96.32,43.46,46.59,85.69,77.01,5.53,81.65,50.14,A
S5741,CS,66.84,95.83,88.75,51.59,64.81,6.32,73.22,75.85,B
S5742,Engineering,85.8,43.95,53.98,92.61,83.37,6.53,74.56,89.86,A
S5743,Engineering,74.14,84.47,61.33,97.08,77.47,2.58,79.4,63.43,F
S5744,CS,81.34,62.69,48.72,94.44,96.34,3.65,87.13,71.95,C
S5745,Business,75.22,96.93,51.71,,51.88,1.36,86.47,58.64,F
S5746,Business,98.36,65.18,86.53,50.77,73.5,9.25,52.22,66.37,A
S5747,CS,84.61,89,55.71,98.89,59.64,7.24,86.82,87.94,D
S5748,Mathematics,62.57,56.96,66.94,,76.84,0.46,91.49,71.41,D
S5749,Engineering,95.48,57.95,49.1,93.46,92.68,5.49,53.41,72.36,A
S5750,Business,64.7,75.73,80.68,59.34,95.57,3.43,66.15,89.48,D
S5751,Business,68.58,99.88,83.7,72.33,69.91,8.15,89.6,88.15,A
S5752,Engineering,55.11,71.05,61.7,52.21,90.59,3.44,74.66,59.36,F
S5753,Business,95,96.18,87.08,52,64.03,6.44,84.74,70.76,B
S5754,CS,64.31,87.17,54.39,97.16,50.32,1.66,75.12,92.44,A
S5755,CS,62.95,87.75,81.51,90.53,92.76,5.59,98.91,72.84,C
S5756,Engineering,96.01,66.16,83.8,76.49,55.97,2.94,96.81,83.09,B
S5757,Business,90.28,63.19,98.12,76.27,50.88,1.65,64.06,65.3,B
S5758,Business,57.05,51.52,53.94,87.44,67.69,6.19,69.29,52.98,F
S5759,Engineering,88.47,97.84,45.62,67.08,68.97,6.39,71.57,58.24,A
S5760,Engineering,,97.56,55.78,88.09,53.86,9.83,55.21,70.09,F
S5761,CS,53.93,84.82,47.37,74.25,90.71,6.69,70.2,67.67,C
S5762,Mathematics,91.26,57.78,50.18,81.9,70.28,5.16,88.74,94.78,A
S5763,CS,77.37,54.71,60.05,98.24,74.5,9.13,92.34,77.28,F
S5764,Business,83.46,99.32,64.84,73.57,63.23,8.28,94.31,81.36,C
S5765,Engineering,74.64,43.99,94.22,,75.58,5.49,50.73,84.43,D
S5766,Engineering,84.89,90.61,51.74,95.29,88.34,5.11,89.44,76.58,D
S5767,CS,51.7,61.33,98.31,95.13,95.31,9.42,75.13,88.48,D
S5768,Mathematics,88.14,65.13,88.61,99.62,98.53,6.17,60.31,89.16,A
S5769,Engineering,51.67,89.92,92.89,77.54,71.34,7.14,74.94,67.57,D
S5770,Mathematics,,45.44,95.77,67.21,99.5,0.87,92.21,54.24,D
S5771,CS,57.55,61.25,85.19,,64.75,7.18,71.71,99.32,F
S5772,Engineering,91.18,97.12,87.33,51.7,50.35,2.65,99.52,82.13,A
S5773,Business,65.68,81.94,66.27,86.34,88.38,1.16,80.83,85.45,F
S5774,Business,72.7,85.3,70.63,61.67,58.92,8.5,74.49,87.83,A
S5775,Mathematics,71.44,85.45,95.95,80.33,52.62,6.91,64.74,80.65,C
S5776,CS,88.63,43.63,62.7,95.83,96.2,4.08,50.55,73.55,B
S5777,CS,74.06,52.19,42.52,97.51,89.59,4.31,80.53,99.23,B
S5778,Engineering,89.45,69.48,85.77,50.22,55.13,1.97,78.87,86.38,A
S5779,CS,53.68,62.09,74.39,65.85,88.85,0.1,75.84,92.29,F
S5780,Mathematics,,64.65,88.89,91.87,92.2,3.49,76.89,71.98,B
S5781,CS,77.58,86.89,44.53,76.82,95.27,1.48,92.18,95.24,F
S5782,Engineering,97.35,40.88,77.27,90.38,77.18,4.22,65.84,86.61,A
S5783,CS,53.74,79.63,54.86,92.67,85.17,8.34,77.51,87.31,C
S5784,Engineering,52.15,40.01,94.2,72.13,88.11,1.15,84,54.35,D
S5785,CS,57.83,43.78,46.59,,84.43,0.92,60.49,80.87,F
S5786,CS,82.06,64.5,90.58,72.77,82.34,9.02,96.24,66.76,A
S5787,CS,69.95,90.46,45.31,82.64,77.38,7.45,86.86,83.45,B
S5788,CS,91.28,48.7,41.51,68.36,73.96,0.53,52.66,78.41,A
S5789,Mathematics,53.6,73.28,54.1,88.75,99.81,0.8,93.26,55.56,C
S5790,CS,59.82,80.71,59.98,95.2,66.88,6.85,96.49,76.5,F
S5791,Engineering,65,53.77,77.59,64.12,54.41,3.7,89.68,72.56,F
S5792,Mathematics,81.34,70.74,47.9,98.25,88.25,7.24,71.31,88.82,D
S5793,Business,84.26,94.68,66.24,81.14,60.69,4.04,99.72,75.13,F
S5794,Mathematics,56.21,70.73,52.26,93.91,76.63,9.68,56.22,74.06,D
S5795,Mathematics,97.19,49.44,91.32,55.2,54.79,6.94,76.83,85.97,A
S5796,Engineering,67.05,77.67,42.7,62.57,80.96,0.47,58.52,83.43,B
S5797,Engineering,85.66,75.53,61.36,66.05,97.2,3.31,71.97,99.59,A
S5798,CS,76.21,41.62,77.88,65.14,86.14,5.64,96.37,67.6,F
S5799,Engineering,61.14,45.44,94.79,58.59,60.73,1.42,89.71,84.42,C
S5800,Business,92.31,49.41,92.08,93.41,98.56,0.03,89.1,58.36,A
S5801,Engineering,90.91,48.18,93.71,70.93,65.35,0.79,67.69,90.23,A
S5802,Business,69.8,55.57,43.77,98.16,71.83,5.24,96.71,89.31,A
S5803,Business,79.43,67.25,90.46,79.17,74.91,6.32,68.41,86.29,F
S5804,CS,62.89,62.3,86.79,56.92,99.54,0.93,52,55.95,A
S5805,Business,84.49,93.44,94.15,,53.44,6.65,81.89,99.38,F
S5806,Engineering,65.45,76.73,58.69,99.68,84.84,6.17,68.13,97.13,F
S5807,CS,92.2,92.57,94.71,78.26,68.1,9.4,57.69,68.5,A
S5808,Business,60.87,71.62,64.16,50.09,53.92,8.41,96.73,78.87,D
S5809,Engineering,50.74,45.39,78.05,96.65,96.75,9.43,81.86,94.44,C
S5810,Business,63.43,67.8,65.45,,79.49,9.66,97.03,74.73,D
S5811,Engineering,59.55,89.32,65.66,84.43,87.68,4.41,79.15,79.96,F
S5812,CS,75.41,51.65,72.8,75.75,62.02,4.88,53.19,80.16,C
S5813,Business,60.19,45.47,61.36,66.27,88.08,2.82,51.5,82.46,A
S5814,Engineering,88.16,59.77,87.56,64.13,91.42,5.08,95.03,78.78,A
S5815,CS,62.07,63.33,78.02,96.44,71.54,1.51,51.94,70.3,C
S5816,CS,85.35,58.38,81.39,95.6,78.6,6.71,80.76,76.97,A
S5817,Business,78.92,48.11,53.86,75.66,98.59,0.25,64.9,93.57,C
S5818,CS,99.31,55.05,98.17,62.92,92.34,2.36,84.38,93.21,B
S5819,Business,100,80.94,79.61,55.12,72.24,2.08,64.24,88.63,A
S5820,CS,93.48,63.16,51.83,57.83,83.23,9.38,51.86,70.71,A
S5821,Engineering,88,77.95,85.03,76.11,89.21,1.45,86.54,89.3,A
S5822,Mathematics,69.32,72.18,50.42,65.39,51.22,8.91,65.55,69.39,A
S5823,CS,87.66,72.94,43.8,52.1,79.42,1.24,77.54,83.2,A
S5824,Engineering,97.83,54.91,71.65,72.76,99.23,6.51,88.69,78.37,B
S5825,Business,,71.29,73.21,87.31,97.36,3.2,85.14,65,B
S5826,Business,76.9,41.42,51.34,94.58,91.62,3.16,67.43,72.64,C
S5827,Engineering,60.9,65.9,60.9,79.26,55.31,9.98,87.39,91.52,C
S5828,Engineering,,74.36,96.75,86.16,99.7,2.26,96.28,95.64,C
S5829,Business,73.32,50.92,57.1,,80.48,2.03,80.5,60.26,C
S5830,Business,78.79,55.39,49.33,74.81,61.15,5.89,85.18,72.81,A
S5831,Business,77.55,53.17,99.55,86.48,83.71,7.41,93.3,71.68,F
S5832,CS,98.01,44.23,58.14,86.38,92.83,9.83,92.18,74.45,A
S5833,Mathematics,77.61,60.87,80.82,71.23,55.62,7.01,67.58,98.83,B
S5834,Engineering,92.31,98.74,53.89,77.18,95.82,5.62,99.59,75.94,B
S5835,CS,65.99,61.23,73.01,,96.01,4.09,51.43,91.5,B
S5836,CS,71.91,67.63,63.18,81.6,50.67,5.95,99.34,83.2,B
S5837,CS,73.52,79.19,97.69,82.13,95.02,6.01,62.3,55.36,C
S5838,CS,,78.91,65.97,89.23,97.34,2.18,72.02,84.78,B
S5839,CS,68.99,96.99,75.05,55.76,51.88,6.71,94.18,82.35,B
S5840,CS,79.93,91.45,96.69,76.14,64.71,2.04,62.22,87.92,D
S5841,Engineering,79.01,87.64,99.35,97.97,68.66,4.9,61.24,53.72,B
S5842,CS,81.82,97.1,46.1,,67.44,2.6,82.16,62.07,F
S5843,CS,67.59,53.85,90.06,64.75,87.95,3.13,85.27,88.46,B
S5844,CS,65.79,77.02,62.93,80.06,67.91,6.14,50.37,68.53,F
S5845,CS,80.58,93.23,75.69,61.06,97.83,0.64,72.52,95.54,B
S5846,CS,56.64,77.45,62.5,77.8,99.75,0.12,74.46,75.88,D
S5847,Engineering,62.65,98.65,64.07,57.78,65.84,1.31,63.59,50.05,B
S5848,Mathematics,,46.02,49.53,78.99,75.44,1.69,77.31,84.94,B
S5849,Business,,66.36,74.37,80.12,77.89,1.98,57.73,75.67,D
S5850,Business,62.17,98.64,72.8,70.92,78.97,7.74,66.18,65.85,D
S5851,CS,50.98,62.77,51.36,69.14,68.71,4.47,85.66,51.02,F
S5852,CS,62.27,84.37,72.5,62.27,58.3,4.7,93.69,59.94,D
S5853,CS,82.75,41.82,98.39,66.55,52.73,6.44,79.47,58.08,A
S5854,Business,53.06,81.69,82.86,74.92,55.32,7.29,53.74,79.14,D
S5855,CS,71.84,96.08,68.86,,95.06,0.04,83.94,88.48,C
S5856,Engineering,95.66,62.96,94.97,89.14,64.02,8.57,94.88,61.73,B
S5857,CS,,41.28,74.52,85.45,53.84,9.88,75.22,84.89,A
S5858,CS,65.27,41.67,48.1,63.47,81.18,1.22,74.68,94.99,C
S5859,Mathematics,,93.52,72.85,54.87,53.77,6.51,99.57,81.08,B
S5860,Business,66.48,83.35,50.86,50.01,53.5,0.02,81.81,88.78,B
S5861,Business,53.63,46.4,86.05,79.84,81.08,0.49,90.3,60.21,D
S5862,Engineering,99.7,43.28,98.03,60.57,79.57,2.85,82.32,53.75,A
S5863,Business,,88.29,61.65,50.63,52.07,8.46,61.05,68.27,F
S5864,Engineering,,88.59,66.1,67.95,73.02,6.53,64.2,85.45,B
S5865,Mathematics,83.32,47.23,65.29,98.1,71.79,4.46,83.29,84.3,D
S5866,CS,,58.09,57.12,,77.33,4.39,72.8,97.75,F
S5867,Engineering,59.72,86.8,87.65,,86.89,4.66,70.22,81.5,D
S5868,Engineering,60,71.52,77.06,57.24,64.14,3.11,51.12,70.56,B
S5869,CS,,97.4,43.84,53.66,71.64,8.78,94.22,89.86,C
S5870,Business,95.58,68.86,90.33,50.58,89.64,5.68,94.22,57.65,B
S5871,Mathematics,50.5,80.62,51.23,97.78,96.13,4.84,73.05,90.65,D
S5872,Engineering,89.13,70.59,98.75,65.01,94.57,4.65,85.04,68.3,A
S5873,CS,52.88,96.58,62.6,72.98,73.88,9.36,58.89,57.7,F
S5874,Engineering,73.91,63.92,76.99,69.73,76.04,7.24,75.19,58.11,F
S5875,Business,,53.79,44.67,86.52,76.46,1.45,71.94,99.18,F
S5876,Engineering,84.34,59.6,60.68,65.5,93.44,4.37,82.83,81.16,C
S5877,CS,52.92,91.17,88.14,76.77,92,2.88,73.48,58.71,D
S5878,Engineering,70.93,69.88,68.63,99.78,65.58,9.87,74.92,63.43,C
S5879,CS,79.19,61.26,94.28,72.2,58.14,4.15,64.79,68.6,D
S5880,Business,53.3,72.66,74.51,77.56,68.95,0.68,52.42,52.79,D
S5881,CS,56.75,47.99,95.71,75.13,64.42,4.11,95.85,55.42,C
S5882,Engineering,83.18,40.32,98.96,90.16,97.54,3.21,50.61,88.09,F
S5883,Business,76.08,56.84,67.23,,63.3,6,64.07,89.34,C
S5884,CS,58.09,76.3,73.91,,59.06,2.26,72.38,99.41,D
S5885,CS,76.76,82.7,90.1,87.7,94.97,0.36,65.95,53.38,D
S5886,CS,95.63,89.6,53.29,,54.32,0.96,77.6,94.46,B
S5887,CS,50.78,95.6,91.7,95.69,63.01,2.83,73.08,65.86,D
S5888,CS,82.13,64.73,75.52,82.21,71.96,3.48,62.77,66.39,D
S5889,Mathematics,53.68,84.43,83.53,78.22,79.76,8.34,54.4,56.36,C
S5890,Business,50.32,44.48,44.79,53.52,66.38,2.7,56.88,99.32,D
S5891,Business,57.53,43.45,85.97,86.52,74.81,0.31,74.32,99.05,F
S5892,Mathematics,71.15,47.49,58.65,,59.94,7.81,92.3,93.24,F
S5893,CS,90.12,66.91,88.31,82,78.71,8.69,55.03,54.54,A
S5894,CS,64.09,52.68,70.55,63.4,70.39,4.92,83.86,92.08,D
S5895,CS,81.28,57.22,56.48,97.34,92.46,2.85,89.6,81.73,C
S5896,Business,,78.87,97.17,66.08,70.79,7.72,63.84,56.44,B
S5897,Engineering,61.72,61.51,85.9,57.61,72.19,0.09,83.41,63.09,A
S5898,CS,75.71,73.44,99.14,99.36,79.61,9.24,84.33,84.46,D
S5899,CS,89.87,64.74,61.87,87.31,56.16,8.66,85.39,90.17,B
S5900,Engineering,91.62,50.14,78.95,70.74,57.84,5.45,94.54,92.4,A
S5901,Engineering,92.33,44.44,76.7,96.8,89.51,2.78,69.93,77.19,A
S5902,Business,66.93,54.17,81.25,54.56,63.67,0.33,62.18,76.73,C
S5903,CS,,43.46,42.3,54.38,84.23,10,77.19,84.21,A
S5904,Mathematics,60.61,77.12,57.5,84.12,54.87,7.62,53.13,88.89,D
S5905,Engineering,86.92,87.74,94.56,58.9,91.09,3.39,66.7,58.53,B
S5906,Business,97.42,60.38,65.43,95.86,99.41,0.19,94.16,86.99,B
S5907,Mathematics,50.69,63.23,97.64,92.02,68.68,6.39,76.6,67.08,D
S5908,Mathematics,,88.97,52.81,65.32,75.28,9.87,71.83,69.19,D
S5909,CS,82.39,53.36,99.85,,72.14,7.07,63.28,53.89,C
S5910,CS,85.09,47.15,81.85,52.14,94.71,0.84,62.52,79.42,A
S5911,Engineering,58.8,70.07,86.58,77.43,50.5,4.02,61.83,54.67,F
S5912,Engineering,98.61,78.77,63.81,96.78,82.67,1.09,91.46,95.66,A
S5913,Engineering,80.76,75.98,94.42,92.77,82.62,9.12,99.25,81.05,B
S5914,Mathematics,58.22,82.83,72.73,67.8,69.12,3.3,76.74,99.51,C
S5915,CS,51.03,43.41,80.86,59.14,60.97,7.33,53.99,62.28,D
S5916,Engineering,89.16,65.69,45.69,60.53,61.98,0.85,87.55,83.98,A
S5917,CS,53.99,54.31,77.9,75.73,90.02,1.28,93.85,98.22,F
S5918,Business,57.05,85.55,92.74,79.84,53.31,6.79,96.56,64.93,C
S5919,Mathematics,78.74,92.36,50.7,51.64,78.19,8.43,81.44,54.82,F
S5920,Engineering,80.18,56.88,84.26,70.68,65.34,2.01,75.34,81.7,B
S5921,CS,84.34,45.71,41.52,91.52,63.26,4.18,81.03,68.3,D
S5922,Business,,55.21,95.57,72.22,75.29,6.19,50.65,63.65,B
S5923,Engineering,88.69,46.24,98.98,58.46,94.89,7.96,82.77,99.68,A
S5924,CS,98.72,59.35,61.25,97.74,80.9,6.28,85.48,87.71,A
S5925,Business,,72.29,46.42,,89.43,0.95,86.1,74.27,F
S5926,Mathematics,85.15,98.42,79.51,89.92,80.03,5.43,78.15,52.5,A
S5927,Engineering,96.42,63.96,41.79,59.69,84.89,8.85,85,59.58,B
S5928,Engineering,84.31,53.2,68.95,71.16,71.62,8.68,81.94,64.94,C
S5929,CS,84.06,50.01,56.31,74.52,96.3,5.85,55.78,74.36,A
S5930,Engineering,61.19,50.38,68.4,75.03,75.1,9.96,94.92,74.86,D
S5931,Engineering,76.76,51.56,41.1,75.82,77.59,1.05,81.14,51.24,A
S5932,CS,78.13,85.74,43.1,,76.25,4.79,86.39,97.17,D
S5933,CS,85.01,43.66,40.96,75.8,65.81,7.75,67.14,77.14,A
S5934,CS,99.84,99.84,77.15,74.09,61.56,1.41,95.96,50.99,A
S5935,CS,51.68,71.36,73.61,,53.69,9.73,75.13,85.07,C
S5936,Engineering,53.26,72.66,53.99,,85.91,3.54,83.95,53.57,F
S5937,Engineering,53.9,61.45,78.8,93.28,64.46,3.5,97.61,86.06,D
S5938,Engineering,87.15,81.42,93.05,,69.46,2.13,95.8,85.07,A
S5939,CS,56.82,68.29,56.64,84.28,96,2.88,82.24,99.25,F
S5940,Engineering,81.12,59.74,89.92,57.99,78.32,5.78,58.29,67.1,C
S5941,Business,66.23,55.91,79.75,,54.85,4.29,97.53,57.22,D
S5942,Engineering,72.87,95.54,42.03,91.07,89.98,1.93,99.21,54.59,C
S5943,Mathematics,,57.46,62.51,51.94,62.81,8.09,55.17,53.59,A
S5944,Engineering,93.31,66.18,70.47,74.79,77.64,0.62,72.51,90.52,B
S5945,Engineering,79.31,61.02,83.9,,75.5,8.35,77.41,85.93,F
S5946,CS,97.23,45.17,57.23,60.61,61.9,2.75,54.6,98.8,A
S5947,Engineering,78.73,51.16,98.96,68.91,55.79,4.96,59.48,65.46,F
S5948,Business,56.2,51.37,81.07,99.17,60.56,3.81,76.89,90.16,D
S5949,Mathematics,58.54,81.62,62.37,86.16,54.87,5.71,98.15,54.65,D
S5950,Mathematics,99.45,64.4,45.82,64.98,63.78,7.96,51.39,95.19,A
S5951,CS,,86.92,50.88,80.27,99.86,9.89,95.62,52.59,F
S5952,Engineering,52.46,82.54,69.26,62.33,70.1,3.06,94.93,89.39,D
S5953,Engineering,85.19,51.52,69.68,80.54,93.19,5.54,92.86,65.37,B
S5954,Engineering,70.61,73.78,86.06,94.81,77.46,4.66,68.88,59.06,D
S5955,CS,65.36,84.57,83.57,77.84,83.33,9.99,74.54,85.23,F
S5956,Business,57.7,77.98,52.08,86.67,57.82,8.09,70.18,94.79,F
S5957,Mathematics,92,76,75.7,,63.74,3.97,97.38,88.21,A
S5958,Engineering,53.19,84.38,41.24,76.21,75.52,4.77,76.07,65.65,C
S5959,CS,64.49,43.41,63.91,84.75,94.06,2.46,54.03,67.68,C
S5960,CS,65.32,83.89,85.85,90.62,52.14,7.55,63.7,59.47,F
S5961,Engineering,58.05,56.36,63.97,82.97,75.35,8.45,73.1,91.2,D
S5962,CS,75.41,74.31,90.14,,52.55,9.65,97.68,55.35,B
S5963,Mathematics,50.59,54.54,98.57,90.99,72.84,5.66,78.45,95.16,C
S5964,Engineering,65.05,90.33,76.43,88.86,81.44,6.71,84.8,80.06,D
S5965,Engineering,96.68,68.83,48.7,92.26,87.24,4.46,54.43,79.44,A
S5966,Engineering,65.53,78.58,62.78,64.06,56.93,6.09,93.87,91.89,C
S5967,CS,68.02,87.64,40.57,71.6,58.33,3.49,76.95,83.38,F
S5968,Mathematics,73.66,93.72,76.16,,73.5,7.38,96.06,65.21,C
S5969,Engineering,78.08,83.92,89.29,73.12,99.9,0.23,72.27,67.48,B
S5970,Mathematics,90.44,48.93,77.8,,67.8,0.28,84.15,58.65,B
S5971,Engineering,59.52,91.27,87.17,51.35,71.38,7.16,73.54,73.2,F
S5972,Business,93.59,77.11,87.99,60.46,71.62,9.31,57.13,55.51,B
S5973,CS,87.88,76.57,91.06,94.09,54.04,6.32,63.6,82.65,A
S5974,Engineering,86.13,95.28,56,52.96,88.71,7.27,53.36,58.46,A
S5975,Business,54.34,54.93,92.28,61.35,62.66,8.24,72.01,93.2,D
S5976,Business,51.08,54.38,79.25,67.56,85.18,3.62,82.47,85.02,D
S5977,Business,79.7,70.79,57.38,87.54,73.75,1.08,62.19,94.58,B
S5978,CS,93.16,85.05,99.24,,80.59,9.33,74.52,54.35,B
S5979,Mathematics,79.22,66.83,97.01,97.73,52.7,9.39,72.95,89.93,D
S5980,Mathematics,60.66,78.03,74.47,61.39,94.5,4.42,76.67,94.04,D
S5981,CS,54.53,67.15,90.59,93.61,62.19,2.17,59.23,52.23,C
S5982,Mathematics,84.98,76.62,55.69,64.15,83.5,8.92,76.7,99.95,C
S5983,CS,86.09,89.34,64.96,62.27,89.9,7.08,68.21,65.03,A
S5984,Engineering,58.63,50.83,51.04,74.92,77,0.08,64.3,60.59,C
S5985,CS,51.41,81.72,71.21,,66.87,1.08,79.3,70.75,D
S5986,Mathematics,70.41,87.25,69.76,69.22,98.9,9.83,57.4,50.43,C
S5987,CS,79.14,66.83,52.77,67.78,63.92,0.38,95.03,94.3,B
S5988,Engineering,,59.39,80.37,58.01,97.43,2.83,96.74,63.42,A
S5989,Engineering,90.5,40.81,47.07,93.04,57.81,5.48,83.03,76.08,A
S5990,CS,80.53,87.83,43.7,69.29,69.46,1.84,65.16,81.18,F
S5991,Engineering,55.54,59.68,63.09,,56.92,2.32,81.3,89.55,D
S5992,CS,,61.44,64.59,,50.11,3.53,80.08,62.51,A
S5993,Business,99.21,60.16,59.18,59.74,63.01,2.7,69.56,85.86,A
S5994,Mathematics,,69.92,55.48,75.26,54.36,8.03,64.36,55.88,F
S5995,Business,,82.15,60.33,80.09,99.32,5,58.42,85.21,D
S5996,Business,65.11,86.31,49.8,,88.08,2.79,60.87,95.96,C
S5997,CS,87.54,63.55,64.21,94.28,50.19,3.13,82.65,54.25,A
S5998,CS,92.56,79.79,94.28,81.2,61.18,0.4,94.29,55.84,A
S5999,Engineering,83.92,83.24,53.47,51.76,83.51,0.49,69.25,77.86,F
