Student_ID,Internet_Access_at_Home,Parent_Education_Level,Family_Income_Level
S1000,Yes,High School,Medium
S1001,Yes,None,Medium
S1002,Yes,Master's,Low
S1003,Yes,High School,High
S1004,Yes,High School,High
S1005,Yes,PhD,High
S1006,Yes,,Low
S1007,No,None,Medium
S1008,No,Bachelor's,Low
S1009,Yes,None,Medium
S1010,Yes,High School,Low
S1011,Yes,Master's,Low
S1012,Yes,Master's,High
S1013,Yes,None,Medium
S1014,Yes,None,Low
S1015,Yes,None,High
S1016,Yes,None,Low
S1017,No,PhD,Medium
S1018,Yes,None,Medium
S1019,Yes,PhD,Low
S1020,Yes,High School,Medium
S1021,Yes,None,Low
S1022,Yes,None,Low
S1023,Yes,Master's,Low
S1024,Yes,High School,Low
S1025,Yes,High School,High
S1026,Yes,None,Low
S1027,Yes,,Medium
S1028,Yes,Bachelor's,Low
S1029,Yes,Master's,High
S1030,Yes,High School,Medium
S1031,Yes,Bachelor's,Low
S1032,Yes,None,Medium
S1033,Yes,Master's,Low
S1034,Yes,Master's,Low
S1035,Yes,,Medium
S1036,Yes,Bachelor's,Low
S1037,Yes,,Low
S1038,Yes,Master's,Medium
S1039,Yes,Bachelor's,Low
S1040,Yes,PhD,Low
S1041,Yes,Bachelor's,Medium
S1042,Yes,Bachelor's,Low
S1043,Yes,Bachelor's,High
S1044,Yes,Master's,Medium
S1045,Yes,,Low
S1046,Yes,Master's,Low
S1047,Yes,Master's,High
S1048,Yes,Master's,Medium
S1049,Yes,Master's,Low
S1050,Yes,,Low
S1051,Yes,PhD,Medium
S1052,Yes,,Low
S1053,Yes,High School,Medium
S1054,Yes,High School,Medium
S1055,Yes,,Medium
S1056,Yes,Bachelor's,Low
S1057,Yes,None,Low
S1058,Yes,,High
S1059,No,Master's,Medium
S1060,Yes,None,Low
S1061,Yes,,Low
S1062,Yes,PhD,Medium
S1063,Yes,Bachelor's,Medium
S1064,Yes,Master's,Low
S1065,No,Master's,High
S1066,Yes,Bachelor's,Low
S1067,Yes,PhD,Low
S1068,Yes,PhD,Low
S1069,Yes,None,High
S1070,Yes,High School,High
S1071,Yes,High School,Low
S1072,No,PhD,Low
S1073,Yes,Bachelor's,High
S1074,Yes,,Low
S1075,Yes,High School,Low
S1076,Yes,,High
S1077,Yes,Bachelor's,High
S1078,Yes,Master's,Medium
S1079,Yes,Bachelor's,Low
S1080,Yes,,High
S1081,Yes,Master's,Low
S1082,Yes,,Low
S1083,Yes,Master's,Medium
S1084,Yes,,High
S1085,Yes,None,Low
S1086,Yes,Master's,Medium
S1087,Yes,PhD,Medium
S1088,Yes,PhD,High
S1089,Yes,Bachelor's,Medium
S1090,Yes,PhD,Medium
S1091,Yes,Bachelor's,Medium
S1092,Yes,PhD,Medium
S1093,Yes,High School,Low
S1094,Yes,High School,High
S1095,Yes,High School,Medium
S1096,Yes,High School,Medium
S1097,Yes,,Medium
S1098,Yes,PhD,Low
S1099,Yes,Master's,Medium
S1100,No,Master's,Medium
S1101,Yes,Master's,Low
S1102,Yes,High School,Low
S1103,Yes,,Medium
S1104,Yes,PhD,Medium
S1105,Yes,,High
S1106,Yes,Bachelor's,Medium
S1107,Yes,High School,Low
S1108,Yes,None,Low
S1109,Yes,None,Medium
S1110,Yes,None,High
S1111,Yes,PhD,Low
S1112,Yes,Bachelor's,Medium
S1113,Yes,High School,Low
S1114,Yes,,Low
S1115,Yes,,Medium
S1116,Yes,Master's,Medium
S1117,Yes,High School,Low
S1118,Yes,High School,High
S1119,Yes,None,Medium
S1120,Yes,,Medium
S1121,Yes,None,Medium
S1122,Yes,,Low
S1123,Yes,PhD,High
S1124,Yes,PhD,Medium
S1125,Yes,Bachelor's,High
S1126,Yes,,Low
S1127,Yes,Bachelor's,High
S1128,Yes,PhD,Low
S1129,No,Master's,Low
S1130,Yes,High School,Low
S1131,Yes,PhD,High
S1132,Yes,,Low
S1133,Yes,Master's,Medium
S1134,Yes,None,Low
S1135,Yes,Master's,Low
S1136,Yes,PhD,Medium
S1137,Yes,,High
S1138,Yes,,Low
S1139,Yes,,Medium
S1140,Yes,Bachelor's,Medium
S1141,Yes,,Low
S1142,Yes,,High
S1143,Yes,PhD,Medium
S1144,Yes,Bachelor's,High
S1145,Yes,None,Low
S1146,Yes,Bachelor's,Low
S1147,Yes,Bachelor's,Medium
S1148,Yes,,High
S1149,Yes,PhD,Low
S1150,Yes,High School,Low
S1151,Yes,PhD,Medium
S1152,Yes,PhD,Low
S1153,Yes,None,Medium
S1154,Yes,None,Low
S1155,Yes,None,Medium
S1156,Yes,High School,High
S1157,Yes,Bachelor's,Low
S1158,Yes,High School,High
S1159,Yes,Bachelor's,Low
S1160,Yes,High School,Medium
S1161,Yes,,Low
S1162,Yes,PhD,Low
S1163,Yes,Bachelor's,Medium
S1164,Yes,Bachelor's,Medium
S1165,Yes,Bachelor's,Medium
S1166,Yes,Master's,Low
S1167,Yes,None,Medium
S1168,Yes,Master's,Low
S1169,Yes,,Low
S1170,Yes,,Medium
S1171,Yes,PhD,High
S1172,Yes,Bachelor's,Medium
S1173,Yes,,Low
S1174,Yes,Bachelor's,High
S1175,Yes,Master's,Low
S1176,Yes,None,Medium
S1177,Yes,,Low
S1178,No,Master's,Medium
S1179,Yes,,Low
S1180,Yes,PhD,Medium
S1181,No,None,Medium
S1182,No,PhD,High
S1183,Yes,Bachelor's,Low
S1184,Yes,Master's,Low
S1185,No,,Low
S1186,Yes,None,High
S1187,No,None,High
S1188,No,Master's,Low
S1189,No,High School,Low
S1190,No,Master's,Medium
S1191,Yes,,Medium
S1192,Yes,,Low
S1193,Yes,,Medium
S1194,Yes,Master's,Low
S1195,Yes,PhD,Low
S1196,Yes,None,Medium
S1197,Yes,Master's,High
S1198,Yes,High School,High
S1199,Yes,Bachelor's,Medium
S1200,Yes,PhD,High
S1201,Yes,PhD,Low
S1202,Yes,Master's,Low
S1203,Yes,Bachelor's,Low
S1204,Yes,Bachelor's,Low
S1205,Yes,None,Medium
S1206,Yes,Master's,Low
S1207,Yes,PhD,Medium
S1208,Yes,,Medium
S1209,Yes,PhD,High
S1210,Yes,None,Medium
S1211,Yes,Master's,Low
S1212,No,None,Medium
S1213,Yes,None,Medium
S1214,Yes,,Medium
S1215,Yes,Bachelor's,Low
S1216,Yes,PhD,Low
S1217,Yes,,Low
S1218,Yes,Master's,Low
S1219,Yes,Master's,Low
S1220,Yes,None,Low
S1221,Yes,PhD,High
S1222,Yes,,Low
S1223,No,None,Medium
S1224,Yes,PhD,Medium
S1225,Yes,Master's,Medium
S1226,Yes,,Low
S1227,No,None,Medium
S1228,Yes,Master's,Medium
S1229,Yes,High School,High
S1230,Yes,None,Low
S1231,Yes,Master's,Medium
S1232,Yes,,High
S1233,Yes,Bachelor's,Low
S1234,Yes,High School,Medium
S1235,Yes,,Low
S1236,Yes,PhD,Low
S1237,Yes,None,High
S1238,No,,Low
S1239,Yes,Bachelor's,Medium
S1240,Yes,,Medium
S1241,Yes,None,Low
S1242,Yes,PhD,High
S1243,Yes,High School,Low
S1244,No,High School,Low
S1245,No,Bachelor's,Low
S1246,Yes,None,Medium
S1247,Yes,High School,Low
S1248,Yes,Bachelor's,Medium
S1249,Yes,PhD,Medium
S1250,Yes,,Low
S1251,Yes,Bachelor's,Medium
S1252,Yes,Bachelor's,Medium
S1253,Yes,None,High
S1254,Yes,Bachelor's,High
S1255,Yes,PhD,High
S1256,No,High School,Low
S1257,Yes,,Medium
S1258,Yes,,Medium
S1259,Yes,Master's,Low
S1260,Yes,Bachelor's,High
S1261,Yes,None,Low
S1262,Yes,PhD,Medium
S1263,Yes,Master's,Low
S1264,Yes,,Medium
S1265,Yes,PhD,Medium
S1266,Yes,PhD,High
S1267,Yes,,Medium
S1268,Yes,,Medium
S1269,No,None,Medium
S1270,Yes,PhD,High
S1271,Yes,None,Low
S1272,Yes,PhD,Medium
S1273,Yes,Bachelor's,Low
S1274,No,PhD,Medium
S1275,Yes,None,Low
S1276,Yes,,Low
S1277,Yes,Master's,High
S1278,Yes,High School,Medium
S1279,Yes,,High
S1280,Yes,,Medium
S1281,Yes,Bachelor's,Medium
S1282,Yes,High School,Medium
S1283,Yes,,Low
S1284,Yes,Master's,Low
S1285,Yes,Bachelor's,Medium
S1286,Yes,Master's,Medium
S1287,No,,High
S1288,Yes,PhD,Low
S1289,Yes,Bachelor's,Medium
S1290,Yes,High School,Low
S1291,Yes,High School,Medium
S1292,Yes,High School,Medium
S1293,Yes,,Low
S1294,Yes,Master's,Medium
S1295,Yes,PhD,Medium
S1296,Yes,Master's,Medium
S1297,No,PhD,Medium
S1298,Yes,Bachelor's,Low
S1299,Yes,None,High
S1300,Yes,High School,High
S1301,Yes,High School,Medium
S1302,Yes,PhD,Medium
S1303,Yes,Master's,Low
S1304,Yes,Bachelor's,Low
S1305,No,PhD,Medium
S1306,Yes,High School,Low
S1307,Yes,PhD,Low
S1308,Yes,None,Medium
S1309,Yes,None,Low
S1310,Yes,None,Low
S1311,Yes,,Low
S1312,Yes,None,Medium
S1313,Yes,Bachelor's,Medium
S1314,Yes,PhD,Low
S1315,Yes,Bachelor's,Medium
S1316,Yes,High School,Low
S1317,Yes,Master's,Low
S1318,Yes,None,Low
S1319,Yes,Master's,Low
S1320,Yes,PhD,Low
S1321,Yes,Bachelor's,High
S1322,Yes,,High
S1323,Yes,Master's,Medium
S1324,Yes,PhD,Low
S1325,Yes,Master's,Medium
S1326,Yes,High School,Medium
S1327,Yes,,Low
S1328,Yes,None,Low
S1329,Yes,Bachelor's,Medium
S1330,Yes,PhD,Low
S1331,Yes,PhD,Medium
S1332,Yes,,Low
S1333,Yes,PhD,Medium
S1334,Yes,PhD,Medium
S1335,Yes,None,Medium
S1336,Yes,High School,Low
S1337,Yes,High School,High
S1338,Yes,Bachelor's,Low
S1339,Yes,High School,Medium
S1340,Yes,High School,Low
S1341,No,,Low
S1342,Yes,High School,Medium
S1343,Yes,High School,Low
S1344,Yes,High School,Medium
S1345,Yes,Master's,Medium
S1346,Yes,High School,High
S1347,Yes,Master's,High
S1348,No,None,Low
S1349,No,High School,Low
S1350,Yes,PhD,Medium
S1351,Yes,Master's,Low
S1352,Yes,High School,Medium
S1353,No,PhD,Low
S1354,Yes,Bachelor's,Medium
S1355,Yes,Master's,Medium
S1356,Yes,None,Medium
S1357,No,,Low
S1358,Yes,PhD,Low
S1359,No,Master's,Low
S1360,Yes,,Medium
S1361,Yes,High School,High
S1362,Yes,,Medium
S1363,Yes,High School,High
S1364,No,None,Low
S1365,Yes,,Medium
S1366,Yes,Master's,High
S1367,Yes,,Low
S1368,Yes,None,High
S1369,Yes,High School,Medium
S1370,Yes,,High
S1371,Yes,,Low
S1372,Yes,,Medium
S1373,Yes,None,Low
S1374,Yes,Bachelor's,Low
S1375,Yes,None,High
S1376,No,None,Medium
S1377,Yes,Master's,Medium
S1378,No,Bachelor's,Medium
S1379,Yes,None,Medium
S1380,Yes,High School,High
S1381,No,High School,High
S1382,Yes,Bachelor's,Medium
S1383,Yes,None,High
S1384,Yes,Bachelor's,Low
S1385,Yes,None,Low
S1386,No,Master's,Low
S1387,Yes,PhD,High
S1388,No,High School,Medium
S1389,No,Bachelor's,High
S1390,Yes,High School,Low
S1391,Yes,None,Low
S1392,Yes,High School,Medium
S1393,Yes,,Low
S1394,Yes,Bachelor's,High
S1395,Yes,PhD,Medium
S1396,Yes,,Medium
S1397,Yes,Master's,Medium
S1398,Yes,High School,Medium
S1399,Yes,Bachelor's,Medium
S1400,Yes,,Low
S1401,Yes,,High
S1402,Yes,,Medium
S1403,Yes,Master's,Low
S1404,No,High School,Medium
S1405,Yes,Master's,Medium
S1406,Yes,None,High
S1407,Yes,High School,High
S1408,Yes,None,Low
S1409,Yes,PhD,Low
S1410,Yes,High School,Low
S1411,Yes,None,Low
S1412,Yes,Master's,Medium
S1413,Yes,PhD,Medium
S1414,Yes,,High
S1415,Yes,,High
S1416,Yes,PhD,Medium
S1417,Yes,Bachelor's,Medium
S1418,Yes,Bachelor's,Medium
S1419,No,PhD,Medium
S1420,No,None,Low
S1421,Yes,,Low
S1422,Yes,High School,High
S1423,Yes,,Medium
S1424,No,None,Medium
S1425,Yes,,High
S1426,Yes,Bachelor's,Low
S1427,Yes,None,Medium
S1428,Yes,Master's,Low
S1429,Yes,,Medium
S1430,Yes,None,Low
S1431,No,Bachelor's,Medium
S1432,Yes,None,Low
S1433,Yes,PhD,Medium
S1434,Yes,Bachelor's,High
S1435,Yes,None,Low
S1436,No,,Low
S1437,Yes,,High
S1438,No,PhD,Medium
S1439,Yes,None,Medium
S1440,Yes,PhD,Medium
S1441,Yes,,Low
S1442,Yes,PhD,Medium
S1443,Yes,,Low
S1444,Yes,,High
S1445,Yes,None,Medium
S1446,Yes,Bachelor's,Low
S1447,Yes,Bachelor's,Medium
S1448,Yes,Bachelor's,Low
S1449,Yes,PhD,Low
S1450,No,,Medium
S1451,Yes,Bachelor's,Low
S1452,Yes,,Medium
S1453,Yes,Bachelor's,High
S1454,Yes,,High
S1455,Yes,PhD,Medium
S1456,Yes,None,High
S1457,Yes,PhD,Low
S1458,No,High School,Medium
S1459,Yes,None,Low
S1460,No,Bachelor's,Low
S1461,Yes,,Medium
S1462,Yes,High School,Low
S1463,Yes,None,Low
S1464,Yes,,Low
S1465,Yes,PhD,Low
S1466,Yes,PhD,Low
S1467,Yes,Bachelor's,Low
S1468,Yes,Master's,Low
S1469,Yes,Bachelor's,High
S1470,No,Master's,Low
S1471,Yes,None,Low
S1472,No,None,Low
S1473,Yes,PhD,Low
S1474,Yes,PhD,Low
S1475,No,None,Medium
S1476,Yes,Master's,High
S1477,Yes,Bachelor's,Medium
S1478,Yes,None,High
S1479,Yes,None,Medium
S1480,Yes,,Low
S1481,Yes,PhD,Medium
S1482,Yes,Master's,Medium
S1483,Yes,,Low
S1484,Yes,High School,High
S1485,No,High School,High
S1486,Yes,None,Medium
S1487,Yes,PhD,Low
S1488,Yes,None,Low
S1489,Yes,High School,Medium
S1490,Yes,High School,Low
S1491,Yes,Bachelor's,Low
S1492,Yes,None,Low
S1493,Yes,None,Medium
S1494,Yes,Master's,Medium
S1495,Yes,,Medium
S1496,Yes,PhD,Low
S1497,Yes,,High
S1498,Yes,None,Medium
S1499,Yes,PhD,Medium
S1500,Yes,Bachelor's,Medium
S1501,Yes,None,Medium
S1502,Yes,PhD,High
S1503,Yes,,Medium
S1504,No,None,Medium
S1505,Yes,,Medium
S1506,Yes,High School,Low
S1507,Yes,None,Low
S1508,Yes,Master's,Medium
S1509,Yes,PhD,Low
S1510,Yes,PhD,Low
S1511,Yes,None,Medium
S1512,Yes,High School,Medium
S1513,Yes,PhD,Medium
S1514,Yes,PhD,Low
S1515,Yes,High School,Low
S1516,Yes,Master's,Low
S1517,Yes,None,High
S1518,Yes,None,Low
S1519,Yes,None,Low
S1520,Yes,Bachelor's,Low
S1521,Yes,None,High
S1522,Yes,High School,Medium
S1523,Yes,None,Low
S1524,Yes,Master's,Low
S1525,Yes,Bachelor's,High
S1526,Yes,High School,Low
S1527,Yes,High School,Medium
S1528,Yes,,Medium
S1529,No,None,Medium
S1530,Yes,Bachelor's,High
S1531,Yes,Bachelor's,Low
S1532,Yes,Bachelor's,High
S1533,Yes,High School,Medium
S1534,Yes,Master's,High
S1535,Yes,High School,Low
S1536,Yes,,Low
S1537,Yes,,Low
S1538,No,Bachelor's,Medium
S1539,No,Bachelor's,Low
S1540,Yes,Bachelor's,High
S1541,Yes,High School,Medium
S1542,Yes,,High
S1543,Yes,Bachelor's,Medium
S1544,Yes,PhD,Medium
S1545,No,Master's,Low
S1546,No,,High
S1547,Yes,High School,Medium
S1548,Yes,None,Medium
S1549,Yes,,High
S1550,Yes,None,High
S1551,Yes,High School,Low
S1552,Yes,PhD,High
S1553,Yes,,Low
S1554,No,Master's,Medium
S1555,Yes,High School,Low
S1556,Yes,Master's,High
S1557,No,None,Medium
S1558,Yes,,High
S1559,Yes,None,Medium
S1560,Yes,Bachelor's,High
S1561,Yes,High School,High
S1562,Yes,None,High
S1563,Yes,,Low
S1564,No,PhD,Low
S1565,Yes,Bachelor's,Medium
S1566,Yes,Master's,Low
S1567,Yes,,High
S1568,Yes,Master's,High
S1569,Yes,None,Low
S1570,No,,Low
S1571,Yes,,Medium
S1572,Yes,Bachelor's,Medium
S1573,Yes,,Medium
S1574,Yes,Master's,Low
S1575,Yes,None,Low
S1576,Yes,PhD,Medium
S1577,No,PhD,Medium
S1578,Yes,Master's,Low
S1579,No,PhD,Low
S1580,Yes,Bachelor's,Medium
S1581,No,Master's,Medium
S1582,Yes,High School,High
S1583,Yes,Master's,Medium
S1584,No,High School,High
S1585,Yes,PhD,Low
S1586,Yes,Master's,Medium
S1587,Yes,Bachelor's,Medium
S1588,Yes,PhD,Medium
S1589,Yes,PhD,Low
S1590,Yes,PhD,Low
S1591,Yes,High School,Medium
S1592,Yes,High School,Medium
S1593,Yes,Bachelor's,Low
S1594,Yes,High School,Low
S1595,Yes,None,High
S1596,Yes,None,High
S1597,Yes,Master's,Low
S1598,Yes,PhD,High
S1599,Yes,None,Medium
S1600,Yes,High School,Medium
S1601,Yes,Bachelor's,Low
S1602,Yes,High School,Medium
S1603,Yes,PhD,High
S1604,Yes,,Low
S1605,Yes,None,Medium
S1606,Yes,None,High
S1607,Yes,High School,High
S1608,Yes,Master's,Low
S1609,Yes,High School,Medium
S1610,Yes,,Low
S1611,No,,Medium
S1612,Yes,,Medium
S1613,Yes,None,Medium
S1614,Yes,,Low
S1615,No,Bachelor's,Medium
S1616,Yes,None,Low
S1617,Yes,High School,Low
S1618,Yes,Bachelor's,Medium
S1619,Yes,PhD,High
S1620,No,PhD,Medium
S1621,Yes,,Low
S1622,No,,High
S1623,Yes,Master's,Low
S1624,Yes,PhD,Low
S1625,Yes,PhD,Medium
S1626,Yes,Master's,Medium
S1627,Yes,Bachelor's,Medium
S1628,Yes,,Medium
S1629,Yes,,Medium
S1630,Yes,,Medium
S1631,Yes,Master's,Low
S1632,Yes,,High
S1633,Yes,,Low
S1634,Yes,None,Medium
S1635,Yes,None,Low
S1636,Yes,High School,Low
S1637,Yes,Master's,Low
S1638,No,Bachelor's,Low
S1639,Yes,High School,High
S1640,Yes,Master's,High
S1641,Yes,High School,Medium
S1642,Yes,Bachelor's,Medium
S1643,Yes,High School,Low
S1644,Yes,High School,High
S1645,Yes,Bachelor's,Low
S1646,Yes,PhD,Low
S1647,Yes,High School,Medium
S1648,Yes,High School,Low
S1649,Yes,High School,Low
S1650,Yes,None,Low
S1651,Yes,None,High
S1652,Yes,Bachelor's,Medium
S1653,Yes,Master's,Medium
S1654,Yes,None,Low
S1655,Yes,Bachelor's,Medium
S1656,Yes,,Medium
S1657,No,Master's,Medium
S1658,Yes,None,High
S1659,Yes,PhD,Low
S1660,Yes,Master's,Low
S1661,Yes,Master's,Medium
S1662,Yes,None,High
S1663,Yes,None,Medium
S1664,Yes,High School,Medium
S1665,Yes,High School,Low
S1666,Yes,Master's,High
S1667,Yes,High School,Medium
S1668,No,High School,Low
S1669,Yes,,Medium
S1670,Yes,PhD,Medium
S1671,Yes,High School,Low
S1672,Yes,High School,Low
S1673,Yes,PhD,Low
S1674,No,None,High
S1675,Yes,Master's,Low
S1676,Yes,Bachelor's,Low
S1677,Yes,None,Low
S1678,Yes,PhD,Medium
S1679,Yes,PhD,Low
S1680,Yes,Master's,High
S1681,Yes,High School,Low
S1682,Yes,Bachelor's,Low
S1683,Yes,Bachelor's,Medium
S1684,Yes,Bachelor's,Low
S1685,Yes,,Low
S1686,Yes,PhD,High
S1687,Yes,,Medium
S1688,Yes,Bachelor's,High
S1689,Yes,,Low
S1690,Yes,None,Medium
S1691,Yes,,Medium
S1692,No,Master's,Medium
S1693,Yes,High School,Medium
S1694,Yes,High School,High
S1695,Yes,High School,Low
S1696,Yes,Bachelor's,Low
S1697,Yes,,High
S1698,No,None,Low
S1699,Yes,PhD,Medium
S1700,Yes,None,Medium
S1701,Yes,,Medium
S1702,Yes,,Medium
S1703,Yes,None,Medium
S1704,Yes,,High
S1705,Yes,High School,Low
S1706,Yes,,High
S1707,Yes,None,Medium
S1708,Yes,None,Medium
S1709,Yes,Bachelor's,Low
S1710,Yes,Master's,Low
S1711,Yes,High School,Medium
S1712,Yes,PhD,Low
S1713,Yes,PhD,Low
S1714,Yes,,Low
S1715,Yes,Master's,Medium
S1716,No,PhD,Medium
S1717,Yes,Bachelor's,High
S1718,No,High School,High
S1719,Yes,PhD,Medium
S1720,Yes,PhD,Low
S1721,Yes,,Low
S1722,Yes,Master's,Low
S1723,Yes,High School,Low
S1724,Yes,None,High
S1725,Yes,PhD,High
S1726,No,None,Low
S1727,No,Master's,High
S1728,Yes,None,High
S1729,Yes,Master's,High
S1730,No,High School,Low
S1731,No,Bachelor's,Low
S1732,Yes,Bachelor's,Medium
S1733,Yes,High School,Low
S1734,Yes,PhD,Medium
S1735,Yes,Master's,Low
S1736,Yes,None,High
S1737,Yes,Bachelor's,Low
S1738,Yes,None,Medium
S1739,Yes,None,High
S1740,Yes,,High
S1741,Yes,PhD,Medium
S1742,Yes,,Medium
S1743,Yes,None,Medium
S1744,Yes,None,Medium
S1745,Yes,,Low
S1746,Yes,None,Low
S1747,Yes,Master's,High
S1748,Yes,Bachelor's,Medium
S1749,Yes,None,Low
S1750,Yes,PhD,Medium
S1751,Yes,,Medium
S1752,No,High School,Low
S1753,Yes,PhD,Medium
S1754,Yes,High School,Medium
S1755,Yes,High School,Medium
S1756,Yes,None,Medium
S1757,No,,Low
S1758,No,,Low
S1759,Yes,PhD,Low
S1760,Yes,High School,Medium
S1761,Yes,None,Low
S1762,Yes,,High
S1763,Yes,PhD,Medium
S1764,Yes,High School,Medium
S1765,Yes,None,Medium
S1766,Yes,Master's,Low
S1767,Yes,PhD,Low
S1768,Yes,None,Low
S1769,Yes,Master's,Medium
S1770,Yes,High School,Medium
S1771,Yes,,High
S1772,Yes,High School,Medium
S1773,Yes,PhD,High
S1774,Yes,Bachelor's,High
S1775,Yes,Bachelor's,High
S1776,Yes,,Medium
S1777,No,Master's,Low
S1778,Yes,Bachelor's,Low
S1779,Yes,,High
S1780,Yes,PhD,Low
S1781,Yes,,Low
S1782,Yes,Bachelor's,Low
S1783,Yes,Master's,Medium
S1784,Yes,PhD,High
S1785,Yes,Bachelor's,Medium
S1786,Yes,Bachelor's,Low
S1787,Yes,,Medium
S1788,Yes,None,Medium
S1789,Yes,,Low
S1790,Yes,None,High
S1791,Yes,,Medium
S1792,Yes,High School,Low
S1793,Yes,,Low
S1794,Yes,PhD,Low
S1795,Yes,None,High
S1796,Yes,Bachelor's,Medium
S1797,Yes,,Low
S1798,Yes,Bachelor's,Low
S1799,Yes,PhD,Medium
S1800,Yes,Master's,Low
S1801,Yes,None,Medium
S1802,Yes,Master's,Low
S1803,Yes,Master's,High
S1804,Yes,None,Medium
S1805,Yes,,Low
S1806,No,None,Low
S1807,Yes,None,Medium
S1808,Yes,High School,Medium
S1809,Yes,High School,Medium
S1810,Yes,Bachelor's,High
S1811,Yes,None,Low
S1812,Yes,Master's,Low
S1813,Yes,Master's,Medium
S1814,Yes,High School,Medium
S1815,Yes,None,Medium
S1816,Yes,,Low
S1817,Yes,High School,High
S1818,Yes,High School,Low
S1819,Yes,Master's,Low
S1820,Yes,PhD,Low
S1821,Yes,PhD,Low
S1822,Yes,Master's,High
S1823,Yes,Master's,Low
S1824,Yes,Master's,Medium
S1825,Yes,PhD,Low
S1826,Yes,,Low
S1827,Yes,High School,High
S1828,Yes,Bachelor's,High
S1829,No,,Low
S1830,Yes,None,Medium
S1831,No,Bachelor's,High
S1832,Yes,PhD,Medium
S1833,Yes,,Medium
S1834,Yes,PhD,Medium
S1835,Yes,Bachelor's,Medium
S1836,Yes,PhD,Low
S1837,Yes,High School,Medium
S1838,Yes,Bachelor's,Medium
S1839,Yes,,High
S1840,Yes,High School,Low
S1841,No,PhD,Low
S1842,Yes,Bachelor's,Low
S1843,Yes,PhD,Medium
S1844,Yes,Bachelor's,Medium
S1845,No,None,Low
S1846,Yes,None,Medium
S1847,Yes,Bachelor's,Medium
S1848,Yes,,Low
S1849,Yes,Master's,Low
S1850,Yes,Bachelor's,High
S1851,Yes,High School,Medium
S1852,No,None,Medium
S1853,Yes,Bachelor's,High
S1854,No,Bachelor's,Low
S1855,Yes,Bachelor's,Low
S1856,Yes,High School,Medium
S1857,Yes,PhD,Low
S1858,Yes,,High
S1859,Yes,High School,Low
S1860,Yes,,Low
S1861,Yes,,Low
S1862,Yes,,High
S1863,Yes,Master's,Medium
S1864,Yes,None,Medium
S1865,Yes,High School,Low
S1866,Yes,High School,Low
S1867,Yes,None,High
S1868,Yes,,Medium
S1869,Yes,PhD,Low
S1870,Yes,Master's,Medium
S1871,Yes,High School,Medium
S1872,Yes,Master's,Low
S1873,Yes,,Medium
S1874,Yes,Master's,Low
S1875,Yes,None,High
S1876,Yes,None,Medium
S1877,No,None,High
S1878,Yes,PhD,Medium
S1879,Yes,PhD,Medium
S1880,Yes,None,Medium
S1881,Yes,Master's,Medium
S1882,Yes,None,Medium
S1883,Yes,None,Medium
S1884,No,Bachelor's,Medium
S1885,Yes,,High
S1886,Yes,PhD,Medium
S1887,Yes,None,High
S1888,Yes,None,High
S1889,Yes,Bachelor's,Medium
S1890,No,,High
S1891,Yes,,Medium
S1892,Yes,PhD,High
S1893,Yes,,Low
S1894,Yes,PhD,Low
S1895,No,Master's,Medium
S1896,Yes,None,Low
S1897,Yes,Master's,Medium
S1898,Yes,High School,Low
S1899,Yes,,High
S1900,Yes,PhD,Medium
S1901,Yes,None,Low
S1902,Yes,PhD,Medium
S1903,Yes,PhD,Medium
S1904,Yes,,High
S1905,Yes,,Medium
S1906,Yes,,Low
S1907,Yes,,High
S1908,Yes,PhD,High
S1909,Yes,,Low
S1910,Yes,None,Low
S1911,Yes,High School,Medium
S1912,Yes,High School,Medium
S1913,Yes,None,Medium
S1914,Yes,None,Low
S1915,Yes,,Low
S1916,Yes,High School,Medium
S1917,Yes,None,Low
S1918,Yes,Bachelor's,Low
S1919,Yes,High School,Medium
S1920,Yes,None,Low
S1921,Yes,Master's,Medium
S1922,Yes,None,Medium
S1923,No,High School,Low
S1924,Yes,,Medium
S1925,Yes,Bachelor's,Medium
S1926,Yes,None,Low
S1927,No,High School,Medium
S1928,Yes,,Low
S1929,Yes,None,Low
S1930,Yes,High School,Low
S1931,Yes,Master's,Medium
S1932,Yes,,Medium
S1933,Yes,High School,Low
S1934,Yes,PhD,High
S1935,Yes,None,Low
S1936,Yes,None,Low
S1937,Yes,High School,Low
S1938,Yes,Master's,Low
S1939,Yes,,High
S1940,Yes,Master's,Medium
S1941,No,Master's,Medium
S1942,Yes,PhD,Medium
S1943,Yes,PhD,Medium
S1944,No,Master's,High
S1945,Yes,Master's,Low
S1946,Yes,Master's,Low
S1947,Yes,None,Low
S1948,Yes,None,Low
S1949,Yes,None,Medium
S1950,Yes,None,Low
S1951,Yes,PhD,High
S1952,Yes,High School,Low
S1953,Yes,,Low
S1954,No,Master's,High
S1955,Yes,High School,Medium
S1956,Yes,None,Medium
S1957,Yes,Bachelor's,Low
S1958,Yes,Bachelor's,Low
S1959,Yes,PhD,High
S1960,Yes,Bachelor's,Medium
S1961,Yes,PhD,Low
S1962,Yes,PhD,Low
S1963,Yes,PhD,Low
S1964,Yes,High School,High
S1965,Yes,High School,Medium
S1966,Yes,Bachelor's,Medium
S1967,Yes,High School,Medium
S1968,Yes,None,High
S1969,Yes,PhD,Medium
S1970,Yes,None,Medium
S1971,Yes,High School,Low
S1972,Yes,Master's,Medium
S1973,No,,Low
S1974,Yes,PhD,Medium
S1975,Yes,Master's,Low
S1976,Yes,Master's,Low
S1977,Yes,PhD,Low
S1978,Yes,Bachelor's,Low
S1979,Yes,,Low
S1980,Yes,High School,Low
S1981,Yes,Master's,Low
S1982,Yes,Master's,Low
S1983,Yes,PhD,High
S1984,Yes,PhD,Low
S1985,Yes,Bachelor's,Low
S1986,Yes,Master's,Medium
S1987,Yes,High School,High
S1988,Yes,,Low
S1989,Yes,None,Low
S1990,Yes,High School,Medium
S1991,No,Master's,Low
S1992,Yes,PhD,High
S1993,Yes,PhD,Medium
S1994,Yes,None,Medium
S1995,Yes,,Medium
S1996,Yes,High School,Low
S1997,Yes,PhD,Low
S1998,Yes,Bachelor's,Low
S1999,Yes,None,Medium
S2000,No,None,High
S2001,Yes,High School,Low
S2002,Yes,High School,Low
S2003,Yes,PhD,Medium
S2004,Yes,PhD,Low
S2005,Yes,,Low
S2006,Yes,,High
S2007,Yes,PhD,High
S2008,Yes,,High
S2009,Yes,PhD,Low
S2010,Yes,None,Low
S2011,Yes,Master's,Medium
S2012,Yes,High School,Low
S2013,Yes,None,Low
S2014,Yes,PhD,Medium
S2015,Yes,Master's,Medium
S2016,Yes,Master's,Medium
S2017,Yes,,Low
S2018,Yes,,Medium
S2019,No,Bachelor's,Medium
S2020,Yes,PhD,Low
S2021,Yes,Bachelor's,Medium
S2022,Yes,,Medium
S2023,Yes,Bachelor's,Low
S2024,No,None,Medium
S2025,No,Master's,Low
S2026,Yes,High School,High
S2027,Yes,Master's,Medium
S2028,Yes,Bachelor's,Medium
S2029,Yes,Master's,Low
S2030,Yes,Bachelor's,High
S2031,No,PhD,High
S2032,Yes,,Low
S2033,No,PhD,High
S2034,Yes,High School,Medium
S2035,Yes,PhD,Medium
S2036,No,PhD,Low
S2037,Yes,Master's,Low
S2038,Yes,High School,Medium
S2039,Yes,Master's,Low
S2040,Yes,PhD,High
S2041,Yes,Master's,High
S2042,Yes,Bachelor's,Medium
S2043,Yes,PhD,Low
S2044,Yes,Bachelor's,Medium
S2045,Yes,,Low
S2046,No,Bachelor's,High
S2047,Yes,,Medium
S2048,Yes,PhD,Low
S2049,Yes,Bachelor's,Medium
S2050,Yes,High School,Low
S2051,No,Bachelor's,Low
S2052,Yes,PhD,Low
S2053,Yes,High School,High
S2054,Yes,,Medium
S2055,Yes,High School,Low
S2056,Yes,,Low
S2057,Yes,High School,Medium
S2058,Yes,,Medium
S2059,Yes,,Low
S2060,Yes,Bachelor's,Medium
S2061,Yes,Master's,Low
S2062,Yes,,High
S2063,Yes,High School,Low
S2064,Yes,PhD,High
S2065,Yes,High School,Medium
S2066,Yes,PhD,High
S2067,Yes,,Medium
S2068,Yes,Bachelor's,High
S2069,Yes,None,Low
S2070,Yes,PhD,Low
S2071,Yes,None,Low
S2072,Yes,,Low
S2073,Yes,Bachelor's,High
S2074,No,,Low
S2075,Yes,High School,High
S2076,Yes,Bachelor's,Medium
S2077,Yes,Master's,High
S2078,Yes,,Low
S2079,Yes,Bachelor's,Low
S2080,Yes,Master's,Low
S2081,Yes,PhD,Medium
S2082,Yes,Master's,High
S2083,Yes,PhD,Low
S2084,No,,Medium
S2085,Yes,None,Low
S2086,Yes,None,High
S2087,Yes,,High
S2088,Yes,PhD,Low
S2089,Yes,,Medium
S2090,Yes,Bachelor's,Medium
S2091,No,Master's,Medium
S2092,Yes,None,Low
S2093,Yes,High School,High
S2094,No,,Low
S2095,Yes,PhD,Medium
S2096,Yes,PhD,Low
S2097,Yes,Master's,Medium
S2098,Yes,Bachelor's,High
S2099,Yes,Bachelor's,Low
S2100,Yes,High School,High
S2101,Yes,,Medium
S2102,Yes,,Low
S2103,Yes,None,Low
S2104,Yes,None,Medium
S2105,Yes,High School,Low
S2106,Yes,High School,High
S2107,Yes,,Low
S2108,Yes,Master's,Medium
S2109,Yes,,Medium
S2110,Yes,High School,Low
S2111,Yes,,High
S2112,Yes,PhD,Low
S2113,Yes,PhD,High
S2114,Yes,High School,Low
S2115,Yes,None,Low
S2116,Yes,Master's,High
S2117,Yes,Bachelor's,Medium
S2118,No,Bachelor's,Medium
S2119,Yes,PhD,Low
S2120,Yes,Bachelor's,Low
S2121,Yes,None,Medium
S2122,Yes,High School,Medium
S2123,Yes,Master's,Low
S2124,Yes,Master's,Low
S2125,Yes,None,High
S2126,No,Bachelor's,High
S2127,Yes,None,Low
S2128,Yes,,Medium
S2129,Yes,,Low
S2130,No,Master's,High
S2131,Yes,,Low
S2132,Yes,Master's,Medium
S2133,Yes,None,Medium
S2134,Yes,PhD,Low
S2135,Yes,Master's,Medium
S2136,Yes,PhD,Low
S2137,Yes,,Low
S2138,Yes,,Medium
S2139,No,None,High
S2140,Yes,None,High
S2141,Yes,Bachelor's,High
S2142,Yes,Master's,High
S2143,Yes,High School,Medium
S2144,Yes,PhD,Low
S2145,Yes,Master's,High
S2146,Yes,PhD,Low
S2147,Yes,Bachelor's,High
S2148,Yes,None,Medium
S2149,Yes,High School,Medium
S2150,No,None,Low
S2151,Yes,Bachelor's,Low
S2152,Yes,Bachelor's,Medium
S2153,Yes,,Low
S2154,Yes,None,Low
S2155,Yes,None,Low
S2156,Yes,High School,Medium
S2157,Yes,,Medium
S2158,Yes,Bachelor's,Medium
S2159,Yes,PhD,Low
S2160,No,High School,Medium
S2161,Yes,None,Low
S2162,Yes,PhD,Low
S2163,Yes,,Medium
S2164,Yes,Bachelor's,Medium
S2165,Yes,Master's,Medium
S2166,Yes,None,Medium
S2167,Yes,,Medium
S2168,Yes,PhD,Low
S2169,Yes,PhD,Low
S2170,Yes,,Low
S2171,Yes,None,High
S2172,Yes,None,Low
S2173,Yes,Bachelor's,High
S2174,No,,Medium
S2175,Yes,Master's,Medium
S2176,Yes,Master's,Medium
S2177,Yes,High School,Medium
S2178,Yes,None,Low
S2179,Yes,None,Low
S2180,Yes,Bachelor's,Low
S2181,Yes,PhD,High
S2182,Yes,None,Medium
S2183,Yes,Master's,Medium
S2184,Yes,High School,High
S2185,No,PhD,Medium
S2186,Yes,PhD,Low
S2187,Yes,,High
S2188,Yes,High School,Low
S2189,Yes,,Low
S2190,Yes,,Low
S2191,Yes,Bachelor's,Medium
S2192,Yes,,High
S2193,Yes,PhD,Medium
S2194,Yes,Master's,Medium
S2195,Yes,,Medium
S2196,Yes,Master's,Medium
S2197,No,None,Medium
S2198,Yes,None,Low
S2199,Yes,None,Low
S2200,Yes,,Low
S2201,Yes,High School,Medium
S2202,Yes,High School,Medium
S2203,Yes,Bachelor's,Medium
S2204,Yes,Master's,Low
S2205,Yes,None,Low
S2206,No,,Medium
S2207,Yes,Master's,Low
S2208,No,,Medium
S2209,Yes,PhD,High
S2210,Yes,None,Low
S2211,Yes,None,Low
S2212,Yes,,High
S2213,Yes,High School,Low
S2214,Yes,None,High
S2215,Yes,None,High
S2216,No,High School,Medium
S2217,Yes,,Medium
S2218,Yes,,Low
S2219,Yes,,Low
S2220,Yes,Master's,Medium
S2221,Yes,High School,Medium
S2222,Yes,High School,High
S2223,Yes,Master's,Medium
S2224,Yes,High School,Medium
S2225,Yes,PhD,Low
S2226,Yes,None,Medium
S2227,Yes,Bachelor's,Low
S2228,Yes,,Medium
S2229,Yes,High School,High
S2230,Yes,Bachelor's,Medium
S2231,Yes,Master's,Low
S2232,Yes,None,Medium
S2233,Yes,Master's,High
S2234,No,Bachelor's,Medium
S2235,Yes,None,Medium
S2236,Yes,Master's,Medium
S2237,Yes,Bachelor's,High
S2238,Yes,None,Low
S2239,Yes,High School,High
S2240,Yes,None,High
S2241,Yes,Bachelor's,Medium
S2242,Yes,,Medium
S2243,Yes,,High
S2244,Yes,,High
S2245,Yes,Master's,High
S2246,Yes,High School,Medium
S2247,Yes,None,Low
S2248,Yes,Bachelor's,Low
S2249,Yes,High School,High
S2250,Yes,PhD,Medium
S2251,Yes,PhD,Low
S2252,Yes,Bachelor's,Low
S2253,Yes,,Low
S2254,Yes,High School,Low
S2255,Yes,High School,High
S2256,Yes,High School,High
S2257,Yes,Bachelor's,High
S2258,Yes,PhD,Low
S2259,Yes,PhD,Low
S2260,Yes,Master's,Low
S2261,Yes,,Low
S2262,Yes,None,Low
S2263,Yes,PhD,High
S2264,Yes,PhD,High
S2265,Yes,High School,Low
S2266,Yes,,Low
S2267,Yes,PhD,Low
S2268,Yes,Master's,Medium
S2269,Yes,,Medium
S2270,Yes,PhD,Medium
S2271,Yes,None,High
S2272,Yes,,Low
S2273,Yes,,Low
S2274,No,,Low
S2275,Yes,PhD,Low
S2276,Yes,High School,Medium
S2277,Yes,Master's,Low
S2278,Yes,High School,Medium
S2279,Yes,Bachelor's,Medium
S2280,Yes,Bachelor's,Medium
S2281,Yes,Master's,Low
S2282,Yes,High School,Medium
S2283,Yes,None,Low
S2284,Yes,,High
S2285,Yes,Master's,Medium
S2286,Yes,,Low
S2287,Yes,High School,Medium
S2288,Yes,,Low
S2289,Yes,PhD,Low
S2290,Yes,,Low
S2291,Yes,None,Low
S2292,Yes,None,High
S2293,Yes,,Medium
S2294,Yes,Master's,Low
S2295,Yes,PhD,Medium
S2296,Yes,High School,Medium
S2297,Yes,Bachelor's,Low
S2298,Yes,,Medium
S2299,Yes,PhD,Medium
S2300,Yes,PhD,Low
S2301,Yes,PhD,Medium
S2302,Yes,PhD,High
S2303,Yes,Master's,Low
S2304,Yes,None,Medium
S2305,Yes,None,High
S2306,Yes,High School,High
S2307,Yes,High School,Medium
S2308,Yes,PhD,Medium
S2309,Yes,PhD,Medium
S2310,Yes,Bachelor's,High
S2311,Yes,None,Low
S2312,Yes,PhD,Medium
S2313,Yes,High School,Low
S2314,Yes,High School,Low
S2315,Yes,,Medium
S2316,Yes,Bachelor's,Medium
S2317,Yes,PhD,Low
S2318,Yes,PhD,Low
S2319,No,PhD,Low
S2320,Yes,,High
S2321,No,,Medium
S2322,Yes,,Medium
S2323,Yes,PhD,High
S2324,Yes,PhD,Medium
S2325,Yes,High School,High
S2326,Yes,PhD,High
S2327,Yes,,Low
S2328,Yes,Bachelor's,Medium
S2329,No,High School,Medium
S2330,Yes,,Medium
S2331,Yes,Master's,Medium
S2332,Yes,High School,Low
S2333,Yes,High School,High
S2334,Yes,Master's,Low
S2335,Yes,Master's,Medium
S2336,Yes,None,Low
S2337,Yes,High School,Medium
S2338,Yes,Bachelor's,High
S2339,Yes,PhD,Medium
S2340,Yes,Master's,Medium
S2341,Yes,None,Low
S2342,Yes,Master's,Medium
S2343,Yes,,High
S2344,Yes,PhD,High
S2345,Yes,PhD,Medium
S2346,Yes,Master's,Medium
S2347,Yes,PhD,Low
S2348,Yes,PhD,Medium
S2349,Yes,Bachelor's,Medium
S2350,No,Master's,Low
S2351,Yes,,High
S2352,Yes,,Medium
S2353,Yes,,Medium
S2354,Yes,Bachelor's,Low
S2355,Yes,Master's,Low
S2356,Yes,PhD,Medium
S2357,Yes,Bachelor's,Medium
S2358,Yes,,Medium
S2359,Yes,Master's,Low
S2360,Yes,Bachelor's,Medium
S2361,Yes,Bachelor's,Medium
S2362,Yes,Bachelor's,Medium
S2363,Yes,High School,Medium
S2364,Yes,,Medium
S2365,Yes,Bachelor's,High
S2366,Yes,High School,High
S2367,Yes,None,Medium
S2368,Yes,High School,Low
S2369,Yes,PhD,Low
S2370,Yes,None,Medium
S2371,Yes,Bachelor's,Low
S2372,Yes,Bachelor's,Medium
S2373,Yes,Bachelor's,Medium
S2374,Yes,,Medium
S2375,Yes,None,Low
S2376,No,,Low
S2377,Yes,High School,High
S2378,Yes,Master's,Low
S2379,Yes,High School,High
S2380,Yes,High School,Medium
S2381,Yes,,Low
S2382,Yes,,Low
S2383,No,High School,Medium
S2384,Yes,None,Low
S2385,Yes,,High
S2386,Yes,PhD,Medium
S2387,No,Master's,Medium
S2388,Yes,High School,High
S2389,Yes,Bachelor's,Low
S2390,Yes,,High
S2391,Yes,,High
S2392,Yes,Master's,Medium
S2393,Yes,,Low
S2394,Yes,High School,Medium
S2395,Yes,High School,High
S2396,Yes,,Low
S2397,Yes,High School,Low
S2398,Yes,PhD,Medium
S2399,No,High School,Medium
S2400,Yes,High School,Low
S2401,Yes,Bachelor's,High
S2402,Yes,Master's,High
S2403,Yes,,Low
S2404,Yes,PhD,High
S2405,Yes,Master's,Low
S2406,Yes,,Low
S2407,Yes,Master's,Low
S2408,Yes,,Medium
S2409,Yes,Bachelor's,High
S2410,Yes,Bachelor's,Low
S2411,Yes,None,Medium
S2412,No,PhD,Low
S2413,Yes,High School,Low
S2414,Yes,High School,High
S2415,Yes,None,Medium
S2416,Yes,PhD,Medium
S2417,Yes,,Medium
S2418,Yes,,Low
S2419,No,,Low
S2420,Yes,,Low
S2421,No,Master's,High
S2422,Yes,,Medium
S2423,No,PhD,Medium
S2424,Yes,None,Medium
S2425,Yes,,High
S2426,Yes,None,Low
S2427,Yes,,Low
S2428,Yes,High School,Low
S2429,No,Master's,High
S2430,Yes,PhD,Medium
S2431,Yes,None,Medium
S2432,Yes,Master's,Low
S2433,Yes,PhD,Low
S2434,Yes,,Low
S2435,No,,High
S2436,Yes,Master's,High
S2437,No,Bachelor's,Medium
S2438,Yes,Master's,Low
S2439,Yes,Bachelor's,High
S2440,Yes,PhD,Medium
S2441,Yes,None,Low
S2442,Yes,,Low
S2443,Yes,Master's,Medium
S2444,Yes,Master's,High
S2445,Yes,None,Medium
S2446,Yes,,Low
S2447,Yes,PhD,Low
S2448,No,PhD,Low
S2449,Yes,PhD,High
S2450,Yes,PhD,Low
S2451,Yes,High School,Low
S2452,Yes,High School,Medium
S2453,Yes,PhD,Low
S2454,No,Master's,Low
S2455,Yes,,Medium
S2456,No,High School,Medium
S2457,Yes,High School,Low
S2458,No,None,High
S2459,Yes,None,Medium
S2460,No,Master's,High
S2461,Yes,,Medium
S2462,Yes,Bachelor's,Medium
S2463,No,Bachelor's,High
S2464,Yes,None,Medium
S2465,No,Bachelor's,Low
S2466,Yes,,Medium
S2467,No,PhD,Low
S2468,Yes,PhD,Low
S2469,Yes,Bachelor's,High
S2470,Yes,High School,Medium
S2471,Yes,,Low
S2472,Yes,,Low
S2473,Yes,High School,Medium
S2474,Yes,,Low
S2475,Yes,High School,Low
S2476,No,PhD,Low
S2477,Yes,Bachelor's,Medium
S2478,Yes,None,Medium
S2479,Yes,None,Low
S2480,Yes,None,High
S2481,Yes,Master's,High
S2482,No,Bachelor's,Medium
S2483,Yes,,Low
S2484,Yes,Bachelor's,Medium
S2485,Yes,None,Medium
S2486,Yes,PhD,Low
S2487,Yes,Bachelor's,Medium
S2488,Yes,High School,Medium
S2489,Yes,Bachelor's,High
S2490,Yes,High School,Low
S2491,Yes,None,Low
S2492,No,High School,Low
S2493,Yes,Master's,High
S2494,Yes,PhD,Low
S2495,Yes,High School,Medium
S2496,Yes,PhD,High
S2497,Yes,,High
S2498,Yes,,Medium
S2499,Yes,Bachelor's,High
S2500,Yes,High School,Medium
S2501,Yes,,High
S2502,Yes,High School,Low
S2503,Yes,Master's,Medium
S2504,No,PhD,Medium
S2505,Yes,High School,Medium
S2506,Yes,None,Medium
S2507,Yes,None,Low
S2508,Yes,Bachelor's,Low
S2509,Yes,PhD,Medium
S2510,Yes,,Low
S2511,Yes,PhD,Low
S2512,Yes,PhD,High
S2513,Yes,High School,Low
S2514,Yes,Bachelor's,Low
S2515,Yes,Bachelor's,Low
S2516,Yes,Bachelor's,Medium
S2517,Yes,None,High
S2518,Yes,,Low
S2519,No,,Medium
S2520,Yes,Bachelor's,Low
S2521,Yes,PhD,Medium
S2522,Yes,PhD,Medium
S2523,Yes,High School,Medium
S2524,Yes,,High
S2525,Yes,Bachelor's,High
S2526,Yes,Master's,High
S2527,Yes,,Medium
S2528,Yes,High School,Medium
S2529,Yes,Bachelor's,Low
S2530,Yes,,Low
S2531,Yes,,Medium
S2532,Yes,High School,Medium
S2533,No,High School,Low
S2534,No,Master's,Low
S2535,Yes,High School,Medium
S2536,Yes,,Low
S2537,Yes,,Medium
S2538,Yes,Master's,Medium
S2539,Yes,,High
S2540,Yes,Bachelor's,Medium
S2541,Yes,None,Low
S2542,Yes,,Low
S2543,Yes,Bachelor's,Low
S2544,Yes,Master's,Low
S2545,Yes,None,Medium
S2546,Yes,PhD,Medium
S2547,Yes,None,Medium
S2548,Yes,PhD,Medium
S2549,Yes,,Medium
S2550,Yes,Bachelor's,High
S2551,No,Master's,High
S2552,Yes,PhD,Low
S2553,No,Master's,Medium
S2554,Yes,None,Low
S2555,Yes,,Medium
S2556,Yes,None,Low
S2557,Yes,PhD,Medium
S2558,Yes,Bachelor's,Low
S2559,No,PhD,Low
S2560,Yes,PhD,Low
S2561,Yes,None,High
S2562,Yes,PhD,Low
S2563,Yes,Bachelor's,High
S2564,Yes,,High
S2565,Yes,None,Low
S2566,Yes,PhD,Medium
S2567,Yes,,High
S2568,Yes,,Medium
S2569,Yes,,Low
S2570,Yes,,High
S2571,Yes,Bachelor's,Low
S2572,Yes,High School,Low
S2573,Yes,Bachelor's,Low
S2574,Yes,None,Medium
S2575,Yes,,Low
S2576,Yes,None,High
S2577,Yes,,Low
S2578,Yes,Bachelor's,Low
S2579,No,PhD,High
S2580,Yes,Bachelor's,High
S2581,Yes,Bachelor's,Medium
S2582,Yes,Bachelor's,Medium
S2583,Yes,Master's,Medium
S2584,Yes,PhD,Medium
S2585,Yes,High School,Medium
S2586,Yes,,High
S2587,Yes,Bachelor's,High
S2588,Yes,,High
S2589,Yes,High School,Low
S2590,Yes,High School,Low
S2591,Yes,Master's,Low
S2592,Yes,None,High
S2593,Yes,Bachelor's,Low
S2594,Yes,Bachelor's,Low
S2595,Yes,PhD,High
S2596,No,High School,Low
S2597,Yes,Master's,Low
S2598,Yes,High School,High
S2599,No,PhD,Low
S2600,Yes,None,High
S2601,Yes,Bachelor's,Low
S2602,Yes,High School,Low
S2603,No,Bachelor's,Low
S2604,Yes,PhD,High
S2605,Yes,None,Medium
S2606,Yes,Master's,Low
S2607,Yes,,Medium
S2608,Yes,Master's,Low
S2609,Yes,High School,Medium
S2610,Yes,None,Low
S2611,Yes,High School,High
S2612,Yes,None,Medium
S2613,No,High School,High
S2614,Yes,PhD,Medium
S2615,Yes,PhD,Medium
S2616,Yes,,Medium
S2617,Yes,None,Medium
S2618,Yes,None,Low
S2619,Yes,Master's,Medium
S2620,No,High School,Medium
S2621,Yes,,Medium
S2622,Yes,Master's,Low
S2623,Yes,Master's,Low
S2624,Yes,None,Medium
S2625,Yes,Bachelor's,Low
S2626,Yes,High School,Low
S2627,Yes,Bachelor's,Low
S2628,Yes,Bachelor's,Low
S2629,Yes,High School,Low
S2630,Yes,PhD,High
S2631,Yes,None,Low
S2632,Yes,Master's,Medium
S2633,Yes,None,High
S2634,Yes,Bachelor's,High
S2635,No,PhD,Medium
S2636,Yes,PhD,High
S2637,Yes,None,Medium
S2638,Yes,Bachelor's,Medium
S2639,Yes,,High
S2640,Yes,Master's,Low
S2641,Yes,,Low
S2642,Yes,Master's,Medium
S2643,Yes,Bachelor's,Low
S2644,No,None,Low
S2645,Yes,Bachelor's,High
S2646,Yes,PhD,Low
S2647,Yes,None,Low
S2648,Yes,Master's,High
S2649,Yes,,Low
S2650,Yes,None,High
S2651,Yes,None,Medium
S2652,Yes,Master's,High
S2653,Yes,Bachelor's,High
S2654,Yes,,Medium
S2655,Yes,Bachelor's,High
S2656,Yes,PhD,Medium
S2657,Yes,None,Medium
S2658,No,High School,Medium
S2659,Yes,High School,Low
S2660,Yes,,High
S2661,No,None,Low
S2662,No,,Low
S2663,Yes,None,Medium
S2664,Yes,Master's,Low
S2665,Yes,High School,Medium
S2666,Yes,PhD,Medium
S2667,Yes,High School,Medium
S2668,No,,Low
S2669,Yes,,High
S2670,Yes,High School,Medium
S2671,Yes,PhD,Low
S2672,Yes,None,Low
S2673,Yes,Master's,Medium
S2674,Yes,High School,Medium
S2675,No,,High
S2676,Yes,High School,Low
S2677,Yes,,High
S2678,Yes,Bachelor's,Medium
S2679,Yes,Bachelor's,Medium
S2680,Yes,Master's,High
S2681,Yes,PhD,High
S2682,Yes,,Medium
S2683,No,Bachelor's,Low
S2684,No,None,Low
S2685,No,None,Medium
S2686,Yes,Master's,Low
S2687,Yes,Master's,Medium
S2688,Yes,Master's,Medium
S2689,Yes,,Medium
S2690,Yes,Bachelor's,Medium
S2691,Yes,Master's,Low
S2692,Yes,None,Low
S2693,Yes,,Medium
S2694,Yes,None,Medium
S2695,Yes,Master's,Low
S2696,Yes,,Low
S2697,Yes,PhD,Low
S2698,Yes,,Medium
S2699,Yes,High School,Medium
S2700,Yes,Master's,Low
S2701,Yes,Master's,Medium
S2702,Yes,High School,Medium
S2703,Yes,Bachelor's,Medium
S2704,Yes,High School,High
S2705,Yes,Bachelor's,Low
S2706,Yes,None,Low
S2707,Yes,Master's,Medium
S2708,Yes,Bachelor's,High
S2709,Yes,High School,Medium
S2710,Yes,None,Low
S2711,Yes,High School,High
S2712,Yes,None,Medium
S2713,Yes,PhD,Medium
S2714,Yes,,Medium
S2715,Yes,Bachelor's,Low
S2716,Yes,PhD,Medium
S2717,Yes,,Medium
S2718,Yes,None,High
S2719,Yes,,Low
S2720,Yes,Master's,Medium
S2721,Yes,Master's,Medium
S2722,No,Master's,High
S2723,Yes,PhD,Low
S2724,Yes,Master's,Medium
S2725,Yes,PhD,Medium
S2726,Yes,Master's,Medium
S2727,Yes,,High
S2728,Yes,PhD,Medium
S2729,Yes,Master's,Medium
S2730,Yes,,Medium
S2731,Yes,Master's,Low
S2732,Yes,High School,Low
S2733,Yes,High School,Low
S2734,Yes,None,Medium
S2735,No,Master's,Low
S2736,Yes,,Medium
S2737,Yes,None,Low
S2738,Yes,,Medium
S2739,Yes,High School,Low
S2740,Yes,,Low
S2741,Yes,Master's,Low
S2742,Yes,Bachelor's,High
S2743,Yes,Master's,Low
S2744,Yes,High School,Low
S2745,Yes,,High
S2746,Yes,Master's,Medium
S2747,No,,Medium
S2748,Yes,None,High
S2749,No,,Medium
S2750,Yes,High School,Medium
S2751,Yes,Bachelor's,Medium
S2752,Yes,None,Medium
S2753,Yes,Master's,High
S2754,No,Bachelor's,High
S2755,Yes,Master's,Medium
S2756,No,PhD,Low
S2757,Yes,High School,High
S2758,Yes,,Low
S2759,Yes,,Low
S2760,Yes,Bachelor's,Low
S2761,Yes,PhD,Low
S2762,Yes,,Medium
S2763,Yes,PhD,Low
S2764,Yes,Bachelor's,Low
S2765,Yes,Master's,Low
S2766,Yes,None,Low
S2767,Yes,PhD,Medium
S2768,Yes,High School,Medium
S2769,Yes,Bachelor's,Medium
S2770,Yes,,Medium
S2771,Yes,Master's,Low
S2772,Yes,High School,Medium
S2773,No,Bachelor's,Medium
S2774,Yes,Bachelor's,Low
S2775,Yes,High School,Medium
S2776,Yes,High School,Low
S2777,Yes,Master's,Low
S2778,Yes,,Medium
S2779,Yes,Bachelor's,Low
S2780,Yes,High School,Low
S2781,Yes,None,Low
S2782,No,,Low
S2783,Yes,Bachelor's,Low
S2784,Yes,Master's,Medium
S2785,No,Master's,Low
S2786,Yes,PhD,High
S2787,Yes,Master's,High
S2788,Yes,None,Medium
S2789,No,Master's,Low
S2790,Yes,PhD,High
S2791,Yes,Bachelor's,Medium
S2792,Yes,Master's,Low
S2793,Yes,PhD,Medium
S2794,Yes,Master's,Low
S2795,Yes,Master's,Medium
S2796,Yes,,Medium
S2797,Yes,PhD,Low
S2798,Yes,Master's,Low
S2799,Yes,Bachelor's,High
S2800,Yes,PhD,Medium
S2801,Yes,,Low
S2802,Yes,PhD,Medium
S2803,Yes,Master's,Low
S2804,Yes,Master's,High
S2805,Yes,PhD,Medium
S2806,Yes,Bachelor's,High
S2807,No,PhD,High
S2808,Yes,Master's,High
S2809,Yes,Master's,Low
S2810,Yes,None,High
S2811,Yes,Bachelor's,Low
S2812,Yes,None,Low
S2813,Yes,Master's,Low
S2814,Yes,Bachelor's,Medium
S2815,Yes,Bachelor's,Medium
S2816,Yes,,Medium
S2817,Yes,PhD,High
S2818,Yes,PhD,Medium
S2819,No,,Medium
S2820,No,Bachelor's,Medium
S2821,Yes,Bachelor's,Medium
S2822,Yes,Bachelor's,Medium
S2823,Yes,PhD,High
S2824,Yes,Master's,Low
S2825,Yes,Bachelor's,Medium
S2826,No,Bachelor's,Low
S2827,Yes,High School,Medium
S2828,Yes,None,High
S2829,Yes,PhD,Low
S2830,Yes,High School,High
S2831,Yes,Master's,Medium
S2832,Yes,None,Medium
S2833,Yes,Master's,Medium
S2834,Yes,,Low
S2835,Yes,,High
S2836,Yes,Bachelor's,Low
S2837,Yes,Bachelor's,Medium
S2838,Yes,Master's,High
S2839,No,Master's,Low
S2840,Yes,Master's,Medium
S2841,No,Master's,Low
S2842,Yes,,Low
S2843,Yes,High School,Low
S2844,Yes,High School,High
S2845,Yes,,Medium
S2846,Yes,Master's,Low
S2847,Yes,None,High
S2848,Yes,,Low
S2849,Yes,High School,Medium
S2850,Yes,,Medium
S2851,Yes,PhD,Medium
S2852,Yes,Master's,Low
S2853,Yes,Master's,Medium
S2854,Yes,,High
S2855,Yes,None,Low
S2856,Yes,,Low
S2857,Yes,Master's,High
S2858,Yes,,Low
S2859,Yes,,Low
S2860,Yes,High School,Low
S2861,Yes,Master's,Low
S2862,Yes,High School,Medium
S2863,Yes,High School,Low
S2864,Yes,PhD,Low
S2865,Yes,Master's,High
S2866,Yes,PhD,Medium
S2867,Yes,High School,Low
S2868,Yes,Master's,Low
S2869,Yes,,High
S2870,Yes,,High
S2871,Yes,None,High
S2872,Yes,PhD,High
S2873,Yes,High School,Medium
S2874,Yes,Bachelor's,Low
S2875,Yes,Master's,High
S2876,Yes,,Medium
S2877,Yes,None,Medium
S2878,Yes,High School,Medium
S2879,Yes,None,Medium
S2880,Yes,High School,Medium
S2881,Yes,,Low
S2882,Yes,,Low
S2883,Yes,Bachelor's,Medium
S2884,Yes,High School,Medium
S2885,Yes,High School,High
S2886,Yes,Master's,Medium
S2887,Yes,Master's,High
S2888,Yes,Bachelor's,Low
S2889,Yes,,High
S2890,Yes,Master's,Low
S2891,No,PhD,Medium
S2892,Yes,None,Low
S2893,Yes,,Low
S2894,Yes,,Low
S2895,Yes,Bachelor's,Medium
S2896,Yes,Master's,Low
S2897,Yes,Master's,High
S2898,Yes,None,Medium
S2899,Yes,Master's,Medium
S2900,Yes,Bachelor's,Medium
S2901,No,,Low
S2902,Yes,None,Medium
S2903,Yes,None,Medium
S2904,No,PhD,Low
S2905,Yes,High School,Medium
S2906,Yes,,Medium
S2907,Yes,PhD,Medium
S2908,No,Master's,Medium
S2909,Yes,,Medium
S2910,Yes,High School,Low
S2911,No,Master's,Low
S2912,Yes,Master's,Medium
S2913,Yes,High School,Low
S2914,Yes,,High
S2915,Yes,,Medium
S2916,Yes,Master's,Medium
S2917,Yes,,Low
S2918,Yes,None,Low
S2919,Yes,None,High
S2920,Yes,PhD,Low
S2921,Yes,High School,Low
S2922,No,Bachelor's,Low
S2923,Yes,PhD,Low
S2924,Yes,,Low
S2925,Yes,PhD,High
S2926,Yes,,Low
S2927,Yes,Master's,High
S2928,Yes,Bachelor's,Medium
S2929,No,High School,High
S2930,Yes,PhD,Medium
S2931,No,None,Low
S2932,Yes,,Medium
S2933,Yes,Bachelor's,Low
S2934,Yes,None,High
S2935,No,,High
S2936,Yes,Master's,Low
S2937,Yes,Master's,Medium
S2938,Yes,Master's,Medium
S2939,Yes,None,Medium
S2940,Yes,PhD,Low
S2941,Yes,Bachelor's,Low
S2942,Yes,PhD,High
S2943,Yes,Master's,Low
S2944,Yes,PhD,Low
S2945,Yes,Bachelor's,Low
S2946,Yes,PhD,Low
S2947,Yes,Master's,Medium
S2948,Yes,Master's,Medium
S2949,Yes,,Medium
S2950,Yes,High School,Medium
S2951,Yes,PhD,High
S2952,Yes,Master's,Low
S2953,Yes,PhD,Low
S2954,Yes,Bachelor's,Low
S2955,Yes,None,High
S2956,Yes,None,Medium
S2957,Yes,Master's,Low
S2958,Yes,Bachelor's,Low
S2959,Yes,Bachelor's,High
S2960,No,PhD,Low
S2961,Yes,,Low
S2962,Yes,None,Medium
S2963,Yes,Bachelor's,High
S2964,Yes,Bachelor's,Medium
S2965,Yes,None,Medium
S2966,Yes,PhD,Medium
S2967,No,,Medium
S2968,Yes,PhD,Medium
S2969,Yes,PhD,High
S2970,Yes,Master's,Low
S2971,Yes,PhD,Medium
S2972,Yes,PhD,Medium
S2973,Yes,Master's,High
S2974,Yes,Bachelor's,Medium
S2975,No,High School,Medium
S2976,Yes,,Low
S2977,Yes,High School,High
S2978,Yes,None,High
S2979,Yes,High School,Medium
S2980,Yes,None,Low
S2981,Yes,,Medium
S2982,Yes,PhD,Low
S2983,Yes,High School,Low
S2984,Yes,Bachelor's,Low
S2985,Yes,High School,Medium
S2986,Yes,,High
S2987,No,Bachelor's,Low
S2988,Yes,High School,High
S2989,No,None,Medium
S2990,Yes,None,High
S2991,Yes,PhD,Low
S2992,No,None,Medium
S2993,Yes,Bachelor's,Medium
S2994,Yes,,Medium
S2995,Yes,None,High
S2996,Yes,Bachelor's,High
S2997,Yes,Master's,Medium
S2998,Yes,High School,Low
S2999,Yes,None,Low
S3000,Yes,,Low
S3001,Yes,High School,Medium
S3002,Yes,PhD,Low
S3003,Yes,Bachelor's,High
S3004,Yes,Bachelor's,Low
S3005,Yes,Master's,Low
S3006,No,,High
S3007,Yes,,Medium
S3008,Yes,PhD,Medium
S3009,Yes,,High
S3010,Yes,PhD,High
S3011,Yes,Master's,High
S3012,Yes,High School,High
S3013,Yes,None,Low
S3014,Yes,Bachelor's,Medium
S3015,Yes,,Medium
S3016,Yes,Bachelor's,Medium
S3017,Yes,Bachelor's,Medium
S3018,Yes,None,High
S3019,Yes,Master's,Low
S3020,Yes,None,Medium
S3021,Yes,,Medium
S3022,Yes,High School,Low
S3023,Yes,High School,Low
S3024,Yes,,Medium
S3025,No,,High
S3026,Yes,PhD,Medium
S3027,Yes,Bachelor's,Medium
S3028,Yes,PhD,Medium
S3029,Yes,PhD,High
S3030,Yes,None,Low
S3031,Yes,None,Medium
S3032,Yes,,Medium
S3033,Yes,High School,Medium
S3034,Yes,Master's,Low
S3035,Yes,Bachelor's,High
S3036,Yes,High School,Low
S3037,Yes,None,Low
S3038,Yes,PhD,Low
S3039,Yes,None,Medium
S3040,Yes,,Medium
S3041,No,PhD,Low
S3042,Yes,Master's,Low
S3043,Yes,PhD,Low
S3044,Yes,,Medium
S3045,Yes,High School,High
S3046,Yes,None,Low
S3047,Yes,Bachelor's,Medium
S3048,No,,Low
S3049,Yes,Bachelor's,Medium
S3050,Yes,,Medium
S3051,Yes,High School,Medium
S3052,Yes,,Low
S3053,No,,High
S3054,Yes,High School,High
S3055,Yes,,High
S3056,Yes,None,Medium
S3057,No,PhD,Low
S3058,Yes,,Medium
S3059,Yes,High School,Medium
S3060,Yes,,High
S3061,Yes,PhD,Low
S3062,No,None,High
S3063,Yes,,Medium
S3064,Yes,,Low
S3065,Yes,PhD,Low
S3066,Yes,Master's,High
S3067,Yes,None,Low
S3068,Yes,Master's,Medium
S3069,Yes,,Medium
S3070,Yes,Master's,Low
S3071,Yes,PhD,Medium
S3072,Yes,Bachelor's,Low
S3073,Yes,High School,Medium
S3074,Yes,Bachelor's,Medium
S3075,Yes,Bachelor's,Low
S3076,Yes,PhD,Medium
S3077,Yes,Bachelor's,High
S3078,Yes,Bachelor's,Low
S3079,Yes,PhD,Medium
S3080,Yes,High School,Low
S3081,Yes,High School,High
S3082,Yes,,High
S3083,Yes,,Medium
S3084,Yes,PhD,Low
S3085,Yes,Master's,High
S3086,Yes,None,Medium
S3087,Yes,PhD,Medium
S3088,Yes,,Low
S3089,Yes,Bachelor's,Medium
S3090,Yes,High School,Medium
S3091,Yes,Bachelor's,Low
S3092,Yes,None,Low
S3093,No,Master's,Medium
S3094,Yes,Master's,Medium
S3095,Yes,PhD,Low
S3096,Yes,None,Low
S3097,Yes,PhD,Low
S3098,Yes,None,High
S3099,Yes,None,Low
S3100,Yes,Master's,High
S3101,Yes,None,Medium
S3102,Yes,None,Medium
S3103,Yes,,High
S3104,Yes,None,Low
S3105,Yes,,Medium
S3106,Yes,Master's,Medium
S3107,Yes,Master's,High
S3108,Yes,Bachelor's,Low
S3109,Yes,PhD,Medium
S3110,No,None,High
S3111,Yes,Bachelor's,Low
S3112,Yes,,High
S3113,Yes,Master's,High
S3114,Yes,Master's,Low
S3115,Yes,None,Low
S3116,Yes,Bachelor's,Low
S3117,Yes,Bachelor's,Low
S3118,Yes,High School,Medium
S3119,No,PhD,High
S3120,Yes,Master's,Medium
S3121,Yes,High School,Medium
S3122,Yes,None,Low
S3123,Yes,High School,Medium
S3124,Yes,Master's,Medium
S3125,Yes,,Medium
S3126,Yes,,Medium
S3127,Yes,High School,High
S3128,Yes,Master's,Medium
S3129,Yes,,Low
S3130,Yes,High School,Low
S3131,Yes,Bachelor's,Low
S3132,Yes,,Low
S3133,Yes,PhD,Low
S3134,Yes,PhD,Medium
S3135,No,High School,Low
S3136,No,PhD,Medium
S3137,No,,Low
S3138,Yes,Bachelor's,Medium
S3139,Yes,PhD,High
S3140,Yes,PhD,Medium
S3141,Yes,,Medium
S3142,Yes,None,Medium
S3143,Yes,High School,Low
S3144,Yes,,Low
S3145,Yes,,High
S3146,No,Bachelor's,Medium
S3147,Yes,High School,Low
S3148,Yes,High School,Low
S3149,No,Master's,Medium
S3150,No,None,High
S3151,Yes,Master's,Medium
S3152,Yes,,Low
S3153,Yes,,Medium
S3154,Yes,,Low
S3155,Yes,PhD,Low
S3156,Yes,Master's,Low
S3157,Yes,,Medium
S3158,Yes,PhD,Medium
S3159,Yes,High School,Medium
S3160,Yes,None,Medium
S3161,Yes,High School,Medium
S3162,Yes,High School,High
S3163,Yes,None,Low
S3164,No,None,Low
S3165,Yes,,Low
S3166,Yes,,Low
S3167,Yes,Bachelor's,Low
S3168,Yes,PhD,High
S3169,Yes,,Low
S3170,No,Master's,Low
S3171,Yes,,Medium
S3172,Yes,PhD,Low
S3173,Yes,PhD,Low
S3174,Yes,PhD,Low
S3175,Yes,None,High
S3176,Yes,None,Low
S3177,Yes,PhD,Low
S3178,Yes,,High
S3179,Yes,None,Low
S3180,Yes,PhD,Medium
S3181,No,Master's,Low
S3182,Yes,PhD,Medium
S3183,Yes,,Medium
S3184,Yes,PhD,Low
S3185,Yes,,High
S3186,Yes,Master's,Medium
S3187,Yes,Master's,Medium
S3188,Yes,,Medium
S3189,Yes,PhD,Medium
S3190,No,None,Medium
S3191,Yes,Bachelor's,Low
S3192,No,Bachelor's,Low
S3193,Yes,High School,Low
S3194,Yes,,Low
S3195,Yes,,High
S3196,Yes,Bachelor's,High
S3197,Yes,,Low
S3198,Yes,Master's,Low
S3199,Yes,,Medium
S3200,No,Master's,Low
S3201,Yes,Master's,Medium
S3202,Yes,High School,Medium
S3203,Yes,,Medium
S3204,Yes,High School,Medium
S3205,Yes,Bachelor's,Low
S3206,Yes,None,Low
S3207,Yes,High School,Low
S3208,Yes,None,Medium
S3209,Yes,,Low
S3210,Yes,None,High
S3211,Yes,,Low
S3212,Yes,PhD,Medium
S3213,Yes,Bachelor's,Low
S3214,Yes,,High
S3215,Yes,Master's,Low
S3216,Yes,High School,Medium
S3217,Yes,,High
S3218,Yes,,Low
S3219,Yes,Bachelor's,Medium
S3220,Yes,None,Medium
S3221,Yes,PhD,Low
S3222,No,Master's,Medium
S3223,Yes,High School,Medium
S3224,Yes,None,Low
S3225,Yes,Master's,Medium
S3226,Yes,Master's,Medium
S3227,Yes,Bachelor's,Medium
S3228,No,Master's,High
S3229,Yes,,Medium
S3230,Yes,Master's,Medium
S3231,Yes,,High
S3232,Yes,None,Medium
S3233,Yes,Master's,Medium
S3234,Yes,Bachelor's,Low
S3235,Yes,Master's,Low
S3236,Yes,PhD,Medium
S3237,Yes,PhD,High
S3238,Yes,High School,Low
S3239,Yes,PhD,Medium
S3240,Yes,High School,Low
S3241,Yes,High School,Medium
S3242,Yes,High School,Medium
S3243,Yes,High School,Medium
S3244,Yes,,Low
S3245,Yes,None,Low
S3246,Yes,PhD,High
S3247,Yes,PhD,Medium
S3248,Yes,PhD,Low
S3249,Yes,High School,Low
S3250,Yes,Bachelor's,Low
S3251,Yes,None,Medium
S3252,Yes,Bachelor's,Medium
S3253,No,Bachelor's,High
S3254,Yes,PhD,High
S3255,No,Bachelor's,Medium
S3256,Yes,Master's,Medium
S3257,Yes,Bachelor's,Medium
S3258,Yes,,Medium
S3259,Yes,PhD,Medium
S3260,Yes,Bachelor's,Low
S3261,Yes,High School,Low
S3262,Yes,,High
S3263,Yes,Master's,Medium
S3264,No,,Medium
S3265,Yes,High School,High
S3266,Yes,Bachelor's,Medium
S3267,Yes,PhD,Low
S3268,Yes,None,Medium
S3269,Yes,Bachelor's,Low
S3270,Yes,,Low
S3271,Yes,,High
S3272,Yes,,Medium
S3273,Yes,High School,High
S3274,Yes,None,High
S3275,Yes,Master's,Medium
S3276,Yes,High School,High
S3277,Yes,PhD,Medium
S3278,No,Master's,Low
S3279,Yes,Bachelor's,Medium
S3280,Yes,None,Low
S3281,Yes,Master's,Low
S3282,Yes,High School,Low
S3283,Yes,Master's,Medium
S3284,Yes,PhD,Low
S3285,Yes,,Low
S3286,Yes,,Medium
S3287,No,None,Medium
S3288,Yes,Bachelor's,Low
S3289,Yes,,High
S3290,Yes,,Medium
S3291,Yes,,High
S3292,Yes,,Low
S3293,Yes,High School,High
S3294,Yes,Bachelor's,High
S3295,Yes,Master's,Medium
S3296,Yes,,High
S3297,Yes,,Medium
S3298,Yes,Master's,Low
S3299,Yes,,High
S3300,Yes,Master's,Medium
S3301,Yes,,Low
S3302,No,,Low
S3303,Yes,PhD,Medium
S3304,Yes,PhD,Medium
S3305,Yes,Bachelor's,High
S3306,Yes,,Medium
S3307,Yes,,Medium
S3308,Yes,,Medium
S3309,Yes,Bachelor's,Medium
S3310,Yes,High School,Medium
S3311,Yes,None,Medium
S3312,Yes,High School,High
S3313,No,None,Medium
S3314,Yes,Bachelor's,Medium
S3315,Yes,PhD,High
S3316,Yes,PhD,High
S3317,No,Bachelor's,Low
S3318,Yes,None,Medium
S3319,No,Bachelor's,High
S3320,Yes,,High
S3321,Yes,Bachelor's,Low
S3322,Yes,,Medium
S3323,Yes,,Low
S3324,Yes,None,Medium
S3325,Yes,Master's,High
S3326,Yes,PhD,Medium
S3327,Yes,Master's,Medium
S3328,Yes,Bachelor's,High
S3329,Yes,None,Medium
S3330,Yes,PhD,Low
S3331,Yes,Bachelor's,Medium
S3332,Yes,Master's,Low
S3333,Yes,PhD,Medium
S3334,Yes,Bachelor's,Low
S3335,Yes,PhD,Low
S3336,Yes,High School,Low
S3337,Yes,PhD,Medium
S3338,Yes,High School,High
S3339,Yes,PhD,Low
S3340,No,PhD,High
S3341,Yes,PhD,Low
S3342,Yes,High School,High
S3343,Yes,Bachelor's,High
S3344,No,Master's,Low
S3345,Yes,PhD,High
S3346,Yes,Master's,Medium
S3347,Yes,Master's,Medium
S3348,Yes,PhD,Medium
S3349,Yes,High School,Low
S3350,Yes,None,Medium
S3351,Yes,None,Low
S3352,Yes,None,Medium
S3353,Yes,PhD,Medium
S3354,Yes,Master's,Medium
S3355,No,,Medium
S3356,Yes,PhD,High
S3357,Yes,PhD,High
S3358,Yes,,Medium
S3359,Yes,High School,Low
S3360,Yes,Bachelor's,Low
S3361,Yes,High School,High
S3362,Yes,Master's,High
S3363,Yes,PhD,Low
S3364,Yes,High School,Medium
S3365,Yes,None,Medium
S3366,Yes,Bachelor's,Medium
S3367,Yes,PhD,High
S3368,Yes,High School,Low
S3369,Yes,,High
S3370,Yes,None,Low
S3371,Yes,High School,Medium
S3372,Yes,High School,Low
S3373,Yes,Master's,High
S3374,No,PhD,Low
S3375,Yes,None,Low
S3376,Yes,Master's,High
S3377,Yes,,Medium
S3378,Yes,High School,High
S3379,Yes,,Medium
S3380,Yes,None,Low
S3381,Yes,PhD,Medium
S3382,Yes,,Low
S3383,Yes,None,Low
S3384,Yes,Bachelor's,Low
S3385,Yes,Master's,High
S3386,Yes,None,Low
S3387,Yes,,Low
S3388,Yes,Master's,High
S3389,Yes,None,Medium
S3390,Yes,High School,Medium
S3391,Yes,None,High
S3392,Yes,High School,Medium
S3393,Yes,High School,High
S3394,Yes,High School,Medium
S3395,Yes,Master's,Medium
S3396,Yes,High School,Medium
S3397,Yes,None,Medium
S3398,Yes,,Low
S3399,Yes,High School,Low
S3400,Yes,,Low
S3401,Yes,None,Low
S3402,Yes,Bachelor's,Medium
S3403,Yes,None,Medium
S3404,Yes,,Medium
S3405,Yes,None,High
S3406,Yes,High School,Medium
S3407,Yes,Bachelor's,Low
S3408,Yes,Bachelor's,Low
S3409,Yes,,Low
S3410,Yes,High School,High
S3411,Yes,PhD,Medium
S3412,Yes,High School,High
S3413,Yes,PhD,Low
S3414,Yes,High School,Medium
S3415,Yes,None,Medium
S3416,No,,High
S3417,Yes,,Medium
S3418,Yes,Master's,Medium
S3419,Yes,None,High
S3420,Yes,Bachelor's,High
S3421,Yes,,Low
S3422,Yes,None,Medium
S3423,Yes,PhD,Low
S3424,No,Bachelor's,High
S3425,Yes,PhD,High
S3426,Yes,None,Medium
S3427,Yes,None,High
S3428,Yes,,Medium
S3429,Yes,None,Medium
S3430,Yes,PhD,Medium
S3431,Yes,Master's,Medium
S3432,Yes,None,High
S3433,Yes,,Low
S3434,Yes,PhD,High
S3435,Yes,,Low
S3436,Yes,High School,Medium
S3437,Yes,PhD,Low
S3438,Yes,PhD,Low
S3439,Yes,None,High
S3440,No,PhD,Medium
S3441,Yes,Bachelor's,Medium
S3442,Yes,High School,Medium
S3443,Yes,Bachelor's,Medium
S3444,Yes,Bachelor's,Medium
S3445,Yes,None,Medium
S3446,Yes,PhD,High
S3447,Yes,High School,High
S3448,Yes,High School,Low
S3449,Yes,High School,Medium
S3450,Yes,Bachelor's,Medium
S3451,Yes,High School,Low
S3452,Yes,High School,High
S3453,Yes,,Low
S3454,Yes,None,Low
S3455,Yes,Bachelor's,Low
S3456,Yes,Bachelor's,High
S3457,Yes,,Medium
S3458,Yes,Master's,Low
S3459,Yes,Master's,Medium
S3460,Yes,PhD,Low
S3461,Yes,PhD,Low
S3462,Yes,Bachelor's,High
S3463,Yes,,High
S3464,Yes,Master's,High
S3465,Yes,PhD,Low
S3466,Yes,Master's,Medium
S3467,No,Master's,Low
S3468,Yes,Bachelor's,Medium
S3469,Yes,PhD,High
S3470,Yes,,Low
S3471,Yes,,Medium
S3472,Yes,,Medium
S3473,Yes,Master's,Medium
S3474,Yes,Bachelor's,Low
S3475,Yes,High School,Low
S3476,No,,Medium
S3477,Yes,PhD,Medium
S3478,Yes,Master's,Medium
S3479,Yes,Master's,Low
S3480,Yes,PhD,Low
S3481,Yes,Master's,High
S3482,Yes,Bachelor's,Low
S3483,No,PhD,Medium
S3484,Yes,PhD,Medium
S3485,No,None,Low
S3486,Yes,Master's,Medium
S3487,Yes,None,High
S3488,Yes,Master's,Low
S3489,Yes,High School,Medium
S3490,Yes,PhD,Low
S3491,Yes,None,High
S3492,Yes,,Low
S3493,Yes,None,Low
S3494,Yes,None,Low
S3495,Yes,High School,Low
S3496,Yes,PhD,Medium
S3497,Yes,Bachelor's,Medium
S3498,Yes,Master's,Medium
S3499,Yes,PhD,High
S3500,Yes,Master's,Low
S3501,Yes,,Medium
S3502,Yes,Bachelor's,Low
S3503,Yes,Master's,Medium
S3504,Yes,Master's,High
S3505,Yes,Master's,High
S3506,Yes,Bachelor's,Medium
S3507,Yes,Bachelor's,High
S3508,Yes,Bachelor's,Medium
S3509,Yes,,High
S3510,Yes,Master's,High
S3511,Yes,PhD,Low
S3512,Yes,,Medium
S3513,Yes,,Low
S3514,Yes,,Low
S3515,Yes,Bachelor's,Medium
S3516,Yes,None,Low
S3517,Yes,Master's,Low
S3518,Yes,Bachelor's,Medium
S3519,Yes,Master's,Low
S3520,Yes,PhD,High
S3521,Yes,None,High
S3522,Yes,Master's,High
S3523,No,,High
S3524,Yes,Bachelor's,Medium
S3525,Yes,Master's,Medium
S3526,Yes,High School,Low
S3527,Yes,Master's,Low
S3528,Yes,,Medium
S3529,Yes,Bachelor's,Medium
S3530,No,,Low
S3531,Yes,,Low
S3532,Yes,None,Low
S3533,No,,Low
S3534,Yes,,High
S3535,Yes,Master's,Medium
S3536,Yes,None,Low
S3537,Yes,Bachelor's,Low
S3538,Yes,High School,Low
S3539,Yes,High School,Medium
S3540,Yes,Bachelor's,Low
S3541,Yes,None,Medium
S3542,Yes,PhD,Medium
S3543,Yes,High School,Low
S3544,Yes,Master's,Medium
S3545,Yes,High School,Medium
S3546,Yes,PhD,High
S3547,Yes,Bachelor's,Medium
S3548,Yes,None,Medium
S3549,Yes,,Medium
S3550,Yes,Bachelor's,Low
S3551,Yes,None,High
S3552,Yes,Bachelor's,Medium
S3553,Yes,Bachelor's,Medium
S3554,Yes,High School,Medium
S3555,Yes,Master's,Low
S3556,No,None,High
S3557,No,High School,High
S3558,No,PhD,Low
S3559,Yes,High School,Medium
S3560,Yes,High School,Low
S3561,Yes,Bachelor's,Low
S3562,Yes,Master's,Low
S3563,Yes,High School,High
S3564,Yes,,Medium
S3565,Yes,Bachelor's,Medium
S3566,Yes,High School,High
S3567,Yes,,Medium
S3568,Yes,None,Low
S3569,Yes,High School,Low
S3570,No,None,Low
S3571,Yes,None,Low
S3572,Yes,PhD,High
S3573,Yes,Bachelor's,Medium
S3574,No,Master's,Low
S3575,Yes,Master's,Medium
S3576,Yes,High School,Low
S3577,Yes,PhD,Low
S3578,No,None,Low
S3579,Yes,High School,High
S3580,Yes,Bachelor's,Low
S3581,Yes,Master's,High
S3582,Yes,Master's,Medium
S3583,No,None,Medium
S3584,Yes,,High
S3585,Yes,,Low
S3586,Yes,Master's,High
S3587,Yes,Bachelor's,Low
S3588,Yes,PhD,High
S3589,Yes,,High
S3590,Yes,Master's,High
S3591,Yes,Master's,High
S3592,Yes,High School,Low
S3593,Yes,None,High
S3594,Yes,Master's,Low
S3595,No,Master's,Medium
S3596,Yes,Master's,High
S3597,Yes,None,Low
S3598,Yes,Master's,Low
S3599,Yes,Master's,High
S3600,No,High School,Low
S3601,Yes,Bachelor's,Low
S3602,Yes,PhD,Medium
S3603,No,,High
S3604,Yes,,High
S3605,No,,Medium
S3606,Yes,Bachelor's,Medium
S3607,Yes,,High
S3608,Yes,High School,Medium
S3609,Yes,None,Medium
S3610,Yes,Bachelor's,Low
S3611,No,None,High
S3612,No,High School,Medium
S3613,No,Master's,Medium
S3614,Yes,None,Low
S3615,Yes,Bachelor's,Medium
S3616,Yes,None,Medium
S3617,Yes,High School,Low
S3618,Yes,None,High
S3619,Yes,Master's,High
S3620,Yes,,Low
S3621,Yes,,Low
S3622,No,PhD,Low
S3623,Yes,,Medium
S3624,Yes,High School,Medium
S3625,No,Master's,Medium
S3626,No,Bachelor's,Low
S3627,Yes,Master's,Low
S3628,Yes,,Medium
S3629,Yes,High School,High
S3630,No,PhD,High
S3631,Yes,Bachelor's,Medium
S3632,Yes,High School,Low
S3633,Yes,High School,Low
S3634,Yes,High School,Medium
S3635,Yes,None,Low
S3636,Yes,,Low
S3637,Yes,PhD,High
S3638,Yes,PhD,Low
S3639,No,Bachelor's,High
S3640,Yes,None,Low
S3641,Yes,Master's,Low
S3642,Yes,PhD,Medium
S3643,Yes,Master's,Low
S3644,Yes,,High
S3645,Yes,High School,Medium
S3646,Yes,High School,Medium
S3647,Yes,PhD,Medium
S3648,Yes,High School,High
S3649,No,None,High
S3650,No,High School,Medium
S3651,Yes,,High
S3652,Yes,None,Medium
S3653,Yes,,Medium
S3654,Yes,High School,Low
S3655,Yes,None,Low
S3656,Yes,High School,Medium
S3657,Yes,None,Low
S3658,Yes,Master's,Medium
S3659,Yes,None,Medium
S3660,Yes,Master's,Low
S3661,Yes,High School,Medium
S3662,No,None,Medium
S3663,Yes,PhD,Low
S3664,Yes,,Low
S3665,Yes,None,Low
S3666,Yes,None,Medium
S3667,Yes,Bachelor's,Medium
S3668,Yes,PhD,Low
S3669,Yes,,Low
S3670,Yes,None,Low
S3671,No,,High
S3672,Yes,,Medium
S3673,Yes,None,Medium
S3674,Yes,None,Medium
S3675,Yes,None,Medium
S3676,Yes,Master's,High
S3677,Yes,Bachelor's,High
S3678,Yes,PhD,Medium
S3679,Yes,Master's,Low
S3680,Yes,None,Medium
S3681,No,PhD,Medium
S3682,Yes,Master's,Low
S3683,Yes,Bachelor's,Medium
S3684,No,Master's,Low
S3685,Yes,High School,Low
S3686,Yes,None,Low
S3687,No,Master's,Medium
S3688,Yes,,Low
S3689,Yes,None,High
S3690,Yes,High School,Low
S3691,Yes,High School,Low
S3692,Yes,Master's,High
S3693,Yes,,Medium
S3694,Yes,Master's,Low
S3695,Yes,High School,Low
S3696,Yes,,Low
S3697,Yes,Master's,Medium
S3698,Yes,,Medium
S3699,Yes,None,Medium
S3700,Yes,High School,Medium
S3701,Yes,Master's,Low
S3702,Yes,,High
S3703,Yes,Master's,High
S3704,Yes,None,High
S3705,Yes,None,Medium
S3706,Yes,Bachelor's,High
S3707,Yes,Master's,Medium
S3708,Yes,None,Medium
S3709,Yes,High School,Medium
S3710,Yes,None,Medium
S3711,Yes,,Medium
S3712,Yes,,Low
S3713,Yes,PhD,Low
S3714,Yes,High School,High
S3715,Yes,PhD,Low
S3716,Yes,Bachelor's,Low
S3717,No,Master's,Low
S3718,Yes,,Low
S3719,Yes,,Medium
S3720,Yes,None,Medium
S3721,Yes,Bachelor's,Medium
S3722,Yes,Bachelor's,Low
S3723,Yes,High School,Low
S3724,Yes,High School,Medium
S3725,Yes,Master's,Low
S3726,Yes,,High
S3727,Yes,Master's,Medium
S3728,Yes,PhD,Medium
S3729,Yes,High School,Low
S3730,Yes,Master's,High
S3731,Yes,Bachelor's,Medium
S3732,Yes,,Medium
S3733,Yes,High School,Medium
S3734,Yes,,High
S3735,Yes,,Low
S3736,Yes,Master's,Low
S3737,Yes,High School,Low
S3738,Yes,PhD,Medium
S3739,Yes,None,Low
S3740,Yes,PhD,Medium
S3741,Yes,Master's,Medium
S3742,Yes,Master's,Medium
S3743,Yes,None,Medium
S3744,Yes,Master's,Medium
S3745,Yes,PhD,High
S3746,Yes,High School,Low
S3747,Yes,PhD,Medium
S3748,Yes,PhD,Medium
S3749,No,PhD,Low
S3750,Yes,,Low
S3751,Yes,Master's,High
S3752,Yes,PhD,Medium
S3753,Yes,,Low
S3754,Yes,Master's,High
S3755,Yes,High School,Medium
S3756,Yes,High School,Medium
S3757,Yes,PhD,Medium
S3758,Yes,,Low
S3759,Yes,,Low
S3760,Yes,High School,Low
S3761,Yes,High School,Low
S3762,Yes,High School,High
S3763,No,Bachelor's,Low
S3764,Yes,PhD,Low
S3765,Yes,None,Medium
S3766,Yes,Master's,High
S3767,Yes,None,Low
S3768,Yes,,High
S3769,Yes,Bachelor's,Low
S3770,Yes,High School,Low
S3771,No,None,Medium
S3772,Yes,High School,Low
S3773,Yes,PhD,High
S3774,Yes,,High
S3775,Yes,,Medium
S3776,Yes,PhD,Low
S3777,Yes,,Low
S3778,Yes,,Medium
S3779,Yes,Bachelor's,Low
S3780,Yes,,Medium
S3781,Yes,PhD,Low
S3782,Yes,PhD,Medium
S3783,Yes,Master's,Low
S3784,Yes,High School,Low
S3785,Yes,PhD,Medium
S3786,Yes,Master's,Medium
S3787,Yes,None,Medium
S3788,Yes,Bachelor's,Low
S3789,Yes,PhD,Low
S3790,Yes,Master's,Low
S3791,Yes,PhD,Medium
S3792,Yes,High School,Low
S3793,Yes,PhD,High
S3794,Yes,PhD,High
S3795,Yes,High School,High
S3796,Yes,PhD,High
S3797,No,High School,Medium
S3798,Yes,Master's,High
S3799,Yes,,Medium
S3800,Yes,Bachelor's,Low
S3801,Yes,,Medium
S3802,No,None,Medium
S3803,Yes,None,Low
S3804,Yes,Bachelor's,Medium
S3805,Yes,,High
S3806,Yes,PhD,Medium
S3807,No,Master's,Medium
S3808,Yes,High School,Medium
S3809,Yes,Master's,Medium
S3810,Yes,,Low
S3811,Yes,,Medium
S3812,Yes,PhD,Low
S3813,Yes,Bachelor's,Low
S3814,Yes,High School,High
S3815,Yes,PhD,Low
S3816,Yes,Bachelor's,High
S3817,Yes,PhD,High
S3818,No,None,Low
S3819,No,PhD,High
S3820,Yes,None,Medium
S3821,Yes,Master's,Low
S3822,No,None,Medium
S3823,Yes,None,High
S3824,Yes,None,Medium
S3825,Yes,PhD,Medium
S3826,Yes,High School,Low
S3827,Yes,None,Medium
S3828,Yes,Bachelor's,Low
S3829,Yes,PhD,Low
S3830,Yes,High School,Medium
S3831,Yes,High School,Medium
S3832,Yes,PhD,Low
S3833,Yes,,Medium
S3834,Yes,Master's,Low
S3835,No,PhD,Medium
S3836,Yes,High School,Medium
S3837,Yes,,Medium
S3838,Yes,High School,Medium
S3839,Yes,,Low
S3840,Yes,Master's,Medium
S3841,No,PhD,High
S3842,Yes,PhD,High
S3843,Yes,Bachelor's,Medium
S3844,Yes,Master's,High
S3845,Yes,Bachelor's,Medium
S3846,Yes,PhD,Low
S3847,Yes,Bachelor's,Medium
S3848,Yes,Master's,High
S3849,Yes,PhD,Low
S3850,Yes,High School,Low
S3851,Yes,PhD,High
S3852,Yes,Bachelor's,Medium
S3853,Yes,Bachelor's,Low
S3854,No,PhD,Medium
S3855,Yes,,Low
S3856,Yes,None,Low
S3857,Yes,,Low
S3858,Yes,High School,Low
S3859,Yes,High School,Medium
S3860,Yes,High School,Low
S3861,Yes,PhD,High
S3862,Yes,,Medium
S3863,Yes,Master's,Low
S3864,Yes,None,Low
S3865,No,Master's,High
S3866,Yes,None,Medium
S3867,Yes,Bachelor's,Medium
S3868,Yes,Master's,Low
S3869,Yes,PhD,Low
S3870,Yes,Bachelor's,Medium
S3871,Yes,Master's,Medium
S3872,No,Bachelor's,High
S3873,Yes,Bachelor's,High
S3874,Yes,,Low
S3875,Yes,,High
S3876,Yes,,High
S3877,Yes,PhD,Medium
S3878,No,High School,Low
S3879,No,,Low
S3880,Yes,None,Low
S3881,Yes,PhD,Low
S3882,Yes,High School,High
S3883,Yes,PhD,High
S3884,Yes,Bachelor's,Medium
S3885,Yes,PhD,Medium
S3886,Yes,,Medium
S3887,No,Master's,Medium
S3888,No,None,Medium
S3889,Yes,PhD,Low
S3890,Yes,Bachelor's,Medium
S3891,Yes,Bachelor's,Low
S3892,No,Master's,Low
S3893,Yes,,Medium
S3894,Yes,Bachelor's,Medium
S3895,Yes,High School,Medium
S3896,Yes,Bachelor's,Medium
S3897,Yes,PhD,Low
S3898,Yes,Master's,High
S3899,Yes,High School,Medium
S3900,Yes,Bachelor's,High
S3901,Yes,None,High
S3902,Yes,None,Low
S3903,Yes,Master's,High
S3904,Yes,High School,High
S3905,Yes,None,Low
S3906,Yes,,Low
S3907,Yes,,High
S3908,Yes,,Low
S3909,Yes,Bachelor's,High
S3910,Yes,Bachelor's,Low
S3911,No,Master's,Medium
S3912,Yes,Bachelor's,Medium
S3913,Yes,High School,High
S3914,Yes,High School,Medium
S3915,Yes,PhD,Low
S3916,Yes,None,Medium
S3917,Yes,None,Low
S3918,Yes,PhD,Medium
S3919,Yes,PhD,Medium
S3920,Yes,,Low
S3921,No,Master's,Medium
S3922,Yes,None,Low
S3923,Yes,None,High
S3924,Yes,PhD,Low
S3925,Yes,PhD,Medium
S3926,Yes,None,High
S3927,Yes,None,High
S3928,Yes,Bachelor's,Medium
S3929,Yes,None,Low
S3930,Yes,PhD,Medium
S3931,Yes,High School,High
S3932,Yes,,Low
S3933,Yes,High School,Low
S3934,Yes,Bachelor's,Medium
S3935,Yes,High School,Medium
S3936,Yes,Master's,Low
S3937,Yes,,Medium
S3938,Yes,Bachelor's,Low
S3939,Yes,High School,Low
S3940,Yes,PhD,High
S3941,Yes,,Medium
S3942,No,,Low
S3943,Yes,Bachelor's,High
S3944,Yes,Master's,Low
S3945,Yes,PhD,Low
S3946,Yes,High School,High
S3947,No,Master's,Low
S3948,Yes,,High
S3949,Yes,High School,Medium
S3950,Yes,Bachelor's,Medium
S3951,Yes,,Medium
S3952,Yes,Master's,Medium
S3953,Yes,High School,High
S3954,Yes,Bachelor's,Low
S3955,Yes,Master's,High
S3956,Yes,,High
S3957,Yes,None,Medium
S3958,Yes,None,Low
S3959,Yes,Master's,Low
S3960,Yes,None,Low
S3961,Yes,PhD,Low
S3962,No,Master's,Low
S3963,Yes,Master's,Medium
S3964,Yes,High School,Medium
S3965,Yes,PhD,High
S3966,Yes,Master's,Medium
S3967,Yes,Bachelor's,Low
S3968,Yes,Master's,Low
S3969,Yes,PhD,Medium
S3970,Yes,Master's,Medium
S3971,Yes,None,Medium
S3972,No,PhD,Low
S3973,Yes,Bachelor's,High
S3974,Yes,PhD,Low
S3975,Yes,Master's,Low
S3976,Yes,Bachelor's,Medium
S3977,No,Bachelor's,Medium
S3978,Yes,Bachelor's,Medium
S3979,Yes,,Low
S3980,Yes,PhD,Low
S3981,Yes,Master's,Low
S3982,Yes,None,Medium
S3983,Yes,Bachelor's,Medium
S3984,No,Master's,Medium
S3985,Yes,High School,High
S3986,Yes,Master's,Low
S3987,Yes,,Medium
S3988,Yes,,Low
S3989,Yes,Bachelor's,Medium
S3990,Yes,High School,Medium
S3991,Yes,None,Medium
S3992,Yes,Bachelor's,Low
S3993,No,High School,Low
S3994,Yes,PhD,High
S3995,Yes,None,High
S3996,Yes,PhD,Low
S3997,Yes,Master's,Medium
S3998,Yes,None,Low
S3999,Yes,PhD,Medium
S4000,Yes,PhD,Medium
S4001,Yes,Bachelor's,Low
S4002,No,Master's,Medium
S4003,Yes,None,Medium
S4004,Yes,None,Low
S4005,Yes,None,Medium
S4006,Yes,High School,Low
S4007,Yes,None,High
S4008,Yes,High School,Low
S4009,Yes,,Low
S4010,Yes,High School,Low
S4011,Yes,Master's,High
S4012,Yes,High School,Medium
S4013,Yes,Master's,Medium
S4014,Yes,Master's,Low
S4015,Yes,,Low
S4016,Yes,Master's,Medium
S4017,Yes,None,Low
S4018,Yes,Master's,High
S4019,Yes,PhD,Medium
S4020,Yes,Bachelor's,Low
S4021,Yes,,Low
S4022,Yes,None,Low
S4023,Yes,Master's,Low
S4024,Yes,High School,Low
S4025,Yes,None,Low
S4026,Yes,Bachelor's,High
S4027,No,High School,Low
S4028,No,High School,High
S4029,Yes,Master's,Medium
S4030,No,Bachelor's,High
S4031,Yes,Bachelor's,Medium
S4032,Yes,High School,Low
S4033,Yes,Bachelor's,High
S4034,Yes,,Low
S4035,Yes,Master's,Low
S4036,Yes,Master's,High
S4037,Yes,PhD,Low
S4038,Yes,PhD,Medium
S4039,Yes,Bachelor's,High
S4040,Yes,,Medium
S4041,No,Bachelor's,Medium
S4042,Yes,PhD,Medium
S4043,Yes,,Medium
S4044,No,Master's,High
S4045,Yes,Master's,Medium
S4046,Yes,,Medium
S4047,Yes,PhD,Medium
S4048,Yes,High School,Medium
S4049,Yes,Bachelor's,High
S4050,Yes,Master's,Low
S4051,Yes,PhD,Low
S4052,No,High School,Medium
S4053,Yes,,Low
S4054,Yes,,High
S4055,Yes,None,High
S4056,Yes,PhD,Low
S4057,Yes,,Low
S4058,Yes,Master's,Medium
S4059,Yes,,Low
S4060,Yes,High School,High
S4061,Yes,Master's,Low
S4062,Yes,PhD,High
S4063,Yes,Bachelor's,Medium
S4064,Yes,PhD,Medium
S4065,No,PhD,Low
S4066,Yes,PhD,High
S4067,Yes,Bachelor's,Low
S4068,Yes,Master's,Low
S4069,Yes,PhD,Low
S4070,Yes,High School,Medium
S4071,Yes,Master's,Low
S4072,Yes,PhD,Medium
S4073,Yes,Bachelor's,High
S4074,Yes,PhD,Medium
S4075,Yes,PhD,Low
S4076,Yes,None,Low
S4077,Yes,,Low
S4078,Yes,Master's,High
S4079,Yes,None,Low
S4080,Yes,Bachelor's,Low
S4081,Yes,None,High
S4082,Yes,Bachelor's,Medium
S4083,No,PhD,Medium
S4084,Yes,Master's,High
S4085,Yes,None,Medium
S4086,Yes,None,Low
S4087,Yes,Master's,Medium
S4088,Yes,Bachelor's,Low
S4089,Yes,Bachelor's,Medium
S4090,Yes,,High
S4091,Yes,Bachelor's,High
S4092,Yes,Bachelor's,Medium
S4093,Yes,None,Medium
S4094,Yes,None,Low
S4095,Yes,,Medium
S4096,Yes,High School,Low
S4097,Yes,None,Medium
S4098,Yes,High School,Medium
S4099,Yes,,Medium
S4100,Yes,Bachelor's,Low
S4101,Yes,High School,Low
S4102,Yes,PhD,Low
S4103,Yes,Bachelor's,Low
S4104,Yes,,Low
S4105,Yes,,High
S4106,Yes,Master's,Medium
S4107,No,Master's,High
S4108,Yes,High School,Medium
S4109,Yes,High School,Low
S4110,Yes,Bachelor's,Low
S4111,Yes,,Low
S4112,Yes,High School,Medium
S4113,Yes,None,Low
S4114,No,None,Low
S4115,Yes,High School,High
S4116,Yes,,Low
S4117,Yes,,Medium
S4118,Yes,,Low
S4119,Yes,,High
S4120,Yes,,Medium
S4121,Yes,,Medium
S4122,Yes,Master's,High
S4123,Yes,,Medium
S4124,Yes,,High
S4125,No,PhD,High
S4126,Yes,None,Low
S4127,No,,Low
S4128,Yes,Master's,Medium
S4129,Yes,Master's,Medium
S4130,Yes,None,High
S4131,Yes,Bachelor's,Low
S4132,Yes,PhD,Medium
S4133,Yes,,Medium
S4134,Yes,None,Medium
S4135,Yes,,Low
S4136,Yes,PhD,Low
S4137,Yes,Master's,Low
S4138,Yes,Master's,Medium
S4139,Yes,PhD,Medium
S4140,Yes,Bachelor's,Low
S4141,Yes,PhD,Medium
S4142,Yes,None,High
S4143,Yes,,Low
S4144,Yes,PhD,Medium
S4145,Yes,,Low
S4146,Yes,,High
S4147,Yes,,High
S4148,Yes,Bachelor's,Low
S4149,Yes,Master's,Medium
S4150,Yes,Bachelor's,Low
S4151,Yes,None,High
S4152,Yes,Master's,Medium
S4153,Yes,,Medium
S4154,No,None,Medium
S4155,Yes,High School,Low
S4156,No,Bachelor's,Low
S4157,Yes,None,Low
S4158,Yes,Bachelor's,Medium
S4159,Yes,Bachelor's,Medium
S4160,Yes,High School,High
S4161,Yes,Bachelor's,Medium
S4162,No,None,Medium
S4163,Yes,Bachelor's,Low
S4164,Yes,Bachelor's,Medium
S4165,Yes,High School,Low
S4166,Yes,Bachelor's,Low
S4167,Yes,Master's,Medium
S4168,Yes,PhD,Low
S4169,Yes,Master's,Medium
S4170,Yes,High School,High
S4171,Yes,Bachelor's,Medium
S4172,No,None,Low
S4173,Yes,Bachelor's,Medium
S4174,Yes,Bachelor's,High
S4175,Yes,,Medium
S4176,Yes,Bachelor's,High
S4177,Yes,None,Low
S4178,Yes,,Medium
S4179,Yes,,Low
S4180,Yes,PhD,Medium
S4181,Yes,Bachelor's,Medium
S4182,Yes,None,Medium
S4183,Yes,Bachelor's,Medium
S4184,Yes,,Medium
S4185,Yes,High School,High
S4186,Yes,High School,Low
S4187,Yes,None,Medium
S4188,Yes,,Low
S4189,Yes,None,Low
S4190,Yes,,Low
S4191,Yes,None,Medium
S4192,No,PhD,Medium
S4193,Yes,Bachelor's,Low
S4194,Yes,,High
S4195,Yes,High School,Low
S4196,Yes,Master's,High
S4197,Yes,PhD,Low
S4198,Yes,Master's,Medium
S4199,No,PhD,Medium
S4200,Yes,,Medium
S4201,Yes,,Medium
S4202,Yes,None,Medium
S4203,Yes,High School,Medium
S4204,Yes,Master's,High
S4205,Yes,Master's,Low
S4206,Yes,None,Low
S4207,Yes,Master's,High
S4208,Yes,,Low
S4209,Yes,High School,Low
S4210,Yes,Master's,Low
S4211,Yes,High School,Medium
S4212,Yes,High School,Medium
S4213,Yes,,Low
S4214,No,Master's,Low
S4215,Yes,None,Medium
S4216,Yes,None,Low
S4217,Yes,PhD,Low
S4218,Yes,,Medium
S4219,Yes,PhD,Low
S4220,Yes,,Low
S4221,Yes,PhD,Medium
S4222,Yes,Bachelor's,High
S4223,Yes,,Low
S4224,Yes,,Low
S4225,Yes,PhD,Medium
S4226,Yes,Bachelor's,Low
S4227,Yes,Bachelor's,Medium
S4228,Yes,None,High
S4229,Yes,Bachelor's,Low
S4230,No,,Medium
S4231,Yes,Bachelor's,High
S4232,Yes,,High
S4233,Yes,None,Medium
S4234,Yes,None,Low
S4235,Yes,Master's,Medium
S4236,No,High School,Medium
S4237,No,Bachelor's,Medium
S4238,Yes,High School,High
S4239,Yes,Bachelor's,Medium
S4240,Yes,None,Medium
S4241,Yes,PhD,Medium
S4242,Yes,Master's,Low
S4243,Yes,Bachelor's,Low
S4244,Yes,PhD,Medium
S4245,Yes,None,Low
S4246,Yes,,Low
S4247,Yes,High School,Low
S4248,Yes,,High
S4249,Yes,High School,Medium
S4250,Yes,Bachelor's,Low
S4251,Yes,High School,High
S4252,Yes,High School,Medium
S4253,Yes,Master's,Low
S4254,Yes,Bachelor's,Medium
S4255,Yes,,Medium
S4256,Yes,Master's,Medium
S4257,Yes,Bachelor's,Low
S4258,Yes,PhD,Low
S4259,No,None,Medium
S4260,Yes,High School,Low
S4261,Yes,PhD,Medium
S4262,Yes,High School,Medium
S4263,Yes,Bachelor's,High
S4264,Yes,None,Medium
S4265,Yes,None,Low
S4266,Yes,Master's,Medium
S4267,Yes,Bachelor's,Medium
S4268,Yes,High School,High
S4269,Yes,High School,Medium
S4270,No,High School,Low
S4271,Yes,High School,Low
S4272,Yes,None,Medium
S4273,Yes,None,Low
S4274,Yes,High School,Low
S4275,Yes,,Medium
S4276,Yes,PhD,Low
S4277,Yes,Bachelor's,Low
S4278,Yes,,Low
S4279,Yes,Bachelor's,Medium
S4280,Yes,High School,Medium
S4281,Yes,Master's,Low
S4282,Yes,PhD,Low
S4283,Yes,High School,Low
S4284,Yes,High School,High
S4285,Yes,PhD,Low
S4286,Yes,High School,High
S4287,Yes,None,High
S4288,Yes,Master's,Low
S4289,Yes,None,Medium
S4290,No,,Medium
S4291,Yes,None,High
S4292,Yes,None,Medium
S4293,Yes,High School,Medium
S4294,Yes,Master's,Medium
S4295,Yes,Master's,Low
S4296,Yes,High School,Low
S4297,Yes,Master's,Medium
S4298,Yes,Master's,Low
S4299,Yes,High School,Low
S4300,Yes,Bachelor's,Medium
S4301,Yes,PhD,High
S4302,Yes,None,High
S4303,Yes,Master's,High
S4304,Yes,PhD,Medium
S4305,No,High School,High
S4306,Yes,Master's,Medium
S4307,Yes,PhD,Medium
S4308,Yes,None,Low
S4309,Yes,PhD,High
S4310,Yes,Bachelor's,Medium
S4311,Yes,Master's,Medium
S4312,Yes,,Low
S4313,Yes,None,Medium
S4314,Yes,None,High
S4315,Yes,Bachelor's,Medium
S4316,Yes,PhD,High
S4317,Yes,None,Low
S4318,No,,Low
S4319,Yes,Master's,Low
S4320,Yes,Master's,Low
S4321,Yes,High School,Low
S4322,Yes,Bachelor's,Medium
S4323,Yes,None,Low
S4324,Yes,Bachelor's,High
S4325,No,Bachelor's,High
S4326,Yes,,Low
S4327,Yes,High School,Medium
S4328,Yes,Bachelor's,Medium
S4329,Yes,None,Low
S4330,Yes,,High
S4331,Yes,Master's,Low
S4332,Yes,,Medium
S4333,Yes,PhD,Low
S4334,Yes,None,High
S4335,Yes,,Medium
S4336,Yes,PhD,High
S4337,Yes,Master's,Low
S4338,Yes,,Low
S4339,Yes,,Low
S4340,Yes,None,High
S4341,Yes,None,Low
S4342,No,Master's,Low
S4343,Yes,High School,Medium
S4344,Yes,,Low
S4345,No,PhD,High
S4346,Yes,Master's,Low
S4347,Yes,Master's,Medium
S4348,Yes,PhD,Medium
S4349,Yes,High School,Low
S4350,Yes,,Low
S4351,No,,Medium
S4352,Yes,,Low
S4353,Yes,Master's,Low
S4354,Yes,Master's,Low
S4355,Yes,Master's,Medium
S4356,Yes,,Low
S4357,Yes,Bachelor's,High
S4358,Yes,Bachelor's,Low
S4359,Yes,None,High
S4360,Yes,Bachelor's,Medium
S4361,Yes,Bachelor's,Medium
S4362,Yes,High School,Low
S4363,Yes,Master's,Low
S4364,Yes,PhD,Medium
S4365,No,High School,Medium
S4366,Yes,,Medium
S4367,No,High School,Low
S4368,No,,Medium
S4369,Yes,,Medium
S4370,Yes,,Low
S4371,Yes,Bachelor's,High
S4372,Yes,None,High
S4373,Yes,Bachelor's,Low
S4374,Yes,,Medium
S4375,Yes,,Medium
S4376,Yes,PhD,Low
S4377,Yes,PhD,Medium
S4378,Yes,High School,Low
S4379,Yes,High School,Low
S4380,Yes,High School,High
S4381,Yes,High School,Medium
S4382,Yes,None,Low
S4383,Yes,Bachelor's,Medium
S4384,Yes,None,High
S4385,Yes,High School,Low
S4386,Yes,Master's,Medium
S4387,Yes,PhD,High
S4388,Yes,High School,High
S4389,Yes,High School,Medium
S4390,No,PhD,High
S4391,Yes,PhD,Low
S4392,Yes,Bachelor's,Low
S4393,Yes,None,Low
S4394,Yes,,Low
S4395,Yes,None,Low
S4396,Yes,,High
S4397,Yes,Master's,High
S4398,Yes,Master's,Low
S4399,Yes,Bachelor's,High
S4400,Yes,Bachelor's,Medium
S4401,Yes,Bachelor's,Low
S4402,Yes,Master's,Medium
S4403,Yes,PhD,Medium
S4404,No,,Low
S4405,Yes,PhD,High
S4406,Yes,High School,Medium
S4407,No,None,Medium
S4408,Yes,,High
S4409,Yes,,High
S4410,Yes,Bachelor's,Low
S4411,Yes,PhD,Low
S4412,Yes,,Low
S4413,Yes,High School,Low
S4414,No,PhD,High
S4415,Yes,None,High
S4416,Yes,None,Low
S4417,No,High School,High
S4418,No,High School,Low
S4419,Yes,None,Medium
S4420,Yes,Master's,Low
S4421,No,,Low
S4422,Yes,Bachelor's,Medium
S4423,No,,Medium
S4424,Yes,None,Low
S4425,Yes,PhD,High
S4426,Yes,,High
S4427,Yes,,Low
S4428,Yes,None,Medium
S4429,Yes,Master's,Low
S4430,Yes,Master's,Low
S4431,Yes,High School,High
S4432,Yes,,Low
S4433,Yes,None,High
S4434,No,Bachelor's,Medium
S4435,Yes,,Low
S4436,Yes,Bachelor's,High
S4437,Yes,Master's,Medium
S4438,No,Master's,Medium
S4439,Yes,None,Medium
S4440,Yes,None,Low
S4441,Yes,Master's,Medium
S4442,Yes,Bachelor's,Low
S4443,Yes,Bachelor's,Medium
S4444,No,Master's,Medium
S4445,Yes,PhD,Low
S4446,Yes,PhD,Medium
S4447,Yes,,High
S4448,Yes,PhD,Medium
S4449,Yes,High School,Low
S4450,Yes,None,Medium
S4451,Yes,None,Medium
S4452,Yes,PhD,Medium
S4453,Yes,Master's,Medium
S4454,Yes,High School,Medium
S4455,Yes,PhD,Medium
S4456,Yes,,High
S4457,Yes,Master's,Medium
S4458,Yes,Bachelor's,Medium
S4459,Yes,,Medium
S4460,Yes,High School,Low
S4461,Yes,Bachelor's,Low
S4462,Yes,Master's,Low
S4463,Yes,Master's,High
S4464,No,,Medium
S4465,Yes,None,Low
S4466,Yes,Bachelor's,Medium
S4467,Yes,,Low
S4468,Yes,High School,Low
S4469,Yes,High School,Medium
S4470,Yes,High School,Medium
S4471,Yes,None,High
S4472,Yes,Bachelor's,Low
S4473,Yes,,Medium
S4474,Yes,Master's,Medium
S4475,Yes,Master's,High
S4476,Yes,High School,Medium
S4477,Yes,Bachelor's,Low
S4478,Yes,PhD,Low
S4479,Yes,Master's,Low
S4480,Yes,,High
S4481,Yes,PhD,Medium
S4482,Yes,Master's,Low
S4483,Yes,PhD,Medium
S4484,Yes,PhD,Low
S4485,Yes,,Medium
S4486,Yes,,Low
S4487,Yes,Bachelor's,High
S4488,Yes,,High
S4489,Yes,None,High
S4490,Yes,PhD,Low
S4491,Yes,None,High
S4492,Yes,,Low
S4493,Yes,Bachelor's,High
S4494,Yes,Bachelor's,Low
S4495,Yes,,Low
S4496,Yes,,High
S4497,Yes,Bachelor's,Low
S4498,Yes,Bachelor's,Medium
S4499,Yes,None,Low
S4500,No,Bachelor's,Medium
S4501,Yes,Master's,Medium
S4502,Yes,Bachelor's,Medium
S4503,Yes,PhD,Low
S4504,Yes,PhD,High
S4505,Yes,High School,Medium
S4506,Yes,High School,Low
S4507,Yes,,Low
S4508,Yes,PhD,High
S4509,Yes,High School,Low
S4510,Yes,None,High
S4511,Yes,High School,High
S4512,Yes,Bachelor's,Low
S4513,Yes,Master's,High
S4514,Yes,High School,Low
S4515,Yes,,Low
S4516,Yes,Master's,Medium
S4517,Yes,High School,Medium
S4518,Yes,PhD,Low
S4519,Yes,Master's,Medium
S4520,Yes,Bachelor's,Low
S4521,Yes,PhD,Low
S4522,Yes,,Medium
S4523,Yes,,Medium
S4524,Yes,Bachelor's,Low
S4525,Yes,None,Medium
S4526,Yes,Bachelor's,Low
S4527,Yes,Bachelor's,Medium
S4528,Yes,PhD,Low
S4529,Yes,Bachelor's,Medium
S4530,No,,High
S4531,Yes,Bachelor's,Medium
S4532,Yes,High School,Low
S4533,Yes,None,High
S4534,Yes,None,Low
S4535,Yes,Bachelor's,Low
S4536,Yes,,Medium
S4537,Yes,PhD,Low
S4538,No,None,High
S4539,Yes,High School,Medium
S4540,Yes,Bachelor's,Low
S4541,Yes,None,Low
S4542,No,High School,High
S4543,Yes,None,High
S4544,Yes,High School,High
S4545,Yes,Bachelor's,Low
S4546,Yes,High School,Medium
S4547,Yes,None,Low
S4548,Yes,High School,Low
S4549,Yes,Bachelor's,Medium
S4550,No,High School,Medium
S4551,Yes,PhD,Low
S4552,Yes,,Medium
S4553,Yes,High School,High
S4554,Yes,PhD,Low
S4555,No,PhD,Medium
S4556,No,Master's,Medium
S4557,Yes,High School,High
S4558,Yes,,Medium
S4559,Yes,PhD,Medium
S4560,No,,Medium
S4561,Yes,High School,Medium
S4562,No,,Medium
S4563,Yes,None,Low
S4564,Yes,Bachelor's,Medium
S4565,Yes,Master's,High
S4566,Yes,High School,Medium
S4567,Yes,None,High
S4568,Yes,Bachelor's,Low
S4569,Yes,PhD,Medium
S4570,Yes,Master's,Low
S4571,Yes,Bachelor's,Low
S4572,Yes,,Medium
S4573,Yes,,High
S4574,Yes,,Low
S4575,Yes,PhD,High
S4576,Yes,Bachelor's,High
S4577,Yes,Master's,High
S4578,Yes,,Low
S4579,Yes,High School,Medium
S4580,Yes,Bachelor's,Low
S4581,Yes,High School,Low
S4582,No,None,Low
S4583,Yes,,High
S4584,Yes,Master's,Medium
S4585,Yes,Bachelor's,Low
S4586,Yes,None,High
S4587,Yes,High School,Low
S4588,Yes,High School,High
S4589,Yes,None,Low
S4590,Yes,High School,Medium
S4591,No,PhD,Medium
S4592,Yes,High School,Medium
S4593,Yes,Master's,Medium
S4594,Yes,PhD,Low
S4595,Yes,Bachelor's,Low
S4596,No,PhD,High
S4597,Yes,Bachelor's,Medium
S4598,Yes,Bachelor's,High
S4599,Yes,PhD,Medium
S4600,Yes,Master's,Medium
S4601,Yes,High School,High
S4602,Yes,PhD,Medium
S4603,Yes,Bachelor's,Medium
S4604,Yes,PhD,High
S4605,No,Bachelor's,Low
S4606,Yes,,High
S4607,Yes,None,Low
S4608,Yes,Master's,Medium
S4609,Yes,Master's,High
S4610,Yes,Bachelor's,Medium
S4611,Yes,Bachelor's,Low
S4612,Yes,,Low
S4613,Yes,,Medium
S4614,Yes,,Medium
S4615,Yes,Master's,Medium
S4616,Yes,Bachelor's,Medium
S4617,Yes,High School,High
S4618,Yes,None,Low
S4619,No,None,Low
S4620,Yes,High School,Low
S4621,Yes,,Low
S4622,Yes,High School,Medium
S4623,Yes,None,Low
S4624,Yes,Master's,Medium
S4625,No,Bachelor's,Low
S4626,Yes,Bachelor's,Medium
S4627,Yes,PhD,Medium
S4628,Yes,,High
S4629,No,PhD,Medium
S4630,Yes,PhD,Medium
S4631,Yes,,Low
S4632,Yes,PhD,Low
S4633,Yes,,Low
S4634,Yes,PhD,High
S4635,Yes,PhD,High
S4636,Yes,PhD,Low
S4637,Yes,High School,High
S4638,Yes,PhD,Medium
S4639,Yes,,High
S4640,Yes,High School,Medium
S4641,No,High School,Low
S4642,Yes,Bachelor's,Low
S4643,Yes,High School,Medium
S4644,Yes,Bachelor's,Medium
S4645,Yes,High School,High
S4646,Yes,High School,Medium
S4647,No,High School,Medium
S4648,Yes,Master's,Medium
S4649,Yes,Bachelor's,Low
S4650,Yes,,High
S4651,Yes,,Low
S4652,Yes,,Medium
S4653,Yes,High School,Low
S4654,Yes,None,Low
S4655,Yes,Bachelor's,Medium
S4656,Yes,Bachelor's,Medium
S4657,Yes,None,Low
S4658,Yes,None,Medium
S4659,Yes,None,Low
S4660,Yes,Master's,High
S4661,Yes,High School,Medium
S4662,Yes,High School,Low
S4663,Yes,None,Low
S4664,Yes,PhD,Low
S4665,Yes,High School,Low
S4666,Yes,PhD,Medium
S4667,Yes,High School,Low
S4668,Yes,PhD,Medium
S4669,Yes,Master's,Low
S4670,Yes,High School,Medium
S4671,Yes,,Medium
S4672,Yes,Bachelor's,Medium
S4673,Yes,High School,High
S4674,Yes,,Low
S4675,Yes,None,Low
S4676,Yes,Bachelor's,High
S4677,Yes,None,Low
S4678,Yes,High School,High
S4679,Yes,Bachelor's,Low
S4680,Yes,,Medium
S4681,Yes,Bachelor's,Medium
S4682,Yes,None,High
S4683,No,Bachelor's,Medium
S4684,Yes,,Low
S4685,Yes,,Medium
S4686,Yes,High School,Low
S4687,Yes,High School,Low
S4688,Yes,Bachelor's,Low
S4689,No,None,Low
S4690,Yes,PhD,Medium
S4691,Yes,High School,High
S4692,Yes,Bachelor's,Medium
S4693,Yes,High School,Medium
S4694,Yes,PhD,Medium
S4695,Yes,High School,High
S4696,No,Master's,Low
S4697,Yes,,Medium
S4698,Yes,None,Low
S4699,Yes,PhD,Medium
S4700,Yes,,Low
S4701,Yes,None,Low
S4702,Yes,High School,Low
S4703,No,,High
S4704,Yes,,Low
S4705,Yes,High School,Medium
S4706,Yes,,High
S4707,Yes,None,Low
S4708,Yes,Bachelor's,Medium
S4709,Yes,High School,Low
S4710,Yes,High School,Medium
S4711,Yes,Bachelor's,High
S4712,Yes,Bachelor's,Low
S4713,Yes,Bachelor's,Low
S4714,Yes,None,Low
S4715,Yes,Bachelor's,Medium
S4716,Yes,Master's,Medium
S4717,Yes,None,High
S4718,Yes,Bachelor's,Low
S4719,Yes,Bachelor's,Low
S4720,Yes,Master's,Low
S4721,Yes,PhD,High
S4722,Yes,,Low
S4723,Yes,,Low
S4724,Yes,Bachelor's,Medium
S4725,Yes,None,Low
S4726,Yes,None,Low
S4727,Yes,Bachelor's,Low
S4728,Yes,None,High
S4729,No,High School,Low
S4730,Yes,Bachelor's,Low
S4731,Yes,High School,Medium
S4732,Yes,Master's,Low
S4733,Yes,PhD,Medium
S4734,Yes,Master's,Medium
S4735,No,,Low
S4736,Yes,PhD,Medium
S4737,Yes,Bachelor's,High
S4738,No,PhD,High
S4739,Yes,,High
S4740,No,PhD,High
S4741,Yes,High School,High
S4742,Yes,None,Low
S4743,Yes,Bachelor's,Medium
S4744,No,Master's,Low
S4745,Yes,Master's,Medium
S4746,Yes,Bachelor's,High
S4747,No,,Low
S4748,Yes,Bachelor's,Low
S4749,Yes,PhD,High
S4750,Yes,None,Medium
S4751,Yes,High School,Low
S4752,Yes,None,Low
S4753,No,Master's,Medium
S4754,Yes,None,Medium
S4755,Yes,,Medium
S4756,Yes,Bachelor's,Medium
S4757,Yes,Master's,Low
S4758,Yes,None,Medium
S4759,Yes,PhD,High
S4760,Yes,,Medium
S4761,Yes,Bachelor's,Low
S4762,Yes,High School,Medium
S4763,Yes,High School,Low
S4764,Yes,High School,Medium
S4765,Yes,PhD,Low
S4766,Yes,None,Medium
S4767,Yes,Master's,Medium
S4768,Yes,None,Medium
S4769,Yes,High School,High
S4770,Yes,,Low
S4771,Yes,,Low
S4772,No,None,Medium
S4773,Yes,High School,High
S4774,Yes,Master's,High
S4775,Yes,Bachelor's,Low
S4776,Yes,,Low
S4777,Yes,Bachelor's,Medium
S4778,Yes,None,Medium
S4779,Yes,PhD,High
S4780,Yes,,Medium
S4781,No,PhD,High
S4782,Yes,Master's,Medium
S4783,Yes,PhD,Low
S4784,Yes,Master's,High
S4785,Yes,High School,Low
S4786,Yes,,Low
S4787,Yes,Master's,High
S4788,Yes,None,High
S4789,Yes,None,Low
S4790,Yes,Master's,Low
S4791,Yes,Master's,Medium
S4792,Yes,PhD,Medium
S4793,Yes,High School,Medium
S4794,Yes,,High
S4795,Yes,Bachelor's,High
S4796,Yes,PhD,High
S4797,No,PhD,Low
S4798,Yes,None,Low
S4799,Yes,,Medium
S4800,Yes,Master's,Medium
S4801,Yes,Bachelor's,Low
S4802,Yes,None,Low
S4803,Yes,PhD,Low
S4804,Yes,Bachelor's,Medium
S4805,No,PhD,Low
S4806,Yes,,Medium
S4807,Yes,PhD,Medium
S4808,Yes,,Medium
S4809,No,PhD,Medium
S4810,No,High School,Medium
S4811,Yes,None,Low
S4812,Yes,PhD,Medium
S4813,Yes,,Low
S4814,Yes,,Medium
S4815,Yes,High School,Low
S4816,Yes,,Low
S4817,Yes,Bachelor's,Low
S4818,Yes,PhD,Low
S4819,Yes,,Medium
S4820,No,PhD,Medium
S4821,Yes,,Medium
S4822,Yes,Bachelor's,Medium
S4823,Yes,None,Medium
S4824,Yes,High School,Low
S4825,Yes,High School,Low
S4826,Yes,Master's,Medium
S4827,Yes,PhD,Low
S4828,Yes,High School,Medium
S4829,Yes,Master's,Medium
S4830,Yes,Bachelor's,Low
S4831,Yes,,Medium
S4832,Yes,,Low
S4833,Yes,Master's,Medium
S4834,Yes,PhD,Low
S4835,Yes,Bachelor's,Low
S4836,Yes,Bachelor's,High
S4837,Yes,Bachelor's,Medium
S4838,Yes,Master's,Low
S4839,Yes,PhD,Medium
S4840,Yes,High School,Low
S4841,Yes,PhD,Low
S4842,Yes,Master's,High
S4843,Yes,Bachelor's,Medium
S4844,Yes,None,Low
S4845,Yes,High School,High
S4846,Yes,PhD,Low
S4847,Yes,,Low
S4848,Yes,,Low
S4849,No,,Low
S4850,Yes,None,Low
S4851,Yes,,Medium
S4852,Yes,PhD,Medium
S4853,Yes,Bachelor's,Medium
S4854,Yes,High School,Medium
S4855,Yes,,Medium
S4856,Yes,Master's,Medium
S4857,Yes,Bachelor's,High
S4858,Yes,,Low
S4859,Yes,PhD,High
S4860,No,,Low
S4861,Yes,None,Low
S4862,Yes,None,Low
S4863,Yes,None,Medium
S4864,Yes,PhD,High
S4865,Yes,,Low
S4866,Yes,Bachelor's,Medium
S4867,Yes,PhD,Low
S4868,Yes,Bachelor's,Medium
S4869,Yes,High School,Medium
S4870,Yes,,Medium
S4871,Yes,,High
S4872,No,PhD,Low
S4873,Yes,Bachelor's,High
S4874,Yes,,Medium
S4875,Yes,Bachelor's,High
S4876,Yes,Master's,Low
S4877,Yes,High School,High
S4878,Yes,Master's,Low
S4879,Yes,Bachelor's,Medium
S4880,Yes,PhD,High
S4881,No,Bachelor's,High
S4882,No,PhD,Medium
S4883,Yes,None,Low
S4884,Yes,,Medium
S4885,Yes,Bachelor's,Medium
S4886,Yes,,Medium
S4887,Yes,Bachelor's,High
S4888,Yes,,Low
S4889,Yes,High School,Medium
S4890,Yes,Master's,Medium
S4891,Yes,None,Low
S4892,Yes,,Low
S4893,Yes,Master's,Medium
S4894,Yes,PhD,Low
S4895,Yes,Master's,Medium
S4896,Yes,Master's,High
S4897,Yes,High School,Low
S4898,Yes,Bachelor's,Medium
S4899,Yes,High School,Medium
S4900,Yes,,Medium
S4901,Yes,Master's,Medium
S4902,Yes,High School,High
S4903,Yes,None,High
S4904,Yes,Master's,Medium
S4905,Yes,,Medium
S4906,Yes,PhD,Medium
S4907,Yes,Bachelor's,Medium
S4908,No,,Low
S4909,Yes,Master's,Low
S4910,Yes,,Low
S4911,Yes,None,Medium
S4912,Yes,PhD,Low
S4913,Yes,,Medium
S4914,Yes,High School,Low
S4915,Yes,None,Medium
S4916,Yes,PhD,Medium
S4917,No,,Medium
S4918,Yes,None,Medium
S4919,Yes,,High
S4920,Yes,,High
S4921,Yes,PhD,Medium
S4922,Yes,Master's,Low
S4923,Yes,PhD,Low
S4924,Yes,,Low
S4925,Yes,None,Medium
S4926,Yes,Bachelor's,Medium
S4927,No,High School,Medium
S4928,Yes,Master's,Low
S4929,Yes,PhD,Low
S4930,Yes,PhD,Medium
S4931,Yes,,Low
S4932,No,PhD,Low
S4933,Yes,PhD,Low
S4934,Yes,,Medium
S4935,Yes,,Medium
S4936,Yes,Master's,Low
S4937,Yes,High School,Low
S4938,Yes,Bachelor's,Medium
S4939,Yes,None,High
S4940,Yes,Bachelor's,High
S4941,Yes,,Low
S4942,Yes,Master's,Low
S4943,Yes,Master's,Medium
S4944,Yes,,Medium
S4945,Yes,None,Low
S4946,No,Master's,Medium
S4947,Yes,Master's,Low
S4948,Yes,Bachelor's,Low
S4949,No,Bachelor's,Medium
S4950,Yes,None,Medium
S4951,Yes,None,Medium
S4952,Yes,Bachelor's,High
S4953,Yes,None,Low
S4954,Yes,High School,Medium
S4955,Yes,Bachelor's,Low
S4956,Yes,PhD,Low
S4957,Yes,None,Medium
S4958,Yes,Bachelor's,Low
S4959,Yes,PhD,Medium
S4960,Yes,High School,Low
S4961,Yes,High School,Medium
S4962,Yes,Master's,Low
S4963,Yes,PhD,Low
S4964,Yes,PhD,Medium
S4965,Yes,PhD,Low
S4966,Yes,,Medium
S4967,Yes,,Low
S4968,Yes,High School,Low
S4969,Yes,Bachelor's,Medium
S4970,Yes,PhD,Medium
S4971,Yes,,High
S4972,Yes,Master's,Medium
S4973,Yes,Master's,Low
S4974,Yes,PhD,Low
S4975,Yes,,Low
S4976,No,Master's,Low
S4977,Yes,PhD,Medium
S4978,Yes,Bachelor's,Low
S4979,No,Master's,Medium
S4980,Yes,None,Low
S4981,No,Bachelor's,High
S4982,Yes,PhD,Medium
S4983,Yes,Master's,High
S4984,Yes,Master's,High
S4985,Yes,,Medium
S4986,Yes,PhD,Low
S4987,Yes,,Low
S4988,Yes,PhD,Low
S4989,Yes,Master's,Medium
S4990,Yes,Master's,Medium
S4991,Yes,None,Medium
S4992,Yes,Bachelor's,Low
S4993,Yes,PhD,Medium
S4994,Yes,PhD,Low
S4995,Yes,PhD,High
S4996,Yes,High School,Low
S4997,Yes,None,Low
S4998,Yes,Bachelor's,Medium
S4999,No,PhD,Medium
S5000,No,,Low
S5001,Yes,Bachelor's,High
S5002,Yes,Bachelor's,Low
S5003,Yes,Master's,Low
S5004,Yes,,Low
S5005,Yes,PhD,Medium
S5006,Yes,PhD,Low
S5007,Yes,None,Low
S5008,Yes,High School,Medium
S5009,Yes,High School,High
S5010,No,High School,Low
S5011,Yes,High School,Low
S5012,Yes,Master's,Medium
S5013,Yes,None,Medium
S5014,Yes,None,High
S5015,Yes,Master's,Medium
S5016,Yes,PhD,Medium
S5017,Yes,Master's,Medium
S5018,Yes,High School,Medium
S5019,Yes,None,High
S5020,Yes,Master's,Low
S5021,Yes,High School,Low
S5022,Yes,High School,Low
S5023,Yes,Bachelor's,High
S5024,Yes,PhD,Medium
S5025,Yes,PhD,Low
S5026,No,PhD,Low
S5027,Yes,None,Low
S5028,Yes,,Medium
S5029,Yes,,Medium
S5030,Yes,None,Low
S5031,Yes,High School,High
S5032,No,PhD,Medium
S5033,Yes,None,Medium
S5034,Yes,PhD,Medium
S5035,Yes,High School,Medium
S5036,Yes,None,Medium
S5037,Yes,,Low
S5038,Yes,Master's,Low
S5039,Yes,None,Medium
S5040,Yes,,Medium
S5041,Yes,Bachelor's,High
S5042,Yes,High School,Low
S5043,Yes,Master's,Medium
S5044,Yes,High School,Low
S5045,Yes,,High
S5046,No,None,Medium
S5047,Yes,Master's,Medium
S5048,Yes,High School,Low
S5049,Yes,,Low
S5050,Yes,,Medium
S5051,Yes,Bachelor's,Medium
S5052,Yes,High School,High
S5053,Yes,PhD,Medium
S5054,Yes,High School,Low
S5055,Yes,High School,Medium
S5056,Yes,PhD,High
S5057,Yes,Bachelor's,High
S5058,Yes,,Medium
S5059,Yes,PhD,Low
S5060,Yes,Bachelor's,Medium
S5061,Yes,Master's,Medium
S5062,Yes,Master's,Medium
S5063,Yes,None,Low
S5064,Yes,PhD,Low
S5065,Yes,Master's,Medium
S5066,Yes,High School,Medium
S5067,Yes,Bachelor's,Low
S5068,Yes,Master's,Low
S5069,Yes,Master's,Medium
S5070,Yes,PhD,Medium
S5071,No,High School,Medium
S5072,Yes,Master's,Low
S5073,Yes,High School,Medium
S5074,Yes,Bachelor's,High
S5075,Yes,Bachelor's,Low
S5076,Yes,Bachelor's,Low
S5077,Yes,None,High
S5078,Yes,PhD,Medium
S5079,No,Bachelor's,Medium
S5080,Yes,None,Medium
S5081,Yes,None,Low
S5082,Yes,PhD,Low
S5083,Yes,Bachelor's,Low
S5084,Yes,PhD,Low
S5085,Yes,PhD,Low
S5086,Yes,,High
S5087,No,PhD,Low
S5088,Yes,,Low
S5089,No,Bachelor's,Low
S5090,Yes,PhD,Low
S5091,Yes,None,Low
S5092,Yes,Bachelor's,Low
S5093,Yes,High School,Medium
S5094,Yes,None,Medium
S5095,Yes,High School,Low
S5096,Yes,High School,Medium
S5097,Yes,Master's,Low
S5098,Yes,High School,Medium
S5099,Yes,,Low
S5100,Yes,PhD,Medium
S5101,Yes,,Medium
S5102,Yes,,Low
S5103,Yes,,Low
S5104,Yes,,Low
S5105,Yes,,Medium
S5106,Yes,High School,High
S5107,Yes,High School,High
S5108,Yes,None,Medium
S5109,Yes,None,High
S5110,No,Bachelor's,High
S5111,Yes,Bachelor's,Medium
S5112,Yes,Bachelor's,Low
S5113,Yes,High School,High
S5114,Yes,None,Low
S5115,Yes,,Medium
S5116,Yes,,Medium
S5117,Yes,,High
S5118,Yes,Bachelor's,Medium
S5119,Yes,Bachelor's,Low
S5120,Yes,None,Low
S5121,No,PhD,Low
S5122,Yes,PhD,Medium
S5123,Yes,Bachelor's,Low
S5124,Yes,,Medium
S5125,No,PhD,Medium
S5126,Yes,Bachelor's,Medium
S5127,Yes,,Low
S5128,No,,Medium
S5129,Yes,,Medium
S5130,No,Master's,Medium
S5131,Yes,PhD,High
S5132,No,High School,Low
S5133,Yes,High School,Low
S5134,Yes,High School,Medium
S5135,Yes,High School,High
S5136,Yes,Master's,Low
S5137,Yes,None,Medium
S5138,Yes,,Low
S5139,Yes,High School,Low
S5140,Yes,,High
S5141,Yes,PhD,Medium
S5142,Yes,PhD,Medium
S5143,Yes,,Medium
S5144,Yes,PhD,Medium
S5145,Yes,Bachelor's,Low
S5146,Yes,,High
S5147,Yes,PhD,Medium
S5148,Yes,Master's,Low
S5149,Yes,Bachelor's,Low
S5150,Yes,None,Low
S5151,Yes,High School,Low
S5152,Yes,PhD,Low
S5153,Yes,None,Low
S5154,Yes,None,Medium
S5155,No,High School,High
S5156,Yes,None,Medium
S5157,Yes,PhD,Medium
S5158,Yes,Bachelor's,Low
S5159,No,PhD,Low
S5160,Yes,Master's,Low
S5161,Yes,,High
S5162,No,High School,High
S5163,Yes,Master's,Medium
S5164,Yes,None,Low
S5165,Yes,None,Medium
S5166,No,Bachelor's,Medium
S5167,No,High School,High
S5168,Yes,PhD,Medium
S5169,Yes,None,Medium
S5170,Yes,Master's,Medium
S5171,Yes,,Medium
S5172,Yes,PhD,Medium
S5173,Yes,Master's,Medium
S5174,Yes,High School,High
S5175,Yes,Bachelor's,Low
S5176,Yes,Master's,High
S5177,Yes,,Medium
S5178,Yes,PhD,Medium
S5179,Yes,None,High
S5180,Yes,High School,High
S5181,Yes,Master's,Medium
S5182,Yes,PhD,High
S5183,Yes,None,Low
S5184,Yes,PhD,Medium
S5185,Yes,None,Low
S5186,Yes,Bachelor's,Low
S5187,Yes,Bachelor's,High
S5188,Yes,,Low
S5189,Yes,None,Medium
S5190,Yes,None,Low
S5191,Yes,,Medium
S5192,Yes,High School,Low
S5193,No,Bachelor's,Medium
S5194,Yes,Bachelor's,Medium
S5195,Yes,,Medium
S5196,Yes,None,High
S5197,Yes,Master's,Low
S5198,Yes,High School,Medium
S5199,Yes,None,Medium
S5200,Yes,None,Medium
S5201,Yes,Bachelor's,High
S5202,Yes,PhD,Medium
S5203,No,,High
S5204,No,None,Medium
S5205,Yes,,Medium
S5206,Yes,PhD,Low
S5207,Yes,Master's,High
S5208,Yes,Bachelor's,Low
S5209,Yes,Master's,High
S5210,Yes,High School,Medium
S5211,Yes,PhD,Medium
S5212,Yes,High School,Low
S5213,Yes,,Low
S5214,Yes,Master's,Low
S5215,Yes,,High
S5216,Yes,High School,Low
S5217,No,,Low
S5218,Yes,Master's,Low
S5219,No,PhD,High
S5220,Yes,,Medium
S5221,Yes,None,Low
S5222,Yes,Master's,Medium
S5223,No,None,Low
S5224,Yes,High School,Low
S5225,Yes,None,Medium
S5226,Yes,,Low
S5227,Yes,,Low
S5228,Yes,High School,Low
S5229,Yes,Master's,Medium
S5230,Yes,,High
S5231,Yes,Bachelor's,Medium
S5232,No,Bachelor's,Low
S5233,Yes,,Medium
S5234,Yes,,Low
S5235,Yes,High School,Medium
S5236,Yes,None,Medium
S5237,Yes,None,Medium
S5238,Yes,Master's,Low
S5239,Yes,High School,High
S5240,Yes,,Low
S5241,Yes,Master's,Low
S5242,Yes,PhD,High
S5243,Yes,Master's,High
S5244,Yes,,Low
S5245,No,Bachelor's,Medium
S5246,Yes,Bachelor's,Low
S5247,Yes,Bachelor's,High
S5248,Yes,Bachelor's,Medium
S5249,Yes,,Medium
S5250,Yes,,Low
S5251,Yes,Master's,Medium
S5252,Yes,High School,Medium
S5253,Yes,High School,Low
S5254,No,None,High
S5255,Yes,High School,Low
S5256,Yes,PhD,High
S5257,Yes,,Medium
S5258,Yes,Bachelor's,High
S5259,Yes,None,Medium
S5260,Yes,Master's,Medium
S5261,Yes,Master's,Low
S5262,Yes,Master's,Medium
S5263,Yes,Bachelor's,Low
S5264,Yes,None,Low
S5265,Yes,High School,Low
S5266,Yes,High School,Medium
S5267,Yes,Bachelor's,Medium
S5268,Yes,PhD,Low
S5269,No,,Low
S5270,Yes,PhD,Medium
S5271,Yes,High School,Low
S5272,Yes,Bachelor's,Medium
S5273,Yes,PhD,Low
S5274,Yes,,Low
S5275,No,,Low
S5276,Yes,Master's,Low
S5277,Yes,None,Low
S5278,Yes,,High
S5279,Yes,None,Medium
S5280,Yes,Bachelor's,Low
S5281,Yes,High School,Medium
S5282,Yes,Master's,Low
S5283,Yes,Master's,Medium
S5284,Yes,Bachelor's,High
S5285,Yes,None,Medium
S5286,Yes,,Medium
S5287,Yes,,Low
S5288,No,None,Medium
S5289,Yes,None,Low
S5290,Yes,High School,Medium
S5291,Yes,PhD,High
S5292,Yes,Bachelor's,Medium
S5293,Yes,Master's,High
S5294,Yes,PhD,Low
S5295,Yes,None,Medium
S5296,Yes,PhD,High
S5297,No,High School,Low
S5298,Yes,High School,High
S5299,Yes,None,Low
S5300,Yes,None,High
S5301,Yes,Bachelor's,Low
S5302,Yes,Master's,Low
S5303,Yes,,Low
S5304,No,PhD,Low
S5305,Yes,,High
S5306,Yes,None,Low
S5307,Yes,PhD,Medium
S5308,Yes,Master's,High
S5309,Yes,,High
S5310,Yes,,High
S5311,Yes,None,High
S5312,Yes,Master's,Low
S5313,Yes,Bachelor's,High
S5314,Yes,Bachelor's,Low
S5315,Yes,High School,Low
S5316,Yes,None,Low
S5317,No,,Medium
S5318,Yes,Master's,Low
S5319,Yes,Master's,Low
S5320,Yes,Bachelor's,Medium
S5321,No,None,Medium
S5322,Yes,,Low
S5323,Yes,Bachelor's,Medium
S5324,Yes,None,Low
S5325,Yes,High School,Medium
S5326,Yes,,Medium
S5327,Yes,High School,High
S5328,Yes,None,High
S5329,Yes,,Low
S5330,Yes,None,Low
S5331,No,Master's,High
S5332,Yes,Bachelor's,Medium
S5333,Yes,,Medium
S5334,Yes,None,Medium
S5335,Yes,High School,Medium
S5336,Yes,Master's,Low
S5337,Yes,Bachelor's,Medium
S5338,Yes,,High
S5339,Yes,PhD,Low
S5340,Yes,None,Low
S5341,No,High School,Medium
S5342,Yes,PhD,High
S5343,Yes,,High
S5344,Yes,Master's,Medium
S5345,Yes,High School,Medium
S5346,Yes,Master's,High
S5347,Yes,None,Low
S5348,No,Bachelor's,High
S5349,Yes,PhD,Low
S5350,Yes,High School,Medium
S5351,Yes,None,High
S5352,Yes,High School,Medium
S5353,Yes,PhD,Low
S5354,No,Bachelor's,High
S5355,Yes,,Medium
S5356,No,PhD,Low
S5357,Yes,None,Low
S5358,Yes,High School,Low
S5359,Yes,,Low
S5360,Yes,PhD,Medium
S5361,Yes,PhD,Medium
S5362,Yes,Bachelor's,High
S5363,Yes,PhD,Medium
S5364,Yes,,Low
S5365,Yes,PhD,Low
S5366,Yes,,Low
S5367,Yes,Bachelor's,High
S5368,Yes,,Low
S5369,Yes,None,Medium
S5370,Yes,,Medium
S5371,No,None,High
S5372,Yes,Master's,Low
S5373,Yes,None,Low
S5374,Yes,PhD,Low
S5375,Yes,Master's,Low
S5376,Yes,None,Medium
S5377,Yes,,Medium
S5378,Yes,Bachelor's,Medium
S5379,Yes,None,Low
S5380,Yes,None,Medium
S5381,Yes,Bachelor's,Low
S5382,Yes,Master's,High
S5383,Yes,Master's,High
S5384,Yes,,Medium
S5385,Yes,PhD,Low
S5386,Yes,PhD,High
S5387,Yes,High School,High
S5388,Yes,Bachelor's,Low
S5389,Yes,Master's,Medium
S5390,Yes,High School,Low
S5391,Yes,PhD,Low
S5392,Yes,Bachelor's,Low
S5393,Yes,PhD,Medium
S5394,Yes,,Low
S5395,Yes,PhD,Low
S5396,No,,Low
S5397,Yes,Master's,Low
S5398,Yes,Bachelor's,Medium
S5399,Yes,Master's,Medium
S5400,Yes,Bachelor's,Low
S5401,Yes,Bachelor's,Low
S5402,Yes,Master's,Medium
S5403,Yes,,High
S5404,Yes,Bachelor's,Medium
S5405,Yes,Bachelor's,Low
S5406,Yes,High School,Medium
S5407,Yes,PhD,Low
S5408,Yes,High School,Low
S5409,Yes,Bachelor's,Medium
S5410,Yes,Bachelor's,Low
S5411,Yes,,High
S5412,Yes,None,High
S5413,Yes,High School,Low
S5414,Yes,PhD,High
S5415,Yes,None,Low
S5416,Yes,Master's,Medium
S5417,Yes,Bachelor's,Medium
S5418,Yes,None,Medium
S5419,No,Master's,Low
S5420,No,,High
S5421,Yes,None,Low
S5422,Yes,Bachelor's,Medium
S5423,Yes,High School,Medium
S5424,Yes,Bachelor's,High
S5425,Yes,,Medium
S5426,Yes,PhD,Medium
S5427,Yes,Bachelor's,Low
S5428,Yes,None,Medium
S5429,Yes,Master's,Medium
S5430,Yes,Master's,Medium
S5431,Yes,PhD,Low
S5432,Yes,PhD,Low
S5433,Yes,None,Low
S5434,Yes,,Medium
S5435,Yes,PhD,High
S5436,Yes,,Medium
S5437,Yes,Bachelor's,Medium
S5438,Yes,,High
S5439,Yes,High School,Medium
S5440,Yes,PhD,Low
S5441,No,Bachelor's,Medium
S5442,Yes,,Medium
S5443,Yes,Master's,High
S5444,No,PhD,High
S5445,Yes,Master's,High
S5446,No,,Low
S5447,Yes,Master's,Low
S5448,No,PhD,Medium
S5449,Yes,,Low
S5450,Yes,High School,Medium
S5451,Yes,Bachelor's,Medium
S5452,Yes,High School,Medium
S5453,Yes,Bachelor's,Medium
S5454,Yes,High School,Medium
S5455,Yes,PhD,Medium
S5456,Yes,PhD,Medium
S5457,Yes,Master's,High
S5458,Yes,Bachelor's,High
S5459,Yes,None,Low
S5460,Yes,PhD,High
S5461,Yes,Bachelor's,Low
S5462,Yes,PhD,Medium
S5463,Yes,None,High
S5464,Yes,Bachelor's,Medium
S5465,Yes,Master's,Low
S5466,Yes,Bachelor's,Medium
S5467,Yes,,High
S5468,Yes,,Medium
S5469,Yes,PhD,High
S5470,Yes,Master's,Medium
S5471,Yes,PhD,High
S5472,Yes,None,Low
S5473,Yes,,Medium
S5474,Yes,High School,Low
S5475,Yes,None,Medium
S5476,Yes,PhD,Low
S5477,Yes,Master's,Low
S5478,Yes,PhD,High
S5479,Yes,,Medium
S5480,Yes,,Low
S5481,No,Bachelor's,Medium
S5482,Yes,High School,Medium
S5483,Yes,,Medium
S5484,Yes,,Medium
S5485,No,PhD,Medium
S5486,Yes,Bachelor's,Low
S5487,Yes,High School,Medium
S5488,Yes,,Medium
S5489,Yes,,Medium
S5490,Yes,None,High
S5491,Yes,,Medium
S5492,Yes,PhD,Low
S5493,No,PhD,Low
S5494,Yes,None,Medium
S5495,Yes,None,Medium
S5496,Yes,Bachelor's,Low
S5497,Yes,Master's,Medium
S5498,Yes,High School,Low
S5499,Yes,None,Low
S5500,Yes,Master's,Medium
S5501,Yes,None,High
S5502,Yes,None,Low
S5503,Yes,Bachelor's,Low
S5504,Yes,,Medium
S5505,Yes,Master's,Low
S5506,Yes,Bachelor's,Low
S5507,Yes,PhD,High
S5508,Yes,None,High
S5509,Yes,Bachelor's,Medium
S5510,Yes,,Low
S5511,Yes,PhD,Low
S5512,Yes,Bachelor's,Medium
S5513,Yes,High School,Medium
S5514,No,,Medium
S5515,Yes,None,Low
S5516,Yes,High School,Medium
S5517,Yes,Bachelor's,Low
S5518,Yes,PhD,High
S5519,Yes,Master's,Medium
S5520,Yes,,Low
S5521,Yes,,High
S5522,Yes,Bachelor's,High
S5523,Yes,None,Medium
S5524,Yes,None,Medium
S5525,Yes,PhD,Low
S5526,Yes,PhD,Low
S5527,Yes,High School,Medium
S5528,Yes,None,High
S5529,Yes,Master's,Medium
S5530,Yes,,Medium
S5531,Yes,None,Medium
S5532,Yes,Master's,High
S5533,Yes,,Medium
S5534,Yes,Bachelor's,Low
S5535,Yes,Bachelor's,High
S5536,No,None,Low
S5537,Yes,,Medium
S5538,Yes,Master's,High
S5539,Yes,,Medium
S5540,No,PhD,Medium
S5541,Yes,,Low
S5542,Yes,,Medium
S5543,Yes,PhD,High
S5544,Yes,None,Low
S5545,Yes,High School,Low
S5546,Yes,PhD,Low
S5547,Yes,Bachelor's,Low
S5548,Yes,Bachelor's,Medium
S5549,Yes,High School,Low
S5550,Yes,,Medium
S5551,Yes,PhD,Medium
S5552,Yes,Master's,Medium
S5553,Yes,None,Low
S5554,Yes,PhD,Medium
S5555,Yes,Master's,Medium
S5556,Yes,High School,Medium
S5557,Yes,High School,High
S5558,Yes,High School,High
S5559,Yes,,High
S5560,No,Bachelor's,High
S5561,Yes,High School,Low
S5562,Yes,Master's,Medium
S5563,Yes,Master's,Low
S5564,Yes,None,High
S5565,Yes,High School,High
S5566,Yes,Bachelor's,Low
S5567,Yes,,Medium
S5568,Yes,Bachelor's,High
S5569,Yes,Bachelor's,Medium
S5570,No,,Medium
S5571,Yes,,Low
S5572,Yes,,Medium
S5573,Yes,Bachelor's,Low
S5574,Yes,Bachelor's,Medium
S5575,Yes,,High
S5576,Yes,Master's,Medium
S5577,Yes,Master's,Medium
S5578,Yes,Bachelor's,Medium
S5579,Yes,,Low
S5580,Yes,,High
S5581,Yes,Master's,Low
S5582,Yes,PhD,Low
S5583,Yes,None,High
S5584,No,Bachelor's,Medium
S5585,Yes,PhD,Low
S5586,No,High School,Low
S5587,Yes,Bachelor's,Low
S5588,Yes,High School,High
S5589,Yes,None,Low
S5590,Yes,PhD,High
S5591,Yes,PhD,Low
S5592,No,None,Medium
S5593,Yes,,Medium
S5594,Yes,Bachelor's,Low
S5595,Yes,None,Low
S5596,Yes,,Low
S5597,Yes,High School,Medium
S5598,No,None,High
S5599,Yes,Master's,High
S5600,Yes,PhD,Low
S5601,Yes,,High
S5602,Yes,,Low
S5603,Yes,High School,High
S5604,Yes,Bachelor's,Medium
S5605,Yes,,High
S5606,Yes,,Medium
S5607,Yes,High School,Medium
S5608,Yes,Master's,Medium
S5609,Yes,High School,Medium
S5610,Yes,None,High
S5611,No,Bachelor's,Low
S5612,Yes,None,High
S5613,Yes,,High
S5614,Yes,None,Medium
S5615,Yes,,Low
S5616,Yes,Bachelor's,Low
S5617,Yes,,High
S5618,Yes,Bachelor's,Medium
S5619,Yes,Master's,High
S5620,Yes,,Low
S5621,Yes,Bachelor's,High
S5622,Yes,High School,High
S5623,Yes,Bachelor's,High
S5624,Yes,PhD,Low
S5625,Yes,Master's,Medium
S5626,Yes,Master's,Low
S5627,Yes,Bachelor's,Medium
S5628,Yes,High School,Medium
S5629,Yes,Bachelor's,Low
S5630,Yes,PhD,Low
S5631,No,PhD,Medium
S5632,No,None,Low
S5633,Yes,,Medium
S5634,Yes,Master's,Medium
S5635,Yes,PhD,Medium
S5636,Yes,PhD,Low
S5637,Yes,High School,Medium
S5638,Yes,Bachelor's,Low
S5639,No,,Low
S5640,Yes,PhD,Medium
S5641,Yes,None,Medium
S5642,Yes,Master's,Low
S5643,Yes,None,Low
S5644,Yes,PhD,Low
S5645,Yes,Bachelor's,Medium
S5646,Yes,PhD,Medium
S5647,Yes,,High
S5648,No,,Low
S5649,Yes,,Medium
S5650,No,Bachelor's,Medium
S5651,Yes,None,High
S5652,Yes,,Low
S5653,Yes,None,Low
S5654,Yes,Master's,Low
S5655,Yes,Bachelor's,Medium
S5656,Yes,PhD,High
S5657,Yes,Master's,Low
S5658,Yes,None,Low
S5659,Yes,None,Low
S5660,Yes,,Low
S5661,Yes,PhD,High
S5662,Yes,,Medium
S5663,Yes,High School,Low
S5664,Yes,Master's,Low
S5665,Yes,High School,High
S5666,Yes,PhD,Medium
S5667,Yes,Bachelor's,Medium
S5668,Yes,Master's,Medium
S5669,Yes,High School,Medium
S5670,Yes,None,Low
S5671,Yes,Master's,Low
S5672,Yes,Bachelor's,High
S5673,Yes,,Low
S5674,Yes,PhD,Medium
S5675,No,,High
S5676,Yes,None,Medium
S5677,Yes,Bachelor's,Medium
S5678,Yes,PhD,Medium
S5679,Yes,High School,Low
S5680,Yes,PhD,Medium
S5681,Yes,None,Low
S5682,Yes,None,Low
S5683,Yes,High School,Medium
S5684,Yes,Master's,Medium
S5685,Yes,,High
S5686,Yes,None,Medium
S5687,Yes,Bachelor's,Low
S5688,Yes,High School,High
S5689,Yes,High School,Low
S5690,Yes,Master's,Medium
S5691,Yes,None,Medium
S5692,Yes,,Low
S5693,Yes,PhD,Low
S5694,Yes,Bachelor's,Medium
S5695,Yes,Bachelor's,High
S5696,Yes,PhD,Medium
S5697,Yes,Bachelor's,Medium
S5698,Yes,PhD,Medium
S5699,Yes,Bachelor's,Medium
S5700,Yes,High School,Medium
S5701,Yes,Master's,Low
S5702,Yes,None,High
S5703,No,None,Medium
S5704,Yes,None,Low
S5705,Yes,None,Low
S5706,Yes,,Low
S5707,Yes,PhD,Low
S5708,Yes,High School,Low
S5709,Yes,Master's,Medium
S5710,Yes,None,Medium
S5711,Yes,Bachelor's,High
S5712,Yes,Bachelor's,Low
S5713,Yes,,Medium
S5714,Yes,,High
S5715,Yes,None,Medium
S5716,Yes,High School,Low
S5717,Yes,Bachelor's,Medium
S5718,Yes,Bachelor's,Medium
S5719,Yes,PhD,High
S5720,Yes,,Low
S5721,Yes,None,Medium
S5722,Yes,None,Medium
S5723,Yes,Bachelor's,Low
S5724,Yes,PhD,Low
S5725,Yes,Master's,Low
S5726,Yes,Bachelor's,Low
S5727,Yes,Master's,Low
S5728,Yes,Bachelor's,Medium
S5729,No,,Medium
S5730,Yes,None,High
S5731,Yes,None,Low
S5732,Yes,Master's,Low
S5733,No,,Low
S5734,Yes,None,High
S5735,Yes,,High
S5736,Yes,PhD,Low
S5737,Yes,Master's,Low
S5738,Yes,High School,High
S5739,Yes,PhD,Medium
S5740,Yes,None,Medium
S5741,Yes,Bachelor's,Medium
S5742,Yes,Bachelor's,Medium
S5743,Yes,None,Low
S5744,Yes,High School,Low
S5745,Yes,Master's,Low
S5746,Yes,None,Medium
S5747,Yes,Bachelor's,High
S5748,Yes,,Low
S5749,Yes,High School,High
S5750,Yes,,Medium
S5751,Yes,Bachelor's,Low
S5752,Yes,,Medium
S5753,Yes,None,Low
S5754,Yes,High School,Low
S5755,Yes,High School,Low
S5756,Yes,Master's,Low
S5757,Yes,Bachelor's,Medium
S5758,Yes,Bachelor's,High
S5759,Yes,High School,Medium
S5760,Yes,,Medium
S5761,Yes,High School,Medium
S5762,Yes,None,Medium
S5763,Yes,Master's,Low
S5764,Yes,Bachelor's,Low
S5765,Yes,Bachelor's,Medium
S5766,Yes,Bachelor's,Medium
S5767,Yes,Bachelor's,High
S5768,Yes,Master's,Low
S5769,Yes,High School,Medium
S5770,Yes,Bachelor's,Low
S5771,Yes,PhD,High
S5772,Yes,None,Medium
S5773,Yes,None,Medium
S5774,Yes,,Medium
S5775,Yes,None,Medium
S5776,Yes,None,Low
S5777,Yes,Master's,Medium
S5778,Yes,None,Medium
S5779,Yes,Master's,Low
S5780,Yes,,High
S5781,Yes,Master's,Low
S5782,Yes,None,Low
S5783,Yes,PhD,Low
S5784,Yes,High School,High
S5785,Yes,Master's,Low
S5786,Yes,PhD,High
S5787,Yes,High School,Medium
S5788,No,High School,Low
S5789,Yes,PhD,Medium
S5790,Yes,Bachelor's,High
S5791,Yes,Bachelor's,Medium
S5792,Yes,Master's,Low
S5793,No,,Low
S5794,Yes,Master's,Low
S5795,Yes,PhD,Low
S5796,Yes,Bachelor's,Low
S5797,Yes,Bachelor's,Medium
S5798,Yes,None,Low
S5799,No,,Medium
S5800,Yes,,Low
S5801,Yes,None,High
S5802,Yes,PhD,Medium
S5803,Yes,Master's,High
S5804,Yes,Master's,Medium
S5805,Yes,None,Low
S5806,Yes,None,High
S5807,No,Master's,Medium
S5808,Yes,High School,Low
S5809,Yes,,Medium
S5810,Yes,High School,Low
S5811,Yes,PhD,Low
S5812,Yes,PhD,High
S5813,Yes,Bachelor's,High
S5814,Yes,Bachelor's,Low
S5815,No,High School,Medium
S5816,Yes,Master's,Medium
S5817,Yes,,Medium
S5818,No,,Medium
S5819,Yes,High School,Medium
S5820,Yes,Master's,Medium
S5821,Yes,,Low
S5822,No,PhD,Medium
S5823,Yes,,Medium
S5824,Yes,None,Low
S5825,Yes,,Low
S5826,Yes,Bachelor's,Medium
S5827,Yes,Bachelor's,Low
S5828,No,Master's,High
S5829,Yes,Bachelor's,Low
S5830,Yes,Bachelor's,Medium
S5831,Yes,,High
S5832,Yes,Bachelor's,High
S5833,No,Master's,Medium
S5834,Yes,Master's,Low
S5835,Yes,PhD,Medium
S5836,No,High School,Low
S5837,Yes,High School,Low
S5838,Yes,High School,High
S5839,Yes,Master's,Low
S5840,Yes,Bachelor's,Medium
S5841,Yes,High School,Medium
S5842,Yes,Bachelor's,Low
S5843,Yes,Bachelor's,High
S5844,Yes,PhD,Low
S5845,Yes,High School,Low
S5846,Yes,Master's,Low
S5847,No,Master's,Medium
S5848,Yes,PhD,Medium
S5849,Yes,High School,High
S5850,Yes,,Medium
S5851,Yes,,Medium
S5852,Yes,Master's,Low
S5853,Yes,Master's,Medium
S5854,Yes,Master's,Medium
S5855,Yes,Bachelor's,Medium
S5856,Yes,Master's,Medium
S5857,Yes,High School,High
S5858,Yes,Bachelor's,Low
S5859,Yes,High School,Medium
S5860,Yes,,High
S5861,Yes,None,Low
S5862,Yes,Bachelor's,Low
S5863,Yes,Master's,Medium
S5864,No,Master's,High
S5865,No,Bachelor's,High
S5866,Yes,High School,Low
S5867,No,None,High
S5868,Yes,,Medium
S5869,No,Master's,Medium
S5870,Yes,None,High
S5871,No,Bachelor's,High
S5872,Yes,Bachelor's,Medium
S5873,Yes,Bachelor's,Medium
S5874,Yes,,Medium
S5875,Yes,High School,Low
S5876,Yes,PhD,Medium
S5877,No,,High
S5878,Yes,PhD,Low
S5879,Yes,High School,High
S5880,Yes,Master's,Low
S5881,Yes,PhD,Low
S5882,Yes,Bachelor's,Low
S5883,No,PhD,Medium
S5884,Yes,None,Medium
S5885,Yes,High School,Low
S5886,Yes,None,Medium
S5887,Yes,High School,Medium
S5888,Yes,High School,High
S5889,Yes,,Low
S5890,No,,Medium
S5891,Yes,High School,Low
S5892,Yes,Bachelor's,Low
S5893,Yes,None,Low
S5894,Yes,,Low
S5895,Yes,Master's,Low
S5896,Yes,High School,Low
S5897,Yes,Bachelor's,Low
S5898,Yes,High School,Medium
S5899,Yes,,Medium
S5900,Yes,,Low
S5901,Yes,PhD,Low
S5902,Yes,,Low
S5903,Yes,Master's,Medium
S5904,Yes,Master's,High
S5905,Yes,High School,Medium
S5906,No,Bachelor's,Low
S5907,Yes,PhD,Low
S5908,Yes,Master's,Low
S5909,Yes,PhD,Medium
S5910,Yes,None,Medium
S5911,Yes,High School,Medium
S5912,Yes,PhD,Medium
S5913,Yes,Master's,High
S5914,Yes,,Low
S5915,Yes,Master's,Low
S5916,Yes,Master's,High
S5917,No,Bachelor's,Medium
S5918,Yes,High School,Medium
S5919,Yes,Bachelor's,High
S5920,Yes,,High
S5921,Yes,,Medium
S5922,Yes,Master's,High
S5923,Yes,,Medium
S5924,Yes,Bachelor's,Low
S5925,Yes,PhD,High
S5926,Yes,Bachelor's,High
S5927,Yes,High School,Medium
S5928,No,,Medium
S5929,No,PhD,High
S5930,Yes,Bachelor's,Medium
S5931,Yes,None,Medium
S5932,Yes,Bachelor's,Low
S5933,Yes,PhD,Low
S5934,No,Master's,Medium
S5935,Yes,,Medium
S5936,Yes,Master's,High
S5937,Yes,Bachelor's,Low
S5938,Yes,,Medium
S5939,Yes,High School,High
S5940,Yes,None,High
S5941,No,PhD,Medium
S5942,Yes,High School,High
S5943,Yes,None,High
S5944,Yes,None,Medium
S5945,Yes,Bachelor's,High
S5946,Yes,,Medium
S5947,Yes,None,Medium
S5948,Yes,None,Low
S5949,Yes,Bachelor's,High
S5950,Yes,Bachelor's,Low
S5951,Yes,Master's,Low
S5952,Yes,,Low
S5953,Yes,Master's,Low
S5954,Yes,Master's,High
S5955,Yes,High School,High
S5956,Yes,High School,High
S5957,Yes,,Low
S5958,Yes,PhD,Low
S5959,Yes,Master's,Low
S5960,Yes,Master's,Medium
S5961,Yes,,Low
S5962,Yes,Master's,High
S5963,No,,High
S5964,Yes,High School,Low
S5965,No,None,Medium
S5966,Yes,High School,Medium
S5967,Yes,Master's,Low
S5968,Yes,,Medium
S5969,Yes,PhD,High
S5970,Yes,None,High
S5971,Yes,None,Low
S5972,Yes,None,Medium
S5973,Yes,High School,Medium
S5974,Yes,PhD,Low
S5975,Yes,Bachelor's,Low
S5976,Yes,,Medium
S5977,No,PhD,Medium
S5978,Yes,Master's,Medium
S5979,Yes,PhD,High
S5980,Yes,High School,Medium
S5981,Yes,,Medium
S5982,Yes,PhD,Low
S5983,Yes,PhD,High
S5984,Yes,,High
S5985,Yes,Bachelor's,High
S5986,Yes,,Medium
S5987,Yes,,Medium
S5988,Yes,,Low
S5989,Yes,High School,Low
S5990,Yes,,Low
S5991,Yes,,Low
S5992,No,High School,Medium
S5993,Yes,None,Low
S5994,Yes,High School,Low
S5995,Yes,High School,Low
S5996,Yes,,Medium
S5997,No,High School,Medium
S5998,Yes,Bachelor's,Low
S5999,Yes,PhD,Low
